CMD: lake env lean ProbeRenameShims.lean
START: 1789255067 Sun Sep 13 01:17:47 CEST 2026
@Mathoverflow1973.Hurewicz.CubeSubdivision.PermutationInsertion.insert : {n : ℕ} →
  Fin (n + 1) → Equiv.Perm (Fin n) → Equiv.Perm (Fin (n + 1))
@Mathoverflow1973.Hurewicz.CubeSubdivision.PermutationInsertion.insert_apply_self : ∀ {n : ℕ} (k : Fin (n + 1))
  (e : Equiv.Perm (Fin n)), (Mathoverflow1973.Hurewicz.CubeSubdivision.PermutationInsertion.insert k e) k = 0
@Mathoverflow1973.Hurewicz.CubeSubdivision.PermutationInsertion.insert_apply_succAbove : ∀ {n : ℕ} (k : Fin (n + 1))
  (e : Equiv.Perm (Fin n)) (j : Fin n),
  (Mathoverflow1973.Hurewicz.CubeSubdivision.PermutationInsertion.insert k e) (k.succAbove j) = (e j).succ
@Mathoverflow1973.Hurewicz.CubeSubdivision.PermutationInsertion.insert_bijective : ∀ {n : ℕ},
  Function.Bijective fun p => Mathoverflow1973.Hurewicz.CubeSubdivision.PermutationInsertion.insert p.1 p.2
@Mathoverflow1973.Hurewicz.CubeSubdivision.PermutationInsertion.insert_injective : ∀ {n : ℕ},
  Function.Injective fun p => Mathoverflow1973.Hurewicz.CubeSubdivision.PermutationInsertion.insert p.1 p.2
@Mathoverflow1973.Hurewicz.CubeSubdivision.PermutationInsertion.insert_symm_apply_succ : ∀ {n : ℕ} (k : Fin (n + 1))
  (e : Equiv.Perm (Fin n)) (j : Fin n),
  (Equiv.symm (Mathoverflow1973.Hurewicz.CubeSubdivision.PermutationInsertion.insert k e)) j.succ =
    k.succAbove ((Equiv.symm e) j)
@Mathoverflow1973.Hurewicz.CubeSubdivision.PermutationInsertion.insert_symm_apply_zero : ∀ {n : ℕ} (k : Fin (n + 1))
  (e : Equiv.Perm (Fin n)),
  (Equiv.symm (Mathoverflow1973.Hurewicz.CubeSubdivision.PermutationInsertion.insert k e)) 0 = k
@Mathoverflow1973.Hurewicz.CubeSubdivision.PermutationInsertion.sign_insert : ∀ {n : ℕ} (k : Fin (n + 1))
  (e : Equiv.Perm (Fin n)),
  Equiv.Perm.sign (Mathoverflow1973.Hurewicz.CubeSubdivision.PermutationInsertion.insert k e) =
    (-1) ^ ↑k * Equiv.Perm.sign e
@Mathoverflow1973.Hurewicz.CubeSubdivision.PermutationInsertion.sign_insert_int : ∀ {n : ℕ} (k : Fin (n + 1))
  (e : Equiv.Perm (Fin n)),
  ↑(Equiv.Perm.sign (Mathoverflow1973.Hurewicz.CubeSubdivision.PermutationInsertion.insert k e)) =
    (-1) ^ ↑k * ↑(Equiv.Perm.sign e)
@Mathoverflow1973.Hurewicz.CubeSubdivision.PermutationInsertion.sum_insert : ∀ {n : ℕ} {A : Type u_1}
  [inst : AddCommMonoid A] (f : Equiv.Perm (Fin (n + 1)) → A),
  ∑ k, ∑ e, f (Mathoverflow1973.Hurewicz.CubeSubdivision.PermutationInsertion.insert k e) = ∑ σ, f σ
@Mathoverflow1973.Hurewicz.CubeSubdivision.PermutationInsertion.sum_sign_insert : ∀ {n : ℕ} {A : Type u_1}
  [inst : AddCommGroup A] (f : Equiv.Perm (Fin (n + 1)) → A),
  ∑ k,
      ∑ e,
        ((-1) ^ ↑k * ↑(Equiv.Perm.sign e)) •
          f (Mathoverflow1973.Hurewicz.CubeSubdivision.PermutationInsertion.insert k e) =
    ∑ σ, ↑(Equiv.Perm.sign σ) • f σ
@Mathoverflow1973.Hurewicz.CubeSubdivision.PermutationInsertion.sum_sign_smul_insert : ∀ {n : ℕ} {A : Type u_1}
  [inst : AddCommGroup A] (f : Equiv.Perm (Fin (n + 1)) → A),
  ∑ k,
      ∑ e,
        (-1) ^ ↑k •
          ↑(Equiv.Perm.sign e) • f (Mathoverflow1973.Hurewicz.CubeSubdivision.PermutationInsertion.insert k e) =
    ∑ σ, ↑(Equiv.Perm.sign σ) • f σ
Mathoverflow1973.Hurewicz.CubeSubdivision.badPrism : (q m : ℕ) →
  Submodule ℤ (Mathoverflow1973.SingularMayerVietoris.FormalChains (Fin 2 × Fin (q + 1)) m)
@Mathoverflow1973.Hurewicz.CubeSubdivision.badPrism_le : ∀ {q m : ℕ}
  {P : Submodule ℤ (Mathoverflow1973.SingularMayerVietoris.FormalChains (Fin 2 × Fin (q + 1)) m)},
  Mathoverflow1973.SingularMayerVietoris.formalChainsSupported {z | z.1 = 0} m ≤ P →
    (∀ (i : Fin (q + 1)), i ≠ 0 → Mathoverflow1973.SingularMayerVietoris.formalChainsSupported {z | z.2 ≠ i} m ≤ P) →
      Mathoverflow1973.Hurewicz.CubeSubdivision.badPrism q m ≤ P
@Mathoverflow1973.Hurewicz.CubeSubdivision.badPrism_le_ker : ∀ {q m : ℕ} {M : Type u_1} [inst : AddCommGroup M]
  [inst_1 : Module ℤ M] (f : Mathoverflow1973.SingularMayerVietoris.FormalChains (Fin 2 × Fin (q + 1)) m →ₗ[ℤ] M),
  (∀ (v : Fin m → Fin 2 × Fin (q + 1)),
      (∀ (j : Fin m), (v j).1 = 0) → f (Mathoverflow1973.SingularMayerVietoris.formalSimplex v) = 0) →
    (∀ (i : Fin (q + 1)),
        i ≠ 0 →
          ∀ (v : Fin m → Fin 2 × Fin (q + 1)),
            (∀ (j : Fin m), (v j).2 ≠ i) → f (Mathoverflow1973.SingularMayerVietoris.formalSimplex v) = 0) →
      Mathoverflow1973.Hurewicz.CubeSubdivision.badPrism q m ≤ f.ker
@Mathoverflow1973.Hurewicz.CubeSubdivision.badPrism_le_ker_orientedPrismRealization : ∀ {X : Type}
  [inst : TopologicalSpace X] {x : X} {n : ℕ} (p : ↑(GenLoop (Fin (n + 3)) X x)) (m : ℕ),
  Mathoverflow1973.Hurewicz.CubeSubdivision.badPrism (n + 2) (m + 1) ≤
    (Mathoverflow1973.Hurewicz.CubeSubdivision.orientedPrismRealization (↑p) m).ker
Mathoverflow1973.Hurewicz.CubeSubdivision.canonicalPrismDiscrepancy : (q : ℕ) →
  Mathoverflow1973.SingularMayerVietoris.FormalChains (Fin 2 × Fin (q + 1)) (q + 2)
Mathoverflow1973.Hurewicz.CubeSubdivision.canonicalPrismDiscrepancy_mem_badPrism : ∀ (q : ℕ),
  Mathoverflow1973.Hurewicz.CubeSubdivision.canonicalPrismDiscrepancy q ∈
    Mathoverflow1973.Hurewicz.CubeSubdivision.badPrism q (q + 2)
Mathoverflow1973.Hurewicz.CubeSubdivision.canonicalPrismDiscrepancy_succ : ∀ (q : ℕ),
  Mathoverflow1973.Hurewicz.CubeSubdivision.canonicalPrismDiscrepancy (q + 1) =
    (Mathoverflow1973.SingularMayerVietoris.formalCone (0, 0) (q + 2))
      ((-Mathoverflow1973.SingularMayerVietoris.formalSimplex fun j => (0, j)) -
          (Mathoverflow1973.SingularMayerVietoris.formalMap (Prod.map (fun i => i) Fin.succ) (q + 2))
            (Mathoverflow1973.Hurewicz.CubeSubdivision.canonicalPrismDiscrepancy q) -
        ∑ i,
          (-1) ^ (↑i + 1) •
            ((Mathoverflow1973.PeriodTorusHigherHomology.formalEdgeCrossProduct q)
                (Mathoverflow1973.SingularMayerVietoris.formalSimplex fun j => j))
              (Mathoverflow1973.SingularMayerVietoris.formalSimplex i.succ.succAbove))
Mathoverflow1973.Hurewicz.CubeSubdivision.canonicalPrismDiscrepancy_zero : Mathoverflow1973.Hurewicz.CubeSubdivision.canonicalPrismDiscrepancy
    0 =
  0
@Mathoverflow1973.Hurewicz.CubeSubdivision.cubeAffineSimplex_comp : ∀ {k m n : ℕ}
  (v : Fin (n + 1) → Mathoverflow1973.Hurewicz.CubeTriangulation.CubeN k) (w : Fin (m + 1) → ↑(Simplex n)),
  (Mathoverflow1973.Hurewicz.CubeTriangulation.cubeAffineSimplex v).comp
      (Mathoverflow1973.SingularMayerVietoris.affineSimplex w) =
    Mathoverflow1973.Hurewicz.CubeTriangulation.cubeAffineSimplex fun j =>
      (Mathoverflow1973.Hurewicz.CubeTriangulation.cubeAffineSimplex v) (w j)
@Mathoverflow1973.Hurewicz.CubeSubdivision.cubeAffineSimplex_comp_selectedVertices : ∀ {k m n : ℕ}
  (v : Fin (n + 1) → Mathoverflow1973.Hurewicz.CubeTriangulation.CubeN k) (a : Fin (m + 1) → Fin (n + 1)),
  (Mathoverflow1973.Hurewicz.CubeTriangulation.cubeAffineSimplex v).comp
      (Mathoverflow1973.SingularMayerVietoris.affineSimplex fun j =>
        Mathoverflow1973.SingularMayerVietoris.stdVertices n (a j)) =
    Mathoverflow1973.Hurewicz.CubeTriangulation.cubeAffineSimplex fun j => v (a j)
Mathoverflow1973.Hurewicz.CubeSubdivision.evalLeft : (X : Type) →
  [inst : TopologicalSpace X] → C(↑unitInterval × C(↑unitInterval, X), X)
@Mathoverflow1973.Hurewicz.CubeSubdivision.formalBoundary_firstFace_split_simplex : ∀ {W : Type u_1} (q : ℕ)
  (w : Fin (q + 2) → W),
  (Mathoverflow1973.SingularMayerVietoris.formalBoundary (q + 1))
      (Mathoverflow1973.SingularMayerVietoris.formalSimplex w) =
    Mathoverflow1973.SingularMayerVietoris.formalSimplex (Fin.tail w) +
      (Mathoverflow1973.Hurewicz.CubeSubdivision.retainedFirstBoundary q)
        (Mathoverflow1973.SingularMayerVietoris.formalSimplex w)
@Mathoverflow1973.Hurewicz.CubeSubdivision.formalCone_mem_badPrism : ∀ {q m : ℕ}
  {c : Mathoverflow1973.SingularMayerVietoris.FormalChains (Fin 2 × Fin (q + 1)) m},
  c ∈ Mathoverflow1973.Hurewicz.CubeSubdivision.badPrism q m →
    (Mathoverflow1973.SingularMayerVietoris.formalCone (0, 0) m) c ∈
      Mathoverflow1973.Hurewicz.CubeSubdivision.badPrism q (m + 1)
@Mathoverflow1973.Hurewicz.CubeSubdivision.formalEdgeCrossProduct_mem_badPrism_of_omit : ∀ {q r : ℕ} (i : Fin (q + 1)),
  i ≠ 0 →
    ∀ (c : Mathoverflow1973.SingularMayerVietoris.FormalChains (Fin 2) 2)
      {d : Mathoverflow1973.SingularMayerVietoris.FormalChains (Fin (q + 1)) (r + 1)},
      d ∈ Mathoverflow1973.SingularMayerVietoris.formalChainsSupported {j | j ≠ i} (r + 1) →
        ((Mathoverflow1973.PeriodTorusHigherHomology.formalEdgeCrossProduct r) c) d ∈
          Mathoverflow1973.Hurewicz.CubeSubdivision.badPrism q (r + 2)
@Mathoverflow1973.Hurewicz.CubeSubdivision.formalMap_prismDiscrepancy : ∀ {V : Type u_1} {W : Type u_2} {V' : Type u_3}
  {W' : Type u_4} (f : V → V') (g : W → W') (q : ℕ) (v : Fin 2 → V) (w : Fin (q + 1) → W),
  (Mathoverflow1973.SingularMayerVietoris.formalMap (Prod.map f g) (q + 2))
      (Mathoverflow1973.Hurewicz.CubeSubdivision.prismDiscrepancy q v w) =
    Mathoverflow1973.Hurewicz.CubeSubdivision.prismDiscrepancy q (f ∘ v) (g ∘ w)
@Mathoverflow1973.Hurewicz.CubeSubdivision.formalMap_standardPrism : ∀ {V : Type u_1} {W : Type u_2} {V' : Type u_3}
  {W' : Type u_4} (f : V → V') (g : W → W') (q : ℕ) (v : Fin 2 → V) (w : Fin (q + 1) → W),
  (Mathoverflow1973.SingularMayerVietoris.formalMap (Prod.map f g) (q + 2))
      (Mathoverflow1973.Hurewicz.CubeSubdivision.standardPrism q v w) =
    Mathoverflow1973.Hurewicz.CubeSubdivision.standardPrism q (f ∘ v) (g ∘ w)
@Mathoverflow1973.Hurewicz.CubeSubdivision.formalMap_succ_mem_badPrism : ∀ {q m : ℕ}
  {c : Mathoverflow1973.SingularMayerVietoris.FormalChains (Fin 2 × Fin (q + 1)) m},
  c ∈ Mathoverflow1973.Hurewicz.CubeSubdivision.badPrism q m →
    (Mathoverflow1973.SingularMayerVietoris.formalMap (Prod.map id Fin.succ) m) c ∈
      Mathoverflow1973.Hurewicz.CubeSubdivision.badPrism (q + 1) m
@Mathoverflow1973.Hurewicz.CubeSubdivision.lt_predAbove_iff_succAbove_lt : ∀ {n : ℕ} (k : Fin (n + 1)) (j : Fin n)
  (r : Fin (n + 2)), ↑j < ↑(k.predAbove r) ↔ ↑(k.succAbove j) < ↑r
@Mathoverflow1973.Hurewicz.CubeSubdivision.mem_badPrism_of_left_zero : ∀ {q m : ℕ}
  {c : Mathoverflow1973.SingularMayerVietoris.FormalChains (Fin 2 × Fin (q + 1)) m},
  c ∈ Mathoverflow1973.SingularMayerVietoris.formalChainsSupported {z | z.1 = 0} m →
    c ∈ Mathoverflow1973.Hurewicz.CubeSubdivision.badPrism q m
@Mathoverflow1973.Hurewicz.CubeSubdivision.mem_badPrism_of_omit : ∀ {q m : ℕ} (i : Fin (q + 1)),
  i ≠ 0 →
    ∀ {c : Mathoverflow1973.SingularMayerVietoris.FormalChains (Fin 2 × Fin (q + 1)) m},
      c ∈ Mathoverflow1973.SingularMayerVietoris.formalChainsSupported {z | z.2 ≠ i} m →
        c ∈ Mathoverflow1973.Hurewicz.CubeSubdivision.badPrism q m
@Mathoverflow1973.Hurewicz.CubeSubdivision.orientedPrismRealization : {X : Type} →
  [inst : TopologicalSpace X] →
    {n : ℕ} →
      C(Mathoverflow1973.Hurewicz.CubeTriangulation.CubeN (n + 1), X) →
        (m : ℕ) → Mathoverflow1973.SingularMayerVietoris.FormalChains (Fin 2 × Fin (n + 1)) (m + 1) →ₗ[ℤ] ↑(Chains X m)
@Mathoverflow1973.Hurewicz.CubeSubdivision.orientedPrismRealization_canonicalPrismDiscrepancy : ∀ {X : Type}
  [inst : TopologicalSpace X] {x : X} {n : ℕ} (p : ↑(GenLoop (Fin (n + 3)) X x)),
  (Mathoverflow1973.Hurewicz.CubeSubdivision.orientedPrismRealization (↑p) (n + 3))
      (Mathoverflow1973.Hurewicz.CubeSubdivision.canonicalPrismDiscrepancy (n + 2)) =
    0
@Mathoverflow1973.Hurewicz.CubeSubdivision.orientedPrismRealization_edge_eq_standard : ∀ {X : Type}
  [inst : TopologicalSpace X] {x : X} {n : ℕ} (p : ↑(GenLoop (Fin (n + 3)) X x)),
  (Mathoverflow1973.Hurewicz.CubeSubdivision.orientedPrismRealization (↑p) (n + 3))
      (((Mathoverflow1973.PeriodTorusHigherHomology.formalEdgeCrossProduct (n + 2))
          (Mathoverflow1973.SingularMayerVietoris.formalSimplex fun i => i))
        (Mathoverflow1973.SingularMayerVietoris.formalSimplex fun j => j)) =
    (Mathoverflow1973.Hurewicz.CubeSubdivision.orientedPrismRealization (↑p) (n + 3))
      (Mathoverflow1973.Hurewicz.CubeSubdivision.standardPrism (n + 2) (fun i => i) fun j => j)
@Mathoverflow1973.Hurewicz.CubeSubdivision.orientedPrismRealization_eq_sum : ∀ {X : Type} [inst : TopologicalSpace X]
  {n : ℕ} (p : C(Mathoverflow1973.Hurewicz.CubeTriangulation.CubeN (n + 1), X)) (m : ℕ)
  (c : Mathoverflow1973.SingularMayerVietoris.FormalChains (Fin 2 × Fin (n + 1)) (m + 1)),
  (Mathoverflow1973.Hurewicz.CubeSubdivision.orientedPrismRealization p m) c =
    ∑ e,
      Mathoverflow1973.Hurewicz.CubeTriangulation.cubeOrientation e •
        (Mathoverflow1973.Hurewicz.CubeSubdivision.prismCubeRealization p e m) c
@Mathoverflow1973.Hurewicz.CubeSubdivision.orientedPrismRealization_interior_omitted : ∀ {X : Type}
  [inst : TopologicalSpace X] {x : X} {m n : ℕ} (p : ↑(GenLoop (Fin (n + 3)) X x)) (i : Fin (n + 1))
  (v : Fin (m + 1) → Fin 2 × Fin (n + 3)),
  (∀ (j : Fin (m + 1)), (v j).2 ≠ i.succ.castSucc) →
    (Mathoverflow1973.Hurewicz.CubeSubdivision.orientedPrismRealization (↑p) m)
        (Mathoverflow1973.SingularMayerVietoris.formalSimplex v) =
      0
@Mathoverflow1973.Hurewicz.CubeSubdivision.orientedPrismRealization_last_omitted : ∀ {X : Type}
  [inst : TopologicalSpace X] {x : X} {m n : ℕ} (p : ↑(GenLoop (Fin (n + 3)) X x))
  (v : Fin (m + 1) → Fin 2 × Fin (n + 3)),
  (∀ (j : Fin (m + 1)), (v j).2 ≠ Fin.last (n + 2)) →
    (Mathoverflow1973.Hurewicz.CubeSubdivision.orientedPrismRealization (↑p) m)
        (Mathoverflow1973.SingularMayerVietoris.formalSimplex v) =
      0
@Mathoverflow1973.Hurewicz.CubeSubdivision.orientedPrismRealization_left_zero : ∀ {X : Type} [inst : TopologicalSpace X]
  {x : X} {m n : ℕ} (p : ↑(GenLoop (Fin (n + 3)) X x)) (v : Fin (m + 1) → Fin 2 × Fin (n + 3)),
  (∀ (j : Fin (m + 1)), (v j).1 = 0) →
    (Mathoverflow1973.Hurewicz.CubeSubdivision.orientedPrismRealization (↑p) m)
        (Mathoverflow1973.SingularMayerVietoris.formalSimplex v) =
      0
@Mathoverflow1973.Hurewicz.CubeSubdivision.orientedPrismRealization_nonzero_omitted : ∀ {X : Type}
  [inst : TopologicalSpace X] {x : X} {m n : ℕ} (p : ↑(GenLoop (Fin (n + 3)) X x)) (i : Fin (n + 3)),
  i ≠ 0 →
    ∀ (v : Fin (m + 1) → Fin 2 × Fin (n + 3)),
      (∀ (j : Fin (m + 1)), (v j).2 ≠ i) →
        (Mathoverflow1973.Hurewicz.CubeSubdivision.orientedPrismRealization (↑p) m)
            (Mathoverflow1973.SingularMayerVietoris.formalSimplex v) =
          0
@Mathoverflow1973.Hurewicz.CubeSubdivision.orientedPrismRealization_simplex : ∀ {X : Type} [inst : TopologicalSpace X]
  {n : ℕ} (p : C(Mathoverflow1973.Hurewicz.CubeTriangulation.CubeN (n + 1), X)) (m : ℕ)
  (v : Fin (m + 1) → Fin 2 × Fin (n + 1)),
  (Mathoverflow1973.Hurewicz.CubeSubdivision.orientedPrismRealization p m)
      (Mathoverflow1973.SingularMayerVietoris.formalSimplex v) =
    ∑ e,
      Mathoverflow1973.Hurewicz.CubeTriangulation.cubeOrientation e •
        simplexChain X m (p.comp (Mathoverflow1973.Hurewicz.CubeSubdivision.prismCubeSimplex e v))
@Mathoverflow1973.Hurewicz.CubeSubdivision.orientedPrismRealization_standardPrism : ∀ {X : Type}
  [inst : TopologicalSpace X] {n : ℕ} (p : C(Mathoverflow1973.Hurewicz.CubeTriangulation.CubeN (n + 1), X)),
  (Mathoverflow1973.Hurewicz.CubeSubdivision.orientedPrismRealization p (n + 1))
      (Mathoverflow1973.Hurewicz.CubeSubdivision.standardPrism n (fun i => i) fun j => j) =
    ∑ perm,
      Mathoverflow1973.Hurewicz.CubeTriangulation.cubeOrientation perm •
        simplexChain X (n + 1) (p.comp (Mathoverflow1973.Hurewicz.CubeTriangulation.cubeSimplex perm))
@Mathoverflow1973.Hurewicz.CubeSubdivision.prismCubeMap : {n : ℕ} →
  Equiv.Perm (Fin n) → C(↑(Simplex 1) × ↑(Simplex n), Mathoverflow1973.Hurewicz.CubeTriangulation.CubeN (n + 1))
@Mathoverflow1973.Hurewicz.CubeSubdivision.prismCubeMap_affine : ∀ {m n : ℕ} (e : Equiv.Perm (Fin n))
  (v : Fin (m + 1) → Fin 2 × Fin (n + 1)),
  (Mathoverflow1973.Hurewicz.CubeSubdivision.prismCubeMap e).comp
      (Mathoverflow1973.PeriodTorusHigherHomology.productAffineSimplex fun j =>
        (Mathoverflow1973.SingularMayerVietoris.stdVertices 1 (v j).1,
          Mathoverflow1973.SingularMayerVietoris.stdVertices n (v j).2)) =
    Mathoverflow1973.Hurewicz.CubeSubdivision.prismCubeSimplex e v
@Mathoverflow1973.Hurewicz.CubeSubdivision.prismCubeRealization : {X : Type} →
  [inst : TopologicalSpace X] →
    {n : ℕ} →
      C(Mathoverflow1973.Hurewicz.CubeTriangulation.CubeN (n + 1), X) →
        Equiv.Perm (Fin n) →
          (m : ℕ) →
            Mathoverflow1973.SingularMayerVietoris.FormalChains (Fin 2 × Fin (n + 1)) (m + 1) →ₗ[ℤ] ↑(Chains X m)
@Mathoverflow1973.Hurewicz.CubeSubdivision.prismCubeRealization_edgeCrossProduct : ∀ {X : Type}
  [inst : TopologicalSpace X] {n : ℕ} (p : C(Mathoverflow1973.Hurewicz.CubeTriangulation.CubeN (n + 1), X))
  (e : Equiv.Perm (Fin n)),
  (Mathoverflow1973.Hurewicz.CubeSubdivision.prismCubeRealization p e (n + 1))
      (((Mathoverflow1973.PeriodTorusHigherHomology.formalEdgeCrossProduct n)
          (Mathoverflow1973.SingularMayerVietoris.formalSimplex fun i => i))
        (Mathoverflow1973.SingularMayerVietoris.formalSimplex fun j => j)) =
    (inducedChain (p.comp (Mathoverflow1973.Hurewicz.CubeSubdivision.prismCubeMap e)) (n + 1))
      ((Mathoverflow1973.PeriodTorusHigherHomology.productAffineChainMap 1 n (n + 1))
        (((Mathoverflow1973.PeriodTorusHigherHomology.formalEdgeCrossProduct n)
            (Mathoverflow1973.SingularMayerVietoris.formalSimplex
              (Mathoverflow1973.SingularMayerVietoris.stdVertices 1)))
          (Mathoverflow1973.SingularMayerVietoris.formalSimplex
            (Mathoverflow1973.SingularMayerVietoris.stdVertices n))))
@Mathoverflow1973.Hurewicz.CubeSubdivision.prismCubeRealization_eq_induced : ∀ {X : Type} [inst : TopologicalSpace X]
  {n : ℕ} (p : C(Mathoverflow1973.Hurewicz.CubeTriangulation.CubeN (n + 1), X)) (e : Equiv.Perm (Fin n)) (m : ℕ),
  Mathoverflow1973.Hurewicz.CubeSubdivision.prismCubeRealization p e m =
    inducedChain (p.comp (Mathoverflow1973.Hurewicz.CubeSubdivision.prismCubeMap e)) m ∘ₗ
      Mathoverflow1973.PeriodTorusHigherHomology.productAffineChainMap 1 n m ∘ₗ
        Mathoverflow1973.SingularMayerVietoris.formalMap
          (Prod.map (Mathoverflow1973.SingularMayerVietoris.stdVertices 1)
            (Mathoverflow1973.SingularMayerVietoris.stdVertices n))
          (m + 1)
@Mathoverflow1973.Hurewicz.CubeSubdivision.prismCubeRealization_simplex : ∀ {X : Type} [inst : TopologicalSpace X]
  {n : ℕ} (p : C(Mathoverflow1973.Hurewicz.CubeTriangulation.CubeN (n + 1), X)) (e : Equiv.Perm (Fin n)) (m : ℕ)
  (v : Fin (m + 1) → Fin 2 × Fin (n + 1)),
  (Mathoverflow1973.Hurewicz.CubeSubdivision.prismCubeRealization p e m)
      (Mathoverflow1973.SingularMayerVietoris.formalSimplex v) =
    simplexChain X m (p.comp (Mathoverflow1973.Hurewicz.CubeSubdivision.prismCubeSimplex e v))
@Mathoverflow1973.Hurewicz.CubeSubdivision.prismCubeSimplex : {m n : ℕ} →
  Equiv.Perm (Fin n) →
    (Fin (m + 1) → Fin 2 × Fin (n + 1)) → C(↑(Simplex m), Mathoverflow1973.Hurewicz.CubeTriangulation.CubeN (n + 1))
@Mathoverflow1973.Hurewicz.CubeSubdivision.prismCubeSimplex_shuffle : ∀ {n : ℕ} (e : Equiv.Perm (Fin n))
  (k : Fin (n + 1)),
  Mathoverflow1973.Hurewicz.CubeSubdivision.prismCubeSimplex e
      (Mathoverflow1973.Hurewicz.CubeSubdivision.shufflePrismVertices (fun i => i) (fun j => j) k) =
    Mathoverflow1973.Hurewicz.CubeTriangulation.cubeSimplex
      (Mathoverflow1973.Hurewicz.CubeSubdivision.PermutationInsertion.insert k e)
@Mathoverflow1973.Hurewicz.CubeSubdivision.prismCubeSimplex_swap_of_omitted : ∀ {m n : ℕ} (e : Equiv.Perm (Fin (n + 1)))
  (i : Fin n) (v : Fin (m + 1) → Fin 2 × Fin (n + 2)),
  (∀ (j : Fin (m + 1)), (v j).2 ≠ i.succ.castSucc) →
    Mathoverflow1973.Hurewicz.CubeSubdivision.prismCubeSimplex e v =
      Mathoverflow1973.Hurewicz.CubeSubdivision.prismCubeSimplex (Equiv.trans (Equiv.swap i.castSucc i.succ) e) v
@Mathoverflow1973.Hurewicz.CubeSubdivision.prismCubeSimplex_zero_of_last_omitted : ∀ {m n : ℕ}
  (e : Equiv.Perm (Fin (n + 1))) (v : Fin (m + 1) → Fin 2 × Fin (n + 2)),
  (∀ (j : Fin (m + 1)), (v j).2 ≠ Fin.last (n + 1)) →
    ∀ (s : ↑(Simplex m)), (Mathoverflow1973.Hurewicz.CubeSubdivision.prismCubeSimplex e v) s (e (Fin.last n)).succ = 0
@Mathoverflow1973.Hurewicz.CubeSubdivision.prismCubeSimplex_zero_of_left_zero : ∀ {m n : ℕ} (e : Equiv.Perm (Fin n))
  (v : Fin (m + 1) → Fin 2 × Fin (n + 1)),
  (∀ (j : Fin (m + 1)), (v j).1 = 0) →
    ∀ (s : ↑(Simplex m)), (Mathoverflow1973.Hurewicz.CubeSubdivision.prismCubeSimplex e v) s 0 = 0
@Mathoverflow1973.Hurewicz.CubeSubdivision.prismCubeVertex : {n : ℕ} →
  Equiv.Perm (Fin n) → Fin 2 × Fin (n + 1) → Mathoverflow1973.Hurewicz.CubeTriangulation.CubeN (n + 1)
@Mathoverflow1973.Hurewicz.CubeSubdivision.prismCubeVertex_shuffle : ∀ {n : ℕ} (e : Equiv.Perm (Fin n))
  (k : Fin (n + 1)) (r : Fin (n + 2)),
  Mathoverflow1973.Hurewicz.CubeSubdivision.prismCubeVertex e
      (Mathoverflow1973.Hurewicz.CubeSubdivision.shufflePrismVertices (fun i => i) (fun j => j) k r) =
    Mathoverflow1973.Hurewicz.CubeTriangulation.cubeVertex
      (Mathoverflow1973.Hurewicz.CubeSubdivision.PermutationInsertion.insert k e) r
@Mathoverflow1973.Hurewicz.CubeSubdivision.prismCubeVertex_succ : ∀ {n : ℕ} (e : Equiv.Perm (Fin n))
  (z : Fin 2 × Fin (n + 1)) (i : Fin n),
  Mathoverflow1973.Hurewicz.CubeSubdivision.prismCubeVertex e z i.succ =
    Mathoverflow1973.Hurewicz.CubeTriangulation.cubeVertex e z.2 i
@Mathoverflow1973.Hurewicz.CubeSubdivision.prismCubeVertex_swap_of_ne : ∀ {n : ℕ} (e : Equiv.Perm (Fin (n + 1)))
  (i : Fin n) (z : Fin 2 × Fin (n + 2)),
  z.2 ≠ i.succ.castSucc →
    Mathoverflow1973.Hurewicz.CubeSubdivision.prismCubeVertex e z =
      Mathoverflow1973.Hurewicz.CubeSubdivision.prismCubeVertex (Equiv.trans (Equiv.swap i.castSucc i.succ) e) z
@Mathoverflow1973.Hurewicz.CubeSubdivision.prismDiscrepancy : {V : Type u_1} →
  {W : Type u_2} →
    (q : ℕ) → (Fin 2 → V) → (Fin (q + 1) → W) → Mathoverflow1973.SingularMayerVietoris.FormalChains (V × W) (q + 2)
@Mathoverflow1973.Hurewicz.CubeSubdivision.prismDiscrepancy_eq_map_canonical : ∀ {V : Type u_1} {W : Type u_2} (q : ℕ)
  (v : Fin 2 → V) (w : Fin (q + 1) → W),
  Mathoverflow1973.Hurewicz.CubeSubdivision.prismDiscrepancy q v w =
    (Mathoverflow1973.SingularMayerVietoris.formalMap (Prod.map v w) (q + 2))
      (Mathoverflow1973.Hurewicz.CubeSubdivision.canonicalPrismDiscrepancy q)
@Mathoverflow1973.Hurewicz.CubeSubdivision.prismDiscrepancy_succ : ∀ {V : Type u_1} {W : Type u_2} (q : ℕ)
  (v : Fin 2 → V) (w : Fin (q + 2) → W),
  Mathoverflow1973.Hurewicz.CubeSubdivision.prismDiscrepancy (q + 1) v w =
    (Mathoverflow1973.SingularMayerVietoris.formalCone (v 0, w 0) (q + 2))
      (-(Mathoverflow1973.SingularMayerVietoris.formalMap (fun z => (v 0, z)) (q + 2))
              (Mathoverflow1973.SingularMayerVietoris.formalSimplex w) -
          ((Mathoverflow1973.PeriodTorusHigherHomology.formalEdgeCrossProduct q)
              (Mathoverflow1973.SingularMayerVietoris.formalSimplex v))
            ((Mathoverflow1973.SingularMayerVietoris.formalBoundary (q + 1))
              (Mathoverflow1973.SingularMayerVietoris.formalSimplex w)) +
        Mathoverflow1973.Hurewicz.CubeSubdivision.standardPrism q v (Fin.tail w))
@Mathoverflow1973.Hurewicz.CubeSubdivision.prismDiscrepancy_succ_retained : ∀ {V : Type u_1} {W : Type u_2} (q : ℕ)
  (v : Fin 2 → V) (w : Fin (q + 2) → W),
  Mathoverflow1973.Hurewicz.CubeSubdivision.prismDiscrepancy (q + 1) v w =
    (Mathoverflow1973.SingularMayerVietoris.formalCone (v 0, w 0) (q + 2))
      (-(Mathoverflow1973.SingularMayerVietoris.formalMap (fun z => (v 0, z)) (q + 2))
              (Mathoverflow1973.SingularMayerVietoris.formalSimplex w) -
          Mathoverflow1973.Hurewicz.CubeSubdivision.prismDiscrepancy q v (Fin.tail w) -
        ((Mathoverflow1973.PeriodTorusHigherHomology.formalEdgeCrossProduct q)
            (Mathoverflow1973.SingularMayerVietoris.formalSimplex v))
          ((Mathoverflow1973.Hurewicz.CubeSubdivision.retainedFirstBoundary q)
            (Mathoverflow1973.SingularMayerVietoris.formalSimplex w)))
@Mathoverflow1973.Hurewicz.CubeSubdivision.prismDiscrepancy_zero : ∀ {V : Type u_1} {W : Type u_2} (v : Fin 2 → V)
  (w : Fin 1 → W), Mathoverflow1973.Hurewicz.CubeSubdivision.prismDiscrepancy 0 v w = 0
@Mathoverflow1973.Hurewicz.CubeSubdivision.retainedFirstBoundary : {W : Type u_1} →
  (q : ℕ) →
    Mathoverflow1973.SingularMayerVietoris.FormalChains W (q + 2) →ₗ[ℤ]
      Mathoverflow1973.SingularMayerVietoris.FormalChains W (q + 1)
@Mathoverflow1973.Hurewicz.CubeSubdivision.retainedFirstBoundary_simplex : ∀ {W : Type u_1} (q : ℕ)
  (w : Fin (q + 2) → W),
  (Mathoverflow1973.Hurewicz.CubeSubdivision.retainedFirstBoundary q)
      (Mathoverflow1973.SingularMayerVietoris.formalSimplex w) =
    ∑ i, (-1) ^ (↑i + 1) • Mathoverflow1973.SingularMayerVietoris.formalSimplex (w ∘ i.succ.succAbove)
@Mathoverflow1973.Hurewicz.CubeSubdivision.shufflePrismVertices : {V : Type u_1} →
  {W : Type u_2} → {q : ℕ} → (Fin 2 → V) → (Fin (q + 1) → W) → Fin (q + 1) → Fin (q + 2) → V × W
@Mathoverflow1973.Hurewicz.CubeSubdivision.shufflePrismVertices_first : ∀ {V : Type u_1} {W : Type u_2} {q : ℕ}
  (v : Fin 2 → V) (w : Fin (q + 1) → W) (i : Fin (q + 1)),
  Mathoverflow1973.Hurewicz.CubeSubdivision.shufflePrismVertices v w i 0 = (v 0, w 0)
@Mathoverflow1973.Hurewicz.CubeSubdivision.shufflePrismVertices_map : ∀ {V : Type u_1} {W : Type u_2} {V' : Type u_3}
  {W' : Type u_4} {q : ℕ} (f : V → V') (g : W → W') (v : Fin 2 → V) (w : Fin (q + 1) → W) (i : Fin (q + 1)),
  Prod.map f g ∘ Mathoverflow1973.Hurewicz.CubeSubdivision.shufflePrismVertices v w i =
    Mathoverflow1973.Hurewicz.CubeSubdivision.shufflePrismVertices (f ∘ v) (g ∘ w) i
@Mathoverflow1973.Hurewicz.CubeSubdivision.shufflePrismVertices_succ_index : ∀ {V : Type u_1} {W : Type u_2} {q : ℕ}
  (v : Fin 2 → V) (w : Fin (q + 2) → W) (i : Fin (q + 1)),
  Mathoverflow1973.Hurewicz.CubeSubdivision.shufflePrismVertices v w i.succ =
    Fin.cons (v 0, w 0) (Mathoverflow1973.Hurewicz.CubeSubdivision.shufflePrismVertices v (Fin.tail w) i)
@Mathoverflow1973.Hurewicz.CubeSubdivision.shufflePrismVertices_zero_index : ∀ {V : Type u_1} {W : Type u_2} {q : ℕ}
  (v : Fin 2 → V) (w : Fin (q + 1) → W),
  Mathoverflow1973.Hurewicz.CubeSubdivision.shufflePrismVertices v w 0 = Fin.cons (v 0, w 0) fun j => (v 1, w j)
@Mathoverflow1973.Hurewicz.CubeSubdivision.signed_sum_constant_eq_zero : ∀ {n : ℕ} [Nontrivial (Fin n)] {A : Type u_1}
  [inst : AddCommGroup A] (a : A), ∑ e, Mathoverflow1973.Hurewicz.CubeTriangulation.cubeOrientation e • a = 0
@Mathoverflow1973.Hurewicz.CubeSubdivision.signed_sum_eq_zero_of_swap_invariant : ∀ {n : ℕ} {A : Type u_1}
  [inst : AddCommGroup A] (i j : Fin n),
  i ≠ j →
    ∀ (f : Equiv.Perm (Fin n) → A),
      (∀ (e : Fin n ≃ Fin n), f (Equiv.trans (Equiv.swap i j) e) = f e) →
        ∑ e, Mathoverflow1973.Hurewicz.CubeTriangulation.cubeOrientation e • f e = 0
@Mathoverflow1973.Hurewicz.CubeSubdivision.standardPrism : {V : Type u_1} →
  {W : Type u_2} →
    (q : ℕ) → (Fin 2 → V) → (Fin (q + 1) → W) → Mathoverflow1973.SingularMayerVietoris.FormalChains (V × W) (q + 2)
@Mathoverflow1973.Hurewicz.CubeSubdivision.standardPrism_succ : ∀ {V : Type u_1} {W : Type u_2} (q : ℕ) (v : Fin 2 → V)
  (w : Fin (q + 2) → W),
  Mathoverflow1973.Hurewicz.CubeSubdivision.standardPrism (q + 1) v w =
    (Mathoverflow1973.SingularMayerVietoris.formalCone (v 0, w 0) (q + 2))
      ((Mathoverflow1973.SingularMayerVietoris.formalMap (fun z => (v 1, z)) (q + 2))
          (Mathoverflow1973.SingularMayerVietoris.formalSimplex w) -
        Mathoverflow1973.Hurewicz.CubeSubdivision.standardPrism q v (Fin.tail w))
@Mathoverflow1973.Hurewicz.CubeSubdivision.standardPrism_zero : ∀ {V : Type u_1} {W : Type u_2} (v : Fin 2 → V)
  (w : Fin 1 → W),
  Mathoverflow1973.Hurewicz.CubeSubdivision.standardPrism 0 v w =
    Mathoverflow1973.SingularMayerVietoris.formalSimplex fun i => (v i, w 0)
Mathoverflow1973.Hurewicz.BasedSimplex : ℕ → {X : Type} → [TopologicalSpace X] → X → Type
@Mathoverflow1973.Hurewicz.CubeGluing.CubeCompatible : {n : ℕ} →
  {X : Type} → [inst : TopologicalSpace X] → (Equiv.Perm (Fin n) → C(↑unitInterval × ↑(Simplex n), X)) → Prop
@Mathoverflow1973.Hurewicz.CubeGluing.coherentCubeCell_boundary : ∀ {n : ℕ} {X : Type} [inst : TopologicalSpace X]
  {x : X} (H₀ : C(↑(Simplex n), X) → C(↑unitInterval × ↑(Simplex n), X))
  (H₁ : C(↑(Simplex (n + 1)), X) → C(↑unitInterval × ↑(Simplex (n + 1)), X)),
  Mathoverflow1973.SecondHurewicz.SimplyConnected.FaceCompatibleHomotopies n H₀ H₁ →
    H₀ (ContinuousMap.const (↑(Simplex n)) x) = ContinuousMap.const (↑unitInterval × ↑(Simplex n)) x →
      ∀ (p : ↑(GenLoop (Fin (n + 1)) X x)) (e : Equiv.Perm (Fin (n + 1))) (r : ↑unitInterval) (s : ↑(Simplex (n + 1))),
        (Mathoverflow1973.Hurewicz.CubeTriangulation.cubeSimplex e) s ∈ Cube.boundary (Fin (n + 1)) →
          (H₁ ((↑p).comp (Mathoverflow1973.Hurewicz.CubeTriangulation.cubeSimplex e))) (r, s) = x
@Mathoverflow1973.Hurewicz.CubeGluing.coherentCubeCell_face : ∀ {n : ℕ} {X : Type} [inst : TopologicalSpace X] {x : X}
  (H₀ : C(↑(Simplex n), X) → C(↑unitInterval × ↑(Simplex n), X))
  (H₁ : C(↑(Simplex (n + 1)), X) → C(↑unitInterval × ↑(Simplex (n + 1)), X)),
  Mathoverflow1973.SecondHurewicz.SimplyConnected.FaceCompatibleHomotopies n H₀ H₁ →
    ∀ (p : ↑(GenLoop (Fin (n + 1)) X x)) (e : Equiv.Perm (Fin (n + 1))) (i : Fin (n + 2)) (r : ↑unitInterval)
      (s : ↑(Simplex n)),
      (H₁ ((↑p).comp (Mathoverflow1973.Hurewicz.CubeTriangulation.cubeSimplex e))) (r, (simplexFace n i) s) =
        (H₀ (((↑p).comp (Mathoverflow1973.Hurewicz.CubeTriangulation.cubeSimplex e)).comp (simplexFace n i))) (r, s)
@Mathoverflow1973.Hurewicz.CubeGluing.coherentCubeCell_swap : ∀ {n : ℕ} {X : Type} [inst : TopologicalSpace X] {x : X}
  (H₀ : C(↑(Simplex n), X) → C(↑unitInterval × ↑(Simplex n), X))
  (H₁ : C(↑(Simplex (n + 1)), X) → C(↑unitInterval × ↑(Simplex (n + 1)), X)),
  Mathoverflow1973.SecondHurewicz.SimplyConnected.FaceCompatibleHomotopies n H₀ H₁ →
    ∀ (p : ↑(GenLoop (Fin (n + 1)) X x)) (e : Equiv.Perm (Fin (n + 1))) (i : Fin n) (r : ↑unitInterval)
      (s : ↑(Simplex (n + 1))),
      s i.succ.castSucc = 0 →
        (H₁ ((↑p).comp (Mathoverflow1973.Hurewicz.CubeTriangulation.cubeSimplex e))) (r, s) =
          (H₁
              ((↑p).comp
                (Mathoverflow1973.Hurewicz.CubeTriangulation.cubeSimplex
                  (Equiv.trans (Equiv.swap i.castSucc i.succ) e))))
            (r, s)
@Mathoverflow1973.Hurewicz.CubeGluing.coherentCubeEndpoint : {n : ℕ} →
  {X : Type} →
    [inst : TopologicalSpace X] →
      {x : X} →
        (H₀ : C(↑(Simplex n), X) → C(↑unitInterval × ↑(Simplex n), X)) →
          (H₁ : C(↑(Simplex (n + 1)), X) → C(↑unitInterval × ↑(Simplex (n + 1)), X)) →
            Mathoverflow1973.SecondHurewicz.SimplyConnected.FaceCompatibleHomotopies n H₀ H₁ →
              H₀ (ContinuousMap.const (↑(Simplex n)) x) = ContinuousMap.const (↑unitInterval × ↑(Simplex n)) x →
                ↑(GenLoop (Fin (n + 1)) X x) → ↑(GenLoop (Fin (n + 1)) X x)
@Mathoverflow1973.Hurewicz.CubeGluing.coherentCubeEndpoint_cell : ∀ {n : ℕ} {X : Type} [inst : TopologicalSpace X]
  {x : X} (H₀ : C(↑(Simplex n), X) → C(↑unitInterval × ↑(Simplex n), X))
  (H₁ : C(↑(Simplex (n + 1)), X) → C(↑unitInterval × ↑(Simplex (n + 1)), X))
  (hface : Mathoverflow1973.SecondHurewicz.SimplyConnected.FaceCompatibleHomotopies n H₀ H₁)
  (hconst : H₀ (ContinuousMap.const (↑(Simplex n)) x) = ContinuousMap.const (↑unitInterval × ↑(Simplex n)) x)
  (p : ↑(GenLoop (Fin (n + 1)) X x)) (e : Equiv.Perm (Fin (n + 1))),
  (↑(Mathoverflow1973.Hurewicz.CubeGluing.coherentCubeEndpoint H₀ H₁ hface hconst p)).comp
      (Mathoverflow1973.Hurewicz.CubeTriangulation.cubeSimplex e) =
    Mathoverflow1973.SecondHurewicz.SimplyConnected.timeSlice
      (H₁ ((↑p).comp (Mathoverflow1973.Hurewicz.CubeTriangulation.cubeSimplex e))) 1
@Mathoverflow1973.Hurewicz.CubeGluing.coherentCubeFamily_compatible : ∀ {n : ℕ} {X : Type} [inst : TopologicalSpace X]
  {x : X} (H₀ : C(↑(Simplex n), X) → C(↑unitInterval × ↑(Simplex n), X))
  (H₁ : C(↑(Simplex (n + 1)), X) → C(↑unitInterval × ↑(Simplex (n + 1)), X)),
  Mathoverflow1973.SecondHurewicz.SimplyConnected.FaceCompatibleHomotopies n H₀ H₁ →
    ∀ (p : ↑(GenLoop (Fin (n + 1)) X x)),
      Mathoverflow1973.Hurewicz.CubeGluing.CubeCompatible fun e =>
        H₁ ((↑p).comp (Mathoverflow1973.Hurewicz.CubeTriangulation.cubeSimplex e))
@Mathoverflow1973.Hurewicz.CubeGluing.coherentCubeHomotopy : {n : ℕ} →
  {X : Type} →
    [inst : TopologicalSpace X] →
      {x : X} →
        (H₀ : C(↑(Simplex n), X) → C(↑unitInterval × ↑(Simplex n), X)) →
          (H₁ : C(↑(Simplex (n + 1)), X) → C(↑unitInterval × ↑(Simplex (n + 1)), X)) →
            (hface : Mathoverflow1973.SecondHurewicz.SimplyConnected.FaceCompatibleHomotopies n H₀ H₁) →
              (hconst :
                  H₀ (ContinuousMap.const (↑(Simplex n)) x) = ContinuousMap.const (↑unitInterval × ↑(Simplex n)) x) →
                (∀ (smp : C(↑(Simplex (n + 1)), X)) (s : ↑(Simplex (n + 1))), (H₁ smp) (0, s) = smp s) →
                  (p : ↑(GenLoop (Fin (n + 1)) X x)) →
                    (↑p).HomotopyRel (↑(Mathoverflow1973.Hurewicz.CubeGluing.coherentCubeEndpoint H₀ H₁ hface hconst p))
                      (Cube.boundary (Fin (n + 1)))
@Mathoverflow1973.Hurewicz.CubeGluing.coherentCubeHomotopyMap : {n : ℕ} →
  {X : Type} →
    [inst : TopologicalSpace X] →
      {x : X} →
        (H₀ : C(↑(Simplex n), X) → C(↑unitInterval × ↑(Simplex n), X)) →
          (H₁ : C(↑(Simplex (n + 1)), X) → C(↑unitInterval × ↑(Simplex (n + 1)), X)) →
            Mathoverflow1973.SecondHurewicz.SimplyConnected.FaceCompatibleHomotopies n H₀ H₁ →
              ↑(GenLoop (Fin (n + 1)) X x) →
                C(↑unitInterval × Mathoverflow1973.Hurewicz.CubeTriangulation.CubeN (n + 1), X)
@Mathoverflow1973.Hurewicz.CubeGluing.coherentCubeHomotopyMap_boundary : ∀ {n : ℕ} {X : Type}
  [inst : TopologicalSpace X] {x : X} (H₀ : C(↑(Simplex n), X) → C(↑unitInterval × ↑(Simplex n), X))
  (H₁ : C(↑(Simplex (n + 1)), X) → C(↑unitInterval × ↑(Simplex (n + 1)), X))
  (hface : Mathoverflow1973.SecondHurewicz.SimplyConnected.FaceCompatibleHomotopies n H₀ H₁),
  H₀ (ContinuousMap.const (↑(Simplex n)) x) = ContinuousMap.const (↑unitInterval × ↑(Simplex n)) x →
    ∀ (p : ↑(GenLoop (Fin (n + 1)) X x)) (r : ↑unitInterval),
      ∀ u ∈ Cube.boundary (Fin (n + 1)),
        (Mathoverflow1973.Hurewicz.CubeGluing.coherentCubeHomotopyMap H₀ H₁ hface p) (r, u) = x
@Mathoverflow1973.Hurewicz.CubeGluing.coherentCubeHomotopyMap_cell : ∀ {n : ℕ} {X : Type} [inst : TopologicalSpace X]
  {x : X} (H₀ : C(↑(Simplex n), X) → C(↑unitInterval × ↑(Simplex n), X))
  (H₁ : C(↑(Simplex (n + 1)), X) → C(↑unitInterval × ↑(Simplex (n + 1)), X))
  (hface : Mathoverflow1973.SecondHurewicz.SimplyConnected.FaceCompatibleHomotopies n H₀ H₁)
  (p : ↑(GenLoop (Fin (n + 1)) X x)) (e : Equiv.Perm (Fin (n + 1))) (r : ↑unitInterval) (s : ↑(Simplex (n + 1))),
  (Mathoverflow1973.Hurewicz.CubeGluing.coherentCubeHomotopyMap H₀ H₁ hface p)
      (r, (Mathoverflow1973.Hurewicz.CubeTriangulation.cubeSimplex e) s) =
    (H₁ ((↑p).comp (Mathoverflow1973.Hurewicz.CubeTriangulation.cubeSimplex e))) (r, s)
@Mathoverflow1973.Hurewicz.CubeGluing.coherentCubeHomotopyMap_zero : ∀ {n : ℕ} {X : Type} [inst : TopologicalSpace X]
  {x : X} (H₀ : C(↑(Simplex n), X) → C(↑unitInterval × ↑(Simplex n), X))
  (H₁ : C(↑(Simplex (n + 1)), X) → C(↑unitInterval × ↑(Simplex (n + 1)), X))
  (hface : Mathoverflow1973.SecondHurewicz.SimplyConnected.FaceCompatibleHomotopies n H₀ H₁),
  (∀ (smp : C(↑(Simplex (n + 1)), X)) (s : ↑(Simplex (n + 1))), (H₁ smp) (0, s) = smp s) →
    ∀ (p : ↑(GenLoop (Fin (n + 1)) X x)) (u : Mathoverflow1973.Hurewicz.CubeTriangulation.CubeN (n + 1)),
      (Mathoverflow1973.Hurewicz.CubeGluing.coherentCubeHomotopyMap H₀ H₁ hface p) (0, u) = p u
@Mathoverflow1973.Hurewicz.CubeGluing.cubeFamilyMap : {n : ℕ} →
  {X : Type} →
    [inst : TopologicalSpace X] →
      (Equiv.Perm (Fin n) → C(↑unitInterval × ↑(Simplex n), X)) →
        C((_ : Equiv.Perm (Fin n)) × ↑unitInterval × ↑(Simplex n), X)
@Mathoverflow1973.Hurewicz.CubeGluing.cubeFamilyMap_factorsThrough : ∀ {n : ℕ} {X : Type} [inst : TopologicalSpace X]
  (F : Equiv.Perm (Fin n) → C(↑unitInterval × ↑(Simplex n), X)),
  Mathoverflow1973.Hurewicz.CubeGluing.CubeCompatible F →
    Function.FactorsThrough ⇑(Mathoverflow1973.Hurewicz.CubeGluing.cubeFamilyMap F)
      ⇑(Mathoverflow1973.Hurewicz.CubeTriangulation.cubeCylinderCover n)
@Mathoverflow1973.Hurewicz.CubeGluing.cubeOriginal_face_last : ∀ {n : ℕ} {X : Type} [inst : TopologicalSpace X] {x : X}
  (p : ↑(GenLoop (Fin (n + 1)) X x)) (e : Equiv.Perm (Fin (n + 1))),
  ((↑p).comp (Mathoverflow1973.Hurewicz.CubeTriangulation.cubeSimplex e)).comp (simplexFace n (Fin.last (n + 1))) =
    ContinuousMap.const (↑(Simplex n)) x
@Mathoverflow1973.Hurewicz.CubeGluing.cubeOriginal_face_swap : ∀ {n : ℕ} {X : Type} [inst : TopologicalSpace X] {x : X}
  (p : ↑(GenLoop (Fin (n + 1)) X x)) (e : Equiv.Perm (Fin (n + 1))) (i : Fin n),
  ((↑p).comp (Mathoverflow1973.Hurewicz.CubeTriangulation.cubeSimplex e)).comp (simplexFace n i.succ.castSucc) =
    ((↑p).comp
          (Mathoverflow1973.Hurewicz.CubeTriangulation.cubeSimplex (Equiv.trans (Equiv.swap i.castSucc i.succ) e))).comp
      (simplexFace n i.succ.castSucc)
@Mathoverflow1973.Hurewicz.CubeGluing.cubeOriginal_face_zero : ∀ {n : ℕ} {X : Type} [inst : TopologicalSpace X] {x : X}
  (p : ↑(GenLoop (Fin (n + 1)) X x)) (e : Equiv.Perm (Fin (n + 1))),
  ((↑p).comp (Mathoverflow1973.Hurewicz.CubeTriangulation.cubeSimplex e)).comp (simplexFace n 0) =
    ContinuousMap.const (↑(Simplex n)) x
@Mathoverflow1973.Hurewicz.CubeGluing.glueCubeHomotopies : {n : ℕ} →
  {X : Type} →
    [inst : TopologicalSpace X] →
      (F : Equiv.Perm (Fin n) → C(↑unitInterval × ↑(Simplex n), X)) →
        Mathoverflow1973.Hurewicz.CubeGluing.CubeCompatible F →
          C(↑unitInterval × Mathoverflow1973.Hurewicz.CubeTriangulation.CubeN n, X)
@Mathoverflow1973.Hurewicz.CubeGluing.glueCubeHomotopies_cell : ∀ {n : ℕ} {X : Type} [inst : TopologicalSpace X]
  (F : Equiv.Perm (Fin n) → C(↑unitInterval × ↑(Simplex n), X))
  (hF : Mathoverflow1973.Hurewicz.CubeGluing.CubeCompatible F) (e : Equiv.Perm (Fin n)) (r : ↑unitInterval)
  (s : ↑(Simplex n)),
  (Mathoverflow1973.Hurewicz.CubeGluing.glueCubeHomotopies F hF)
      (r, (Mathoverflow1973.Hurewicz.CubeTriangulation.cubeSimplex e) s) =
    (F e) (r, s)
@Mathoverflow1973.Hurewicz.CubeGluing.glueCubeHomotopies_time : ∀ {n : ℕ} {X : Type} [inst : TopologicalSpace X]
  (F : Equiv.Perm (Fin n) → C(↑unitInterval × ↑(Simplex n), X))
  (hF : Mathoverflow1973.Hurewicz.CubeGluing.CubeCompatible F) (r : ↑unitInterval)
  (g : Mathoverflow1973.Hurewicz.CubeTriangulation.CubeN n → X),
  (∀ (e : Equiv.Perm (Fin n)) (s : ↑(Simplex n)),
      (F e) (r, s) = g ((Mathoverflow1973.Hurewicz.CubeTriangulation.cubeSimplex e) s)) →
    ∀ (u : Mathoverflow1973.Hurewicz.CubeTriangulation.CubeN n),
      (Mathoverflow1973.Hurewicz.CubeGluing.glueCubeHomotopies F hF) (r, u) = g u
@Mathoverflow1973.Hurewicz.CubeGluing.glueCubeHomotopies_zero : ∀ {n : ℕ} {X : Type} [inst : TopologicalSpace X]
  (F : Equiv.Perm (Fin n) → C(↑unitInterval × ↑(Simplex n), X))
  (hF : Mathoverflow1973.Hurewicz.CubeGluing.CubeCompatible F)
  (g : C(Mathoverflow1973.Hurewicz.CubeTriangulation.CubeN n, X)),
  (∀ (e : Equiv.Perm (Fin n)) (s : ↑(Simplex n)),
      (F e) (0, s) = g ((Mathoverflow1973.Hurewicz.CubeTriangulation.cubeSimplex e) s)) →
    ∀ (u : Mathoverflow1973.Hurewicz.CubeTriangulation.CubeN n),
      (Mathoverflow1973.Hurewicz.CubeGluing.glueCubeHomotopies F hF) (0, u) = g u
Mathoverflow1973.Hurewicz.CubeTriangulation.CubeN : ℕ → Type
@Mathoverflow1973.Hurewicz.CubeTriangulation.SortedCoordinates : {n : ℕ} →
  {α : Type u_1} → [LinearOrder α] → (Fin n → α) → Equiv.Perm (Fin n) → Prop
@Mathoverflow1973.Hurewicz.CubeTriangulation.continuous_cubeBarycentric : ∀ {n : ℕ} (e : Equiv.Perm (Fin n))
  (i : Fin (n + 1)), Continuous fun u => Mathoverflow1973.Hurewicz.CubeTriangulation.cubeBarycentric e u i
@Mathoverflow1973.Hurewicz.CubeTriangulation.continuous_cubeCoordinate : ∀ {n : ℕ} (i : Fin n),
  Continuous fun u => ↑(u i)
@Mathoverflow1973.Hurewicz.CubeTriangulation.continuous_cubeExtendedCoordinates : ∀ {n : ℕ} (e : Equiv.Perm (Fin n))
  (i : Fin (n + 2)), Continuous fun u => Mathoverflow1973.Hurewicz.CubeTriangulation.cubeExtendedCoordinates e u i
@Mathoverflow1973.Hurewicz.CubeTriangulation.coordinate_swap_of_tie : ∀ {n : ℕ} {α : Type u_1} {u : Fin n → α}
  {e : Equiv.Perm (Fin n)} {a b : Fin n},
  u (e a) = u (e b) → ∀ (i : Fin n), u ((Equiv.trans (Equiv.swap a b) e) i) = u (e i)
@Mathoverflow1973.Hurewicz.CubeTriangulation.cubeAffineSimplex : {m n : ℕ} →
  (Fin (m + 1) → Mathoverflow1973.Hurewicz.CubeTriangulation.CubeN n) →
    C(↑(Simplex m), Mathoverflow1973.Hurewicz.CubeTriangulation.CubeN n)
@Mathoverflow1973.Hurewicz.CubeTriangulation.cubeAffineSimplex_constant_coordinate : ∀ {m n : ℕ}
  (v : Fin (m + 1) → Mathoverflow1973.Hurewicz.CubeTriangulation.CubeN n) (i : Fin n) (c : ↑unitInterval),
  (∀ (j : Fin (m + 1)), v j i = c) →
    ∀ (s : ↑(Simplex m)), (Mathoverflow1973.Hurewicz.CubeTriangulation.cubeAffineSimplex v) s i = c
@Mathoverflow1973.Hurewicz.CubeTriangulation.cubeAffineSimplex_coordinate : ∀ {m n : ℕ}
  (v : Fin (m + 1) → Mathoverflow1973.Hurewicz.CubeTriangulation.CubeN n) (s : ↑(Simplex m)) (i : Fin n),
  ↑((Mathoverflow1973.Hurewicz.CubeTriangulation.cubeAffineSimplex v) s i) = ∑ j, s j * ↑(v j i)
@Mathoverflow1973.Hurewicz.CubeTriangulation.cubeAffineSimplex_face : ∀ {m n : ℕ}
  (v : Fin (m + 2) → Mathoverflow1973.Hurewicz.CubeTriangulation.CubeN n) (i : Fin (m + 2)),
  (Mathoverflow1973.Hurewicz.CubeTriangulation.cubeAffineSimplex v).comp (simplexFace m i) =
    Mathoverflow1973.Hurewicz.CubeTriangulation.cubeAffineSimplex fun j => v (i.succAbove j)
@Mathoverflow1973.Hurewicz.CubeTriangulation.cubeAffineSimplex_vertex : ∀ {m n : ℕ}
  (v : Fin (m + 1) → Mathoverflow1973.Hurewicz.CubeTriangulation.CubeN n) (j : Fin (m + 1)),
  (Mathoverflow1973.Hurewicz.CubeTriangulation.cubeAffineSimplex v)
      (Mathoverflow1973.SingularMayerVietoris.stdVertices m j) =
    v j
@Mathoverflow1973.Hurewicz.CubeTriangulation.cubeBarycentric : {n : ℕ} →
  Equiv.Perm (Fin n) → Mathoverflow1973.Hurewicz.CubeTriangulation.CubeN n → Fin (n + 1) → ℝ
@Mathoverflow1973.Hurewicz.CubeTriangulation.cubeBarycentric_inner : ∀ {n : ℕ} (e : Equiv.Perm (Fin (n + 1)))
  (u : Mathoverflow1973.Hurewicz.CubeTriangulation.CubeN (n + 1)) (i : Fin n),
  Mathoverflow1973.Hurewicz.CubeTriangulation.cubeBarycentric e u i.succ.castSucc =
    ↑(u (e i.castSucc)) - ↑(u (e i.succ))
@Mathoverflow1973.Hurewicz.CubeTriangulation.cubeBarycentric_last : ∀ {n : ℕ} (e : Equiv.Perm (Fin (n + 1)))
  (u : Mathoverflow1973.Hurewicz.CubeTriangulation.CubeN (n + 1)),
  Mathoverflow1973.Hurewicz.CubeTriangulation.cubeBarycentric e u (Fin.last (n + 1)) = ↑(u (e (Fin.last n)))
@Mathoverflow1973.Hurewicz.CubeTriangulation.cubeBarycentric_nonneg : ∀ {n : ℕ} (e : Equiv.Perm (Fin n))
  (u : Mathoverflow1973.Hurewicz.CubeTriangulation.CubeN n),
  Mathoverflow1973.Hurewicz.CubeTriangulation.SortedCoordinates u e →
    ∀ (i : Fin (n + 1)), 0 ≤ Mathoverflow1973.Hurewicz.CubeTriangulation.cubeBarycentric e u i
@Mathoverflow1973.Hurewicz.CubeTriangulation.cubeBarycentric_sum : ∀ {n : ℕ} (e : Equiv.Perm (Fin n))
  (u : Mathoverflow1973.Hurewicz.CubeTriangulation.CubeN n),
  ∑ i, Mathoverflow1973.Hurewicz.CubeTriangulation.cubeBarycentric e u i = 1
@Mathoverflow1973.Hurewicz.CubeTriangulation.cubeBarycentric_tail : ∀ {n : ℕ} (e : Equiv.Perm (Fin n))
  (u : Mathoverflow1973.Hurewicz.CubeTriangulation.CubeN n) (i : Fin n),
  (∑ k, if ↑i < ↑k then Mathoverflow1973.Hurewicz.CubeTriangulation.cubeBarycentric e u k else 0) = ↑(u (e i))
@Mathoverflow1973.Hurewicz.CubeTriangulation.cubeBarycentric_zero : ∀ {n : ℕ} (e : Equiv.Perm (Fin (n + 1)))
  (u : Mathoverflow1973.Hurewicz.CubeTriangulation.CubeN (n + 1)),
  Mathoverflow1973.Hurewicz.CubeTriangulation.cubeBarycentric e u 0 = 1 - ↑(u (e 0))
Mathoverflow1973.Hurewicz.CubeTriangulation.cubeCylinderCover : (n : ℕ) →
  C((_ : Equiv.Perm (Fin n)) × ↑unitInterval × ↑(Simplex n),
    ↑unitInterval × Mathoverflow1973.Hurewicz.CubeTriangulation.CubeN n)
Mathoverflow1973.Hurewicz.CubeTriangulation.cubeCylinderCover_isQuotientMap : ∀ (n : ℕ),
  Topology.IsQuotientMap ⇑(Mathoverflow1973.Hurewicz.CubeTriangulation.cubeCylinderCover n)
Mathoverflow1973.Hurewicz.CubeTriangulation.cubeCylinderCover_surjective : ∀ (n : ℕ),
  Function.Surjective ⇑(Mathoverflow1973.Hurewicz.CubeTriangulation.cubeCylinderCover n)
@Mathoverflow1973.Hurewicz.CubeTriangulation.cubeExtendedCoordinates : {n : ℕ} →
  Equiv.Perm (Fin n) → Mathoverflow1973.Hurewicz.CubeTriangulation.CubeN n → Fin (n + 2) → ℝ
@Mathoverflow1973.Hurewicz.CubeTriangulation.cubeExtendedCoordinates_antitone : ∀ {n : ℕ} (e : Equiv.Perm (Fin n))
  (u : Mathoverflow1973.Hurewicz.CubeTriangulation.CubeN n),
  Mathoverflow1973.Hurewicz.CubeTriangulation.SortedCoordinates u e →
    Antitone (Mathoverflow1973.Hurewicz.CubeTriangulation.cubeExtendedCoordinates e u)
@Mathoverflow1973.Hurewicz.CubeTriangulation.cubeExtendedCoordinates_inner : ∀ {n : ℕ} (e : Equiv.Perm (Fin n))
  (u : Mathoverflow1973.Hurewicz.CubeTriangulation.CubeN n) (i : Fin n),
  Mathoverflow1973.Hurewicz.CubeTriangulation.cubeExtendedCoordinates e u i.castSucc.succ = ↑(u (e i))
@Mathoverflow1973.Hurewicz.CubeTriangulation.cubeExtendedCoordinates_last : ∀ {n : ℕ} (e : Equiv.Perm (Fin n))
  (u : Mathoverflow1973.Hurewicz.CubeTriangulation.CubeN n),
  Mathoverflow1973.Hurewicz.CubeTriangulation.cubeExtendedCoordinates e u (Fin.last (n + 1)) = 0
@Mathoverflow1973.Hurewicz.CubeTriangulation.cubeExtendedCoordinates_le_one : ∀ {n : ℕ} (e : Equiv.Perm (Fin n))
  (u : Mathoverflow1973.Hurewicz.CubeTriangulation.CubeN n) (i : Fin (n + 2)),
  Mathoverflow1973.Hurewicz.CubeTriangulation.cubeExtendedCoordinates e u i ≤ 1
@Mathoverflow1973.Hurewicz.CubeTriangulation.cubeExtendedCoordinates_nonneg : ∀ {n : ℕ} (e : Equiv.Perm (Fin n))
  (u : Mathoverflow1973.Hurewicz.CubeTriangulation.CubeN n) (i : Fin (n + 2)),
  0 ≤ Mathoverflow1973.Hurewicz.CubeTriangulation.cubeExtendedCoordinates e u i
@Mathoverflow1973.Hurewicz.CubeTriangulation.cubeExtendedCoordinates_zero : ∀ {n : ℕ} (e : Equiv.Perm (Fin n))
  (u : Mathoverflow1973.Hurewicz.CubeTriangulation.CubeN n),
  Mathoverflow1973.Hurewicz.CubeTriangulation.cubeExtendedCoordinates e u 0 = 1
@Mathoverflow1973.Hurewicz.CubeTriangulation.cubeOrderedRegion : {n : ℕ} →
  Equiv.Perm (Fin n) → Set (Mathoverflow1973.Hurewicz.CubeTriangulation.CubeN n)
@Mathoverflow1973.Hurewicz.CubeTriangulation.cubeOrientation : {n : ℕ} → Equiv.Perm (Fin n) → ℤ
Mathoverflow1973.Hurewicz.CubeTriangulation.cubeOrientation_refl : ∀ (n : ℕ),
  Mathoverflow1973.Hurewicz.CubeTriangulation.cubeOrientation (Equiv.refl (Fin n)) = 1
Mathoverflow1973.Hurewicz.CubeTriangulation.cubeOrientation_sum : ∀ (n : ℕ),
  ∑ e, Mathoverflow1973.Hurewicz.CubeTriangulation.cubeOrientation e = 0
@Mathoverflow1973.Hurewicz.CubeTriangulation.cubeOrientation_swap : ∀ {n : ℕ} (e : Equiv.Perm (Fin n)) {i j : Fin n},
  i ≠ j →
    Mathoverflow1973.Hurewicz.CubeTriangulation.cubeOrientation (Equiv.trans (Equiv.swap i j) e) =
      -Mathoverflow1973.Hurewicz.CubeTriangulation.cubeOrientation e
@Mathoverflow1973.Hurewicz.CubeTriangulation.cubeSimplex : {n : ℕ} →
  Equiv.Perm (Fin n) → C(↑(Simplex n), Mathoverflow1973.Hurewicz.CubeTriangulation.CubeN n)
@Mathoverflow1973.Hurewicz.CubeTriangulation.cubeSimplexCylinder : {n : ℕ} →
  Equiv.Perm (Fin n) →
    C(↑unitInterval × ↑(Simplex n), ↑unitInterval × Mathoverflow1973.Hurewicz.CubeTriangulation.CubeN n)
@Mathoverflow1973.Hurewicz.CubeTriangulation.cubeSimplexInverse : {n : ℕ} →
  (e : Equiv.Perm (Fin n)) → C(↑(Mathoverflow1973.Hurewicz.CubeTriangulation.cubeOrderedRegion e), ↑(Simplex n))
@Mathoverflow1973.Hurewicz.CubeTriangulation.cubeSimplexInverse_simplex : ∀ {n : ℕ} (e : Equiv.Perm (Fin n))
  (s : ↑(Simplex n)),
  (Mathoverflow1973.Hurewicz.CubeTriangulation.cubeSimplexInverse e)
      ⟨(Mathoverflow1973.Hurewicz.CubeTriangulation.cubeSimplex e) s, ⋯⟩ =
    s
@Mathoverflow1973.Hurewicz.CubeTriangulation.cubeSimplex_adjacent_difference : ∀ {n : ℕ} (e : Equiv.Perm (Fin (n + 1)))
  (s : ↑(Simplex (n + 1))) (i : Fin n),
  ↑((Mathoverflow1973.Hurewicz.CubeTriangulation.cubeSimplex e) s (e i.castSucc)) -
      ↑((Mathoverflow1973.Hurewicz.CubeTriangulation.cubeSimplex e) s (e i.succ)) =
    s i.succ.castSucc
@Mathoverflow1973.Hurewicz.CubeTriangulation.cubeSimplex_antitone : ∀ {n : ℕ} (e : Equiv.Perm (Fin n))
  (s : ↑(Simplex n)), Antitone fun i => (Mathoverflow1973.Hurewicz.CubeTriangulation.cubeSimplex e) s (e i)
@Mathoverflow1973.Hurewicz.CubeTriangulation.cubeSimplex_coordinate : ∀ {n : ℕ} (e : Equiv.Perm (Fin n))
  (s : ↑(Simplex n)) (i : Fin n),
  ↑((Mathoverflow1973.Hurewicz.CubeTriangulation.cubeSimplex e) s (e i)) = ∑ k, if ↑i < ↑k then s k else 0
@Mathoverflow1973.Hurewicz.CubeTriangulation.cubeSimplex_coordinate_last : ∀ {n : ℕ} (e : Equiv.Perm (Fin (n + 1)))
  (s : ↑(Simplex (n + 1))),
  ↑((Mathoverflow1973.Hurewicz.CubeTriangulation.cubeSimplex e) s (e (Fin.last n))) = s (Fin.last (n + 1))
@Mathoverflow1973.Hurewicz.CubeTriangulation.cubeSimplex_coordinate_zero : ∀ {n : ℕ} (e : Equiv.Perm (Fin (n + 1)))
  (s : ↑(Simplex (n + 1))), ↑((Mathoverflow1973.Hurewicz.CubeTriangulation.cubeSimplex e) s (e 0)) = 1 - s 0
@Mathoverflow1973.Hurewicz.CubeTriangulation.cubeSimplex_eq_of_sorted : ∀ {n : ℕ} (e f : Equiv.Perm (Fin n))
  (s : ↑(Simplex n)),
  Mathoverflow1973.Hurewicz.CubeTriangulation.SortedCoordinates
      ((Mathoverflow1973.Hurewicz.CubeTriangulation.cubeSimplex e) s) f →
    (Mathoverflow1973.Hurewicz.CubeTriangulation.cubeSimplex f) s =
      (Mathoverflow1973.Hurewicz.CubeTriangulation.cubeSimplex e) s
@Mathoverflow1973.Hurewicz.CubeTriangulation.cubeSimplex_face_last_boundary : ∀ {n : ℕ} (e : Equiv.Perm (Fin (n + 1)))
  (s : ↑(Simplex n)),
  (Mathoverflow1973.Hurewicz.CubeTriangulation.cubeSimplex e) ((simplexFace n (Fin.last (n + 1))) s) ∈
    Cube.boundary (Fin (n + 1))
@Mathoverflow1973.Hurewicz.CubeTriangulation.cubeSimplex_face_last_coordinate : ∀ {n : ℕ} (e : Equiv.Perm (Fin (n + 1)))
  (s : ↑(Simplex n)),
  (Mathoverflow1973.Hurewicz.CubeTriangulation.cubeSimplex e) ((simplexFace n (Fin.last (n + 1))) s) (e (Fin.last n)) =
    0
@Mathoverflow1973.Hurewicz.CubeTriangulation.cubeSimplex_face_swap : ∀ {n : ℕ} (e : Equiv.Perm (Fin (n + 1)))
  (i : Fin n),
  (Mathoverflow1973.Hurewicz.CubeTriangulation.cubeSimplex e).comp (simplexFace n i.succ.castSucc) =
    (Mathoverflow1973.Hurewicz.CubeTriangulation.cubeSimplex (Equiv.trans (Equiv.swap i.castSucc i.succ) e)).comp
      (simplexFace n i.succ.castSucc)
@Mathoverflow1973.Hurewicz.CubeTriangulation.cubeSimplex_face_zero_boundary : ∀ {n : ℕ} (e : Equiv.Perm (Fin (n + 1)))
  (s : ↑(Simplex n)),
  (Mathoverflow1973.Hurewicz.CubeTriangulation.cubeSimplex e) ((simplexFace n 0) s) ∈ Cube.boundary (Fin (n + 1))
@Mathoverflow1973.Hurewicz.CubeTriangulation.cubeSimplex_face_zero_coordinate : ∀ {n : ℕ} (e : Equiv.Perm (Fin (n + 1)))
  (s : ↑(Simplex n)), (Mathoverflow1973.Hurewicz.CubeTriangulation.cubeSimplex e) ((simplexFace n 0) s) (e 0) = 1
@Mathoverflow1973.Hurewicz.CubeTriangulation.cubeSimplex_injective : ∀ {n : ℕ} (e : Equiv.Perm (Fin n)),
  Function.Injective ⇑(Mathoverflow1973.Hurewicz.CubeTriangulation.cubeSimplex e)
@Mathoverflow1973.Hurewicz.CubeTriangulation.cubeSimplex_inverse : ∀ {n : ℕ} (e : Equiv.Perm (Fin n))
  (u : ↑(Mathoverflow1973.Hurewicz.CubeTriangulation.cubeOrderedRegion e)),
  (Mathoverflow1973.Hurewicz.CubeTriangulation.cubeSimplex e)
      ((Mathoverflow1973.Hurewicz.CubeTriangulation.cubeSimplexInverse e) u) =
    ↑u
@Mathoverflow1973.Hurewicz.CubeTriangulation.cubeSimplex_mem_boundary_iff : ∀ {n : ℕ} (e : Equiv.Perm (Fin (n + 1)))
  (s : ↑(Simplex (n + 1))),
  (Mathoverflow1973.Hurewicz.CubeTriangulation.cubeSimplex e) s ∈ Cube.boundary (Fin (n + 1)) ↔
    s 0 = 0 ∨ s (Fin.last (n + 1)) = 0
@Mathoverflow1973.Hurewicz.CubeTriangulation.cubeSimplex_overlap_preimage : ∀ {n : ℕ} (e f : Equiv.Perm (Fin n))
  (s t : ↑(Simplex n)),
  (Mathoverflow1973.Hurewicz.CubeTriangulation.cubeSimplex e) s =
      (Mathoverflow1973.Hurewicz.CubeTriangulation.cubeSimplex f) t →
    s = t
@Mathoverflow1973.Hurewicz.CubeTriangulation.cubeSimplex_simplexBoundary : ∀ {n : ℕ} (e : Equiv.Perm (Fin (n + 1))),
  ∀ s ∈ Mathoverflow1973.SecondHurewicz.SimplyConnected.simplexBoundary (n + 1),
    (Mathoverflow1973.Hurewicz.CubeTriangulation.cubeSimplex e) s ∈ Cube.boundary (Fin (n + 1)) ∨
      ∃ i j,
        i ≠ j ∧
          (Mathoverflow1973.Hurewicz.CubeTriangulation.cubeSimplex e) s i =
            (Mathoverflow1973.Hurewicz.CubeTriangulation.cubeSimplex e) s j
@Mathoverflow1973.Hurewicz.CubeTriangulation.cubeSimplex_sorted : ∀ {n : ℕ} (e : Equiv.Perm (Fin n)) (s : ↑(Simplex n)),
  Mathoverflow1973.Hurewicz.CubeTriangulation.SortedCoordinates
    ((Mathoverflow1973.Hurewicz.CubeTriangulation.cubeSimplex e) s) e
@Mathoverflow1973.Hurewicz.CubeTriangulation.cubeSimplex_tie : ∀ {n : ℕ} (e : Equiv.Perm (Fin (n + 1)))
  (s : ↑(Simplex (n + 1))) (i : Fin n),
  (Mathoverflow1973.Hurewicz.CubeTriangulation.cubeSimplex e) s (e i.castSucc) =
      (Mathoverflow1973.Hurewicz.CubeTriangulation.cubeSimplex e) s (e i.succ) →
    s i.succ.castSucc = 0
@Mathoverflow1973.Hurewicz.CubeTriangulation.cubeSimplex_tie_iff : ∀ {n : ℕ} (e : Equiv.Perm (Fin (n + 1)))
  (s : ↑(Simplex (n + 1))) (i : Fin n),
  (Mathoverflow1973.Hurewicz.CubeTriangulation.cubeSimplex e) s (e i.castSucc) =
      (Mathoverflow1973.Hurewicz.CubeTriangulation.cubeSimplex e) s (e i.succ) ↔
    s i.succ.castSucc = 0
@Mathoverflow1973.Hurewicz.CubeTriangulation.cubeVertex : {n : ℕ} →
  Equiv.Perm (Fin n) → Fin (n + 1) → Mathoverflow1973.Hurewicz.CubeTriangulation.CubeN n
@Mathoverflow1973.Hurewicz.CubeTriangulation.cubeVertex_swap_of_ne : ∀ {n : ℕ} (e : Equiv.Perm (Fin (n + 1)))
  (i : Fin n) (k : Fin (n + 2)),
  k ≠ i.succ.castSucc →
    Mathoverflow1973.Hurewicz.CubeTriangulation.cubeVertex e k =
      Mathoverflow1973.Hurewicz.CubeTriangulation.cubeVertex (Equiv.trans (Equiv.swap i.castSucc i.succ) e) k
@Mathoverflow1973.Hurewicz.CubeTriangulation.eq_of_sorted_adjacent : ∀ {n : ℕ} {α : Type u_1} [inst : LinearOrder α]
  (u : Fin (n + 1) → α) {A : Type u_2} (F : Equiv.Perm (Fin (n + 1)) → A),
  (∀ (e : Equiv.Perm (Fin (n + 1))),
      Mathoverflow1973.Hurewicz.CubeTriangulation.SortedCoordinates u e →
        ∀ (i : Fin n), u (e i.castSucc) = u (e i.succ) → F e = F (Equiv.trans (Equiv.swap i.castSucc i.succ) e)) →
    ∀ {e f : Equiv.Perm (Fin (n + 1))},
      Mathoverflow1973.Hurewicz.CubeTriangulation.SortedCoordinates u e →
        Mathoverflow1973.Hurewicz.CubeTriangulation.SortedCoordinates u f → F e = F f
@Mathoverflow1973.Hurewicz.CubeTriangulation.eq_of_value_preserving_swaps : ∀ {ι : Type u_1} {β : Type u_2}
  [inst : DecidableEq ι] [Finite ι] (v : ι → β) {A : Type u_3} (G : Equiv.Perm ι → A),
  (∀ (r : Equiv.Perm ι), (∀ (i : ι), v (r i) = v i) → ∀ (a b : ι), v a = v b → G r = G (Equiv.swap a b * r)) →
    ∀ (r : Equiv.Perm ι), (∀ (i : ι), v (r i) = v i) → G 1 = G r
@Mathoverflow1973.Hurewicz.CubeTriangulation.eq_swap_of_sorted_tie : ∀ {n : ℕ} {α : Type u_1} [inst : LinearOrder α]
  (u : Fin (n + 1) → α) {A : Type u_2} (F : Equiv.Perm (Fin (n + 1)) → A),
  (∀ (e : Equiv.Perm (Fin (n + 1))),
      Mathoverflow1973.Hurewicz.CubeTriangulation.SortedCoordinates u e →
        ∀ (i : Fin n), u (e i.castSucc) = u (e i.succ) → F e = F (Equiv.trans (Equiv.swap i.castSucc i.succ) e)) →
    ∀ {e : Equiv.Perm (Fin (n + 1))},
      Mathoverflow1973.Hurewicz.CubeTriangulation.SortedCoordinates u e →
        ∀ (a b : Fin (n + 1)), u (e a) = u (e b) → F e = F (Equiv.trans (Equiv.swap a b) e)
@Mathoverflow1973.Hurewicz.CubeTriangulation.exists_cubeSimplex : ∀ {n : ℕ}
  (u : Mathoverflow1973.Hurewicz.CubeTriangulation.CubeN n),
  ∃ e s, (Mathoverflow1973.Hurewicz.CubeTriangulation.cubeSimplex e) s = u
@Mathoverflow1973.Hurewicz.CubeTriangulation.exists_sortedPermutation : ∀ {n : ℕ} {α : Type u_1} [inst : LinearOrder α]
  (u : Fin n → α), ∃ e, Mathoverflow1973.Hurewicz.CubeTriangulation.SortedCoordinates u e
@Mathoverflow1973.Hurewicz.CubeTriangulation.sortedCoordinates_swap_of_tie : ∀ {n : ℕ} {α : Type u_1}
  [inst : LinearOrder α] {u : Fin n → α} {e : Equiv.Perm (Fin n)},
  Mathoverflow1973.Hurewicz.CubeTriangulation.SortedCoordinates u e →
    ∀ {a b : Fin n},
      u (e a) = u (e b) →
        Mathoverflow1973.Hurewicz.CubeTriangulation.SortedCoordinates u (Equiv.trans (Equiv.swap a b) e)
@Mathoverflow1973.Hurewicz.CubeTriangulation.sortedPermutation : {n : ℕ} →
  {α : Type u_1} → [LinearOrder α] → (Fin n → α) → Equiv.Perm (Fin n)
@Mathoverflow1973.Hurewicz.CubeTriangulation.sortedPermutation_sorted : ∀ {n : ℕ} {α : Type u_1} [inst : LinearOrder α]
  (u : Fin n → α),
  Mathoverflow1973.Hurewicz.CubeTriangulation.SortedCoordinates u
    (Mathoverflow1973.Hurewicz.CubeTriangulation.sortedPermutation u)
@Mathoverflow1973.Hurewicz.CubeTriangulation.sorted_values_eq : ∀ {n : ℕ} {α : Type u_1} [inst : LinearOrder α]
  (u : Fin n → α) {e f : Equiv.Perm (Fin n)},
  Mathoverflow1973.Hurewicz.CubeTriangulation.SortedCoordinates u e →
    Mathoverflow1973.Hurewicz.CubeTriangulation.SortedCoordinates u f → ∀ (i : Fin n), u (e i) = u (f i)
@Mathoverflow1973.Hurewicz.CubeTriangulation.sum_cubeOrientation_faces : ∀ {m : ℕ} {A : Type u_1}
  [inst : AddCommGroup A] (T : Equiv.Perm (Fin (m + 2)) → Fin (m + 3) → A),
  (∀ (e : Equiv.Perm (Fin (m + 2))) (j : Fin (m + 1)),
      T (Equiv.trans (Equiv.swap j.castSucc j.succ) e) j.succ.castSucc = T e j.succ.castSucc) →
    ∀ (C : A),
      (∀ (e : Equiv.Perm (Fin (m + 2))), T e 0 = C) →
        (∀ (e : Equiv.Perm (Fin (m + 2))), T e (Fin.last (m + 2)) = C) →
          ∑ e, Mathoverflow1973.Hurewicz.CubeTriangulation.cubeOrientation e • ∑ i, (-1) ^ ↑i • T e i = 0
@Mathoverflow1973.Hurewicz.CubeTriangulation.sum_face_trichotomy : ∀ {m : ℕ} {A : Type u_1} [inst : AddCommGroup A]
  (f : Fin (m + 3) → A), ∑ i, f i = f 0 + ∑ j, f j.succ.castSucc + f (Fin.last (m + 2))
@Mathoverflow1973.Hurewicz.CubeTriangulation.sum_fin_differences : ∀ {n : ℕ} (a : Fin (n + 1) → ℝ),
  ∑ i, (a i.castSucc - a i.succ) = a 0 - a (Fin.last n)
Mathoverflow1973.Hurewicz.CubeTriangulation.sum_fin_differences_tail : ∀ (n : ℕ) (a : Fin (n + 1) → ℝ) (i : Fin n),
  (∑ k, if ↑i ≤ ↑k then a k.castSucc - a k.succ else 0) = a i.castSucc - a (Fin.last n)
@Mathoverflow1973.Hurewicz.CubeTriangulation.valuePreservingPermutation_induction : ∀ {ι : Type u_1} {β : Type u_2}
  [inst : DecidableEq ι] [Finite ι] (v : ι → β) {P : Equiv.Perm ι → Prop},
  P 1 →
    (∀ (r : Equiv.Perm ι) (a b : ι), v a = v b → (∀ (i : ι), v (r i) = v i) → P r → P (Equiv.swap a b * r)) →
      ∀ (r : Equiv.Perm ι), (∀ (i : ι), v (r i) = v i) → P r
Mathoverflow1973.Hurewicz.CubicalBoundary.BasedCubicalCell : ℕ → {X : Type u_1} → [TopologicalSpace X] → X → Type u_1
@Mathoverflow1973.Hurewicz.CubicalBoundary.CubicalEvaluator : {X : Type u_1} →
  [TopologicalSpace X] → ℕ → X → (A : Type u_2) → [AddCommGroup A] → Type (max u_1 u_2)
@Mathoverflow1973.Hurewicz.CubicalBoundary.CubicalEvaluator.map_constantClosingPaths : ∀ {n : ℕ} {X : Type u_1}
  [inst : TopologicalSpace X] {x : X} {A : Type u_2} [inst_1 : AddCommGroup A]
  (E : Mathoverflow1973.Hurewicz.CubicalBoundary.CubicalEvaluator (n + 1) x A) (p : ↑(GenLoop (Fin (n + 1)) X x)),
  E.evaluate (GenLoop.transAt 0 GenLoop.const (GenLoop.transAt 0 p GenLoop.const)) = E.evaluate p
@Mathoverflow1973.Hurewicz.CubicalBoundary.CubicalEvaluator.map_cyclicClosingPaths : ∀ {n : ℕ} {X : Type u_1}
  [inst : TopologicalSpace X] {x : X} {A : Type u_2} [inst_1 : AddCommGroup A]
  (E : Mathoverflow1973.Hurewicz.CubicalBoundary.CubicalEvaluator (n + 1) x A) (l p r : ↑(GenLoop (Fin (n + 1)) X x)),
  E.evaluate
      (GenLoop.transAt 0 (Mathoverflow1973.Hurewicz.NativeSubdivision.permuteCubeLoop l (finRotate (n + 1)))
        (GenLoop.transAt 0 p
          (GenLoop.symmAt 0 (Mathoverflow1973.Hurewicz.NativeSubdivision.permuteCubeLoop r (finRotate (n + 1)))))) =
    E.evaluate p - (-1) ^ n • (E.evaluate r - E.evaluate l)
@Mathoverflow1973.Hurewicz.CubicalBoundary.CubicalEvaluator.map_finRotate : ∀ {X : Type u_1} [inst : TopologicalSpace X]
  {n : ℕ} {x : X} {A : Type u_2} [inst_1 : AddCommGroup A]
  (E : Mathoverflow1973.Hurewicz.CubicalBoundary.CubicalEvaluator n x A) (p : ↑(GenLoop (Fin n) X x)),
  E.evaluate (Mathoverflow1973.Hurewicz.NativeSubdivision.permuteCubeLoop p (finRotate n)) =
    (-1) ^ (n - 1) • E.evaluate p
@Mathoverflow1973.Hurewicz.CubicalBoundary.CubicalEvaluator.map_permutation : ∀ {X : Type u_1}
  [inst : TopologicalSpace X] {n : ℕ} {x : X} {A : Type u_2} [inst_1 : AddCommGroup A]
  (E : Mathoverflow1973.Hurewicz.CubicalBoundary.CubicalEvaluator n x A) (p : ↑(GenLoop (Fin n) X x))
  (e : Equiv.Perm (Fin n)),
  E.evaluate (Mathoverflow1973.Hurewicz.NativeSubdivision.permuteCubeLoop p e) = ↑(Equiv.Perm.sign e) • E.evaluate p
@Mathoverflow1973.Hurewicz.CubicalBoundary.CubicalEvaluator.uncurry : {n : ℕ} →
  {X : Type u_1} →
    [inst : TopologicalSpace X] →
      {x : X} →
        {A : Type u_2} →
          [inst_1 : AddCommGroup A] →
            Mathoverflow1973.Hurewicz.CubicalBoundary.CubicalEvaluator (n + 1) x A →
              Mathoverflow1973.Hurewicz.CubicalBoundary.CubicalEvaluator n GenLoop.const A
@Mathoverflow1973.Hurewicz.CubicalBoundary.CubicalEvaluator.uncurry_apply : ∀ {n : ℕ} {X : Type u_1}
  [inst : TopologicalSpace X] {x : X} {A : Type u_2} [inst_1 : AddCommGroup A]
  (E : Mathoverflow1973.Hurewicz.CubicalBoundary.CubicalEvaluator (n + 1) x A)
  (p : ↑(GenLoop (Fin n) (↑(GenLoop (Fin 1) X x)) GenLoop.const)),
  E.uncurry.evaluate p = E.evaluate (Mathoverflow1973.Hurewicz.CubicalBoundary.uncurryLoop p)
@Mathoverflow1973.Hurewicz.CubicalBoundary.alternatingSign_smul_involution : ∀ {A : Type u_1} [inst : AddCommGroup A]
  (n : ℕ) (a : A), (-1) ^ n • (-1) ^ n • a = a
@Mathoverflow1973.Hurewicz.CubicalBoundary.alternatingSum_dimension_reduction : ∀ {A : Type u_1} [inst : AddCommGroup A]
  (n : ℕ) (a : Fin (n + 2) → A) (b : Fin (n + 1) → A),
  (∀ (i : Fin n), b i.castSucc = a i.castSucc.succ) →
    b (Fin.last n) = a (Fin.last (n + 1)) - (-1) ^ n • a 0 → ∑ i, (-1) ^ ↑i • a i = -∑ i, (-1) ^ ↑i • b i
@Mathoverflow1973.Hurewicz.CubicalBoundary.alternatingSum_head : ∀ {A : Type u_1} [inst : AddCommGroup A] (n : ℕ)
  (a : Fin (n + 2) → A), ∑ i, (-1) ^ ↑i • a i = a 0 - ∑ i, (-1) ^ ↑i • a i.succ
Mathoverflow1973.Hurewicz.CubicalBoundary.cubeFacet : (n : ℕ) →
  Fin (n + 1) → ↑unitInterval → C(Fin n → ↑unitInterval, Fin (n + 1) → ↑unitInterval)
Mathoverflow1973.Hurewicz.CubicalBoundary.cubeFacet_apply_self : ∀ (n : ℕ) (i : Fin (n + 1)) (ε : ↑unitInterval)
  (u : Fin n → ↑unitInterval), (Mathoverflow1973.Hurewicz.CubicalBoundary.cubeFacet n i ε) u i = ε
Mathoverflow1973.Hurewicz.CubicalBoundary.cubeFacet_apply_succAbove : ∀ (n : ℕ) (i : Fin (n + 1)) (ε : ↑unitInterval)
  (u : Fin n → ↑unitInterval) (j : Fin n),
  (Mathoverflow1973.Hurewicz.CubicalBoundary.cubeFacet n i ε) u (i.succAbove j) = u j
Mathoverflow1973.Hurewicz.CubicalBoundary.cubeFacet_succ_cons : ∀ (n : ℕ) (i : Fin (n + 1)) (ε s : ↑unitInterval)
  (u : Fin n → ↑unitInterval),
  (Mathoverflow1973.Hurewicz.CubicalBoundary.cubeFacet (n + 1) i.succ ε) (Fin.cons s u) =
    Fin.cons s ((Mathoverflow1973.Hurewicz.CubicalBoundary.cubeFacet n i ε) u)
@Mathoverflow1973.Hurewicz.CubicalBoundary.cubicalBoundaryValue : {X : Type u_1} →
  [inst : TopologicalSpace X] →
    {n : ℕ} →
      {x : X} →
        {A : Type u_2} →
          [inst_1 : AddCommGroup A] →
            Mathoverflow1973.Hurewicz.CubicalBoundary.CubicalEvaluator n x A →
              Mathoverflow1973.Hurewicz.CubicalBoundary.BasedCubicalCell (n + 1) x → A
@Mathoverflow1973.Hurewicz.CubicalBoundary.cubicalBoundaryValue_dimension_reduction : ∀ {n : ℕ} {X : Type u_1}
  [inst : TopologicalSpace X] {x : X} {A : Type u_2} [inst_1 : AddCommGroup A]
  (E : Mathoverflow1973.Hurewicz.CubicalBoundary.CubicalEvaluator (n + 1) x A)
  (F : Mathoverflow1973.Hurewicz.CubicalBoundary.BasedCubicalCell (n + 2) x),
  Mathoverflow1973.Hurewicz.CubicalBoundary.cubicalBoundaryValue E F =
    -Mathoverflow1973.Hurewicz.CubicalBoundary.cubicalBoundaryValue E.uncurry
        (Mathoverflow1973.Hurewicz.CubicalBoundary.whiskeredCell F)
Mathoverflow1973.Hurewicz.CubicalBoundary.cubicalBoundaryValue_eq_zero : ∀ (n : ℕ) {X : Type u_1}
  [inst : TopologicalSpace X] {x : X} {A : Type u_2} [inst_1 : AddCommGroup A]
  (E : Mathoverflow1973.Hurewicz.CubicalBoundary.CubicalEvaluator (n + 1) x A)
  (F : Mathoverflow1973.Hurewicz.CubicalBoundary.BasedCubicalCell (n + 2) x),
  Mathoverflow1973.Hurewicz.CubicalBoundary.cubicalBoundaryValue E F = 0
@Mathoverflow1973.Hurewicz.CubicalBoundary.cubicalBoundaryValue_square : ∀ {X : Type u_1} [inst : TopologicalSpace X]
  {x : X} {A : Type u_2} [inst_1 : AddCommGroup A]
  (E : Mathoverflow1973.Hurewicz.CubicalBoundary.CubicalEvaluator 1 x A)
  (F : Mathoverflow1973.Hurewicz.CubicalBoundary.BasedCubicalCell 2 x),
  Mathoverflow1973.Hurewicz.CubicalBoundary.cubicalBoundaryValue E F = 0
@Mathoverflow1973.Hurewicz.CubicalBoundary.cubicalFace : {X : Type u_1} →
  [inst : TopologicalSpace X] →
    {x : X} →
      {n : ℕ} →
        Mathoverflow1973.Hurewicz.CubicalBoundary.BasedCubicalCell (n + 1) x →
          Fin (n + 1) → (ε : ↑unitInterval) → ε = 0 ∨ ε = 1 → ↑(GenLoop (Fin n) X x)
@Mathoverflow1973.Hurewicz.CubicalBoundary.cubicalFace_apply : ∀ {X : Type u_1} [inst : TopologicalSpace X] {x : X}
  {n : ℕ} (F : Mathoverflow1973.Hurewicz.CubicalBoundary.BasedCubicalCell (n + 1) x) (i : Fin (n + 1))
  (ε : ↑unitInterval) (hε : ε = 0 ∨ ε = 1) (u : Fin n → ↑unitInterval),
  (Mathoverflow1973.Hurewicz.CubicalBoundary.cubicalFace F i ε hε) u =
    ↑F ((Mathoverflow1973.Hurewicz.CubicalBoundary.cubeFacet n i ε) u)
@Mathoverflow1973.Hurewicz.CubicalBoundary.cubicalLowerFace : {X : Type u_1} →
  [inst : TopologicalSpace X] →
    {x : X} →
      {n : ℕ} →
        Mathoverflow1973.Hurewicz.CubicalBoundary.BasedCubicalCell (n + 1) x → Fin (n + 1) → ↑(GenLoop (Fin n) X x)
@Mathoverflow1973.Hurewicz.CubicalBoundary.cubicalUpperFace : {X : Type u_1} →
  [inst : TopologicalSpace X] →
    {x : X} →
      {n : ℕ} →
        Mathoverflow1973.Hurewicz.CubicalBoundary.BasedCubicalCell (n + 1) x → Fin (n + 1) → ↑(GenLoop (Fin n) X x)
@Mathoverflow1973.Hurewicz.CubicalBoundary.instCoeFun1 : {X : Type u_1} →
  [inst : TopologicalSpace X] →
    {n : ℕ} →
      {x : X} →
        {A : Type u_2} →
          [inst_1 : AddCommGroup A] →
            CoeFun (Mathoverflow1973.Hurewicz.CubicalBoundary.CubicalEvaluator n x A) fun x_1 =>
              ↑(GenLoop (Fin n) X x) → A
@Mathoverflow1973.Hurewicz.CubicalBoundary.nativeCubicalEvaluator : {X : Type u_1} →
  [inst : TopologicalSpace X] →
    (n : ℕ) →
      (x : X) →
        Mathoverflow1973.Hurewicz.CubicalBoundary.CubicalEvaluator (n + 2) x (Additive (HomotopyGroup.Pi (n + 2) X x))
@Mathoverflow1973.Hurewicz.CubicalBoundary.squareCubicalFacesHomotopy : {X : Type u_1} →
  [inst : TopologicalSpace X] →
    {x : X} →
      (F : Mathoverflow1973.Hurewicz.CubicalBoundary.BasedCubicalCell 2 x) →
        (↑(GenLoop.transAt 0 (Mathoverflow1973.Hurewicz.CubicalBoundary.cubicalLowerFace F 1)
                (Mathoverflow1973.Hurewicz.CubicalBoundary.cubicalUpperFace F 0))).HomotopyRel
          (↑(GenLoop.transAt 0 (Mathoverflow1973.Hurewicz.CubicalBoundary.cubicalLowerFace F 0)
              (Mathoverflow1973.Hurewicz.CubicalBoundary.cubicalUpperFace F 1)))
          (Cube.boundary (Fin 1))
@Mathoverflow1973.Hurewicz.CubicalBoundary.squareCubicalFaces_homotopic : ∀ {X : Type u_1} [inst : TopologicalSpace X]
  {x : X} (F : Mathoverflow1973.Hurewicz.CubicalBoundary.BasedCubicalCell 2 x),
  GenLoop.Homotopic
    (GenLoop.transAt 0 (Mathoverflow1973.Hurewicz.CubicalBoundary.cubicalLowerFace F 1)
      (Mathoverflow1973.Hurewicz.CubicalBoundary.cubicalUpperFace F 0))
    (GenLoop.transAt 0 (Mathoverflow1973.Hurewicz.CubicalBoundary.cubicalLowerFace F 0)
      (Mathoverflow1973.Hurewicz.CubicalBoundary.cubicalUpperFace F 1))
Mathoverflow1973.Hurewicz.CubicalBoundary.squareFacet_one : ∀ (ε : ↑unitInterval) (u : Fin 1 → ↑unitInterval),
  (Mathoverflow1973.Hurewicz.CubicalBoundary.cubeFacet 1 1 ε) u = ![u 0, ε]
Mathoverflow1973.Hurewicz.CubicalBoundary.squareFacet_zero : ∀ (ε : ↑unitInterval) (u : Fin 1 → ↑unitInterval),
  (Mathoverflow1973.Hurewicz.CubicalBoundary.cubeFacet 1 0 ε) u = ![ε, u 0]
Mathoverflow1973.Hurewicz.CubicalBoundary.squareLowerRoute : C(Fin 1 → ↑unitInterval, Fin 2 → ↑unitInterval)
Mathoverflow1973.Hurewicz.CubicalBoundary.squareLowerRoute_of_le : ∀ (u : Fin 1 → ↑unitInterval),
  ↑(u 0) ≤ 1 / 2 → Mathoverflow1973.Hurewicz.CubicalBoundary.squareLowerRoute u = ![Set.projIcc 0 1 ⋯ (2 * ↑(u 0)), 0]
Mathoverflow1973.Hurewicz.CubicalBoundary.squareLowerRoute_of_not_le : ∀ (u : Fin 1 → ↑unitInterval),
  ¬↑(u 0) ≤ 1 / 2 →
    Mathoverflow1973.Hurewicz.CubicalBoundary.squareLowerRoute u = ![1, Set.projIcc 0 1 ⋯ (2 * ↑(u 0) - 1)]
Mathoverflow1973.Hurewicz.CubicalBoundary.squareLowerRoute_one : ∀ (u : Fin 1 → ↑unitInterval),
  u 0 = 1 → Mathoverflow1973.Hurewicz.CubicalBoundary.squareLowerRoute u = fun x => 1
@Mathoverflow1973.Hurewicz.CubicalBoundary.squareLowerRoute_transAt_apply : ∀ {X : Type u_1} [inst : TopologicalSpace X]
  {x : X} (F : Mathoverflow1973.Hurewicz.CubicalBoundary.BasedCubicalCell 2 x) (u : Fin 1 → ↑unitInterval),
  (GenLoop.transAt 0 (Mathoverflow1973.Hurewicz.CubicalBoundary.cubicalLowerFace F 1)
        (Mathoverflow1973.Hurewicz.CubicalBoundary.cubicalUpperFace F 0))
      u =
    ↑F (Mathoverflow1973.Hurewicz.CubicalBoundary.squareLowerRoute u)
Mathoverflow1973.Hurewicz.CubicalBoundary.squareLowerRoute_zero : ∀ (u : Fin 1 → ↑unitInterval),
  u 0 = 0 → Mathoverflow1973.Hurewicz.CubicalBoundary.squareLowerRoute u = fun x => 0
Mathoverflow1973.Hurewicz.CubicalBoundary.squareRoutesBlend : C(↑unitInterval × (Fin 1 → ↑unitInterval),
  Fin 2 → ↑unitInterval)
Mathoverflow1973.Hurewicz.CubicalBoundary.squareRoutesBlend_endpoint_one : ∀ (t : ↑unitInterval)
  (u : Fin 1 → ↑unitInterval), u 0 = 1 → Mathoverflow1973.Hurewicz.CubicalBoundary.squareRoutesBlend (t, u) = fun x => 1
Mathoverflow1973.Hurewicz.CubicalBoundary.squareRoutesBlend_endpoint_zero : ∀ (t : ↑unitInterval)
  (u : Fin 1 → ↑unitInterval), u 0 = 0 → Mathoverflow1973.Hurewicz.CubicalBoundary.squareRoutesBlend (t, u) = fun x => 0
Mathoverflow1973.Hurewicz.CubicalBoundary.squareRoutesBlend_one : ∀ (u : Fin 1 → ↑unitInterval),
  Mathoverflow1973.Hurewicz.CubicalBoundary.squareRoutesBlend (1, u) =
    Mathoverflow1973.Hurewicz.CubicalBoundary.squareUpperRoute u
Mathoverflow1973.Hurewicz.CubicalBoundary.squareRoutesBlend_zero : ∀ (u : Fin 1 → ↑unitInterval),
  Mathoverflow1973.Hurewicz.CubicalBoundary.squareRoutesBlend (0, u) =
    Mathoverflow1973.Hurewicz.CubicalBoundary.squareLowerRoute u
Mathoverflow1973.Hurewicz.CubicalBoundary.squareUpperRoute : C(Fin 1 → ↑unitInterval, Fin 2 → ↑unitInterval)
Mathoverflow1973.Hurewicz.CubicalBoundary.squareUpperRoute_of_le : ∀ (u : Fin 1 → ↑unitInterval),
  ↑(u 0) ≤ 1 / 2 → Mathoverflow1973.Hurewicz.CubicalBoundary.squareUpperRoute u = ![0, Set.projIcc 0 1 ⋯ (2 * ↑(u 0))]
Mathoverflow1973.Hurewicz.CubicalBoundary.squareUpperRoute_of_not_le : ∀ (u : Fin 1 → ↑unitInterval),
  ¬↑(u 0) ≤ 1 / 2 →
    Mathoverflow1973.Hurewicz.CubicalBoundary.squareUpperRoute u = ![Set.projIcc 0 1 ⋯ (2 * ↑(u 0) - 1), 1]
Mathoverflow1973.Hurewicz.CubicalBoundary.squareUpperRoute_one : ∀ (u : Fin 1 → ↑unitInterval),
  u 0 = 1 → Mathoverflow1973.Hurewicz.CubicalBoundary.squareUpperRoute u = fun x => 1
@Mathoverflow1973.Hurewicz.CubicalBoundary.squareUpperRoute_transAt_apply : ∀ {X : Type u_1} [inst : TopologicalSpace X]
  {x : X} (F : Mathoverflow1973.Hurewicz.CubicalBoundary.BasedCubicalCell 2 x) (u : Fin 1 → ↑unitInterval),
  (GenLoop.transAt 0 (Mathoverflow1973.Hurewicz.CubicalBoundary.cubicalLowerFace F 0)
        (Mathoverflow1973.Hurewicz.CubicalBoundary.cubicalUpperFace F 1))
      u =
    ↑F (Mathoverflow1973.Hurewicz.CubicalBoundary.squareUpperRoute u)
Mathoverflow1973.Hurewicz.CubicalBoundary.squareUpperRoute_zero : ∀ (u : Fin 1 → ↑unitInterval),
  u 0 = 0 → Mathoverflow1973.Hurewicz.CubicalBoundary.squareUpperRoute u = fun x => 0
@Mathoverflow1973.Hurewicz.CubicalBoundary.uncurryHead_update_succ : ∀ {n : ℕ} (u : Fin (n + 1) → ↑unitInterval)
  (i : Fin n) (t : ↑unitInterval), Function.update u i.succ t 0 = u 0
@Mathoverflow1973.Hurewicz.CubicalBoundary.uncurryLoop : {X : Type u_1} →
  [inst : TopologicalSpace X] →
    {x : X} → {n : ℕ} → ↑(GenLoop (Fin n) (↑(GenLoop (Fin 1) X x)) GenLoop.const) → ↑(GenLoop (Fin (n + 1)) X x)
@Mathoverflow1973.Hurewicz.CubicalBoundary.uncurryLoopHomotopy : {X : Type u_1} →
  [inst : TopologicalSpace X] →
    {x : X} →
      {n : ℕ} →
        {p q : ↑(GenLoop (Fin n) (↑(GenLoop (Fin 1) X x)) GenLoop.const)} →
          (↑p).HomotopyRel (↑q) (Cube.boundary (Fin n)) →
            (↑(Mathoverflow1973.Hurewicz.CubicalBoundary.uncurryLoop p)).HomotopyRel
              (↑(Mathoverflow1973.Hurewicz.CubicalBoundary.uncurryLoop q)) (Cube.boundary (Fin (n + 1)))
@Mathoverflow1973.Hurewicz.CubicalBoundary.uncurryLoop_apply : ∀ {X : Type u_1} [inst : TopologicalSpace X] {x : X}
  {n : ℕ} (p : ↑(GenLoop (Fin n) (↑(GenLoop (Fin 1) X x)) GenLoop.const)) (u : Fin (n + 1) → ↑unitInterval),
  (Mathoverflow1973.Hurewicz.CubicalBoundary.uncurryLoop p) u = (p fun i => u i.succ) fun x => u 0
@Mathoverflow1973.Hurewicz.CubicalBoundary.uncurryLoop_const : ∀ {X : Type u_1} [inst : TopologicalSpace X] {x : X}
  {n : ℕ}, Mathoverflow1973.Hurewicz.CubicalBoundary.uncurryLoop GenLoop.const = GenLoop.const
@Mathoverflow1973.Hurewicz.CubicalBoundary.uncurryLoop_homotopic : ∀ {X : Type u_1} [inst : TopologicalSpace X] {x : X}
  {n : ℕ} {p q : ↑(GenLoop (Fin n) (↑(GenLoop (Fin 1) X x)) GenLoop.const)},
  GenLoop.Homotopic p q →
    GenLoop.Homotopic (Mathoverflow1973.Hurewicz.CubicalBoundary.uncurryLoop p)
      (Mathoverflow1973.Hurewicz.CubicalBoundary.uncurryLoop q)
@Mathoverflow1973.Hurewicz.CubicalBoundary.uncurryLoop_swap : ∀ {X : Type u_1} [inst : TopologicalSpace X] {x : X}
  {n : ℕ} (p : ↑(GenLoop (Fin n) (↑(GenLoop (Fin 1) X x)) GenLoop.const)) (i j : Fin n),
  Mathoverflow1973.Hurewicz.CubicalBoundary.uncurryLoop
      (Mathoverflow1973.Hurewicz.NativeSubdivision.permuteCubeLoop p (Equiv.swap i j)) =
    Mathoverflow1973.Hurewicz.NativeSubdivision.permuteCubeLoop
      (Mathoverflow1973.Hurewicz.CubicalBoundary.uncurryLoop p) (Equiv.swap i.succ j.succ)
@Mathoverflow1973.Hurewicz.CubicalBoundary.uncurryLoop_symmAt : ∀ {n : ℕ} {X : Type u_1} [inst : TopologicalSpace X]
  {x : X} (i : Fin n) (p : ↑(GenLoop (Fin n) (↑(GenLoop (Fin 1) X x)) GenLoop.const)),
  Mathoverflow1973.Hurewicz.CubicalBoundary.uncurryLoop (GenLoop.symmAt i p) =
    GenLoop.symmAt i.succ (Mathoverflow1973.Hurewicz.CubicalBoundary.uncurryLoop p)
@Mathoverflow1973.Hurewicz.CubicalBoundary.uncurryLoop_transAt : ∀ {n : ℕ} {X : Type u_1} [inst : TopologicalSpace X]
  {x : X} (i : Fin n) (p q : ↑(GenLoop (Fin n) (↑(GenLoop (Fin 1) X x)) GenLoop.const)),
  Mathoverflow1973.Hurewicz.CubicalBoundary.uncurryLoop (GenLoop.transAt i p q) =
    GenLoop.transAt i.succ (Mathoverflow1973.Hurewicz.CubicalBoundary.uncurryLoop p)
      (Mathoverflow1973.Hurewicz.CubicalBoundary.uncurryLoop q)
@Mathoverflow1973.Hurewicz.CubicalBoundary.uncurryTail_update_succ : ∀ {n : ℕ} (u : Fin (n + 1) → ↑unitInterval)
  (i : Fin n) (t : ↑unitInterval),
  (fun j => Function.update u i.succ t j.succ) = Function.update (fun j => u j.succ) i t
@Mathoverflow1973.Hurewicz.CubicalBoundary.whiskerCorner_based : ∀ {n : ℕ} {X : Type u_1} [inst : TopologicalSpace X]
  {x : X} (F : Mathoverflow1973.Hurewicz.CubicalBoundary.BasedCubicalCell (n + 2) x) (ε : ↑unitInterval),
  ε = 0 ∨ ε = 1 → ∀ (v : Fin n → ↑unitInterval), ↑F (Fin.cons ε (Fin.snoc v 0)) = x
@Mathoverflow1973.Hurewicz.CubicalBoundary.whiskerFacetNormal_arm_based : ∀ {n : ℕ} {X : Type u_1}
  [inst : TopologicalSpace X] {x : X} (F : Mathoverflow1973.Hurewicz.CubicalBoundary.BasedCubicalCell (n + 2) x)
  (i : Fin (n + 1)) (ε : ↑unitInterval),
  ε = 0 ∨ ε = 1 →
    i ≠ Fin.last n ∨ ε = 0 →
      ∀ (u : Fin n → ↑unitInterval) (a : ↑unitInterval),
        a = 0 ∨ a = 1 →
          ∀ (r : ↑unitInterval),
            ↑F
                (Fin.cons a
                  (Fin.snoc (Fin.init ((Mathoverflow1973.Hurewicz.CubicalBoundary.cubeFacet n i ε) u))
                    (r * (Mathoverflow1973.Hurewicz.CubicalBoundary.cubeFacet n i ε) u (Fin.last n)))) =
              x
@Mathoverflow1973.Hurewicz.CubicalBoundary.whiskerFacet_last_coordinates : ∀ {n : ℕ} (ε : ↑unitInterval)
  (u : Fin n → ↑unitInterval), (Mathoverflow1973.Hurewicz.CubicalBoundary.cubeFacet n (Fin.last n) ε) u = Fin.snoc u ε
@Mathoverflow1973.Hurewicz.CubicalBoundary.whiskerFacet_last_upper_apply : ∀ {n : ℕ} {X : Type u_1}
  [inst : TopologicalSpace X] {x : X} (F : Mathoverflow1973.Hurewicz.CubicalBoundary.BasedCubicalCell (n + 2) x)
  (u : Fin (n + 1) → ↑unitInterval),
  (Mathoverflow1973.Hurewicz.CubicalBoundary.cubicalUpperFace F (Fin.last (n + 1))) u =
    ↑F (Fin.cons (u 0) (Fin.snoc (Fin.tail u) 1))
@Mathoverflow1973.Hurewicz.CubicalBoundary.whiskerFacet_last_upper_uncurry_apply : ∀ {n : ℕ} {X : Type u_1}
  [inst : TopologicalSpace X] {x : X} (F : Mathoverflow1973.Hurewicz.CubicalBoundary.BasedCubicalCell (n + 2) x)
  (u : Fin (n + 1) → ↑unitInterval),
  (Mathoverflow1973.Hurewicz.CubicalBoundary.uncurryLoop
        (Mathoverflow1973.Hurewicz.CubicalBoundary.cubicalUpperFace
          (Mathoverflow1973.Hurewicz.CubicalBoundary.whiskeredCell F) (Fin.last n)))
      u =
    ↑F
      (Fin.cons (Mathoverflow1973.Hurewicz.CubicalBoundary.whiskerTrack (u 0)).1
        (Fin.snoc (Fin.tail u) (Mathoverflow1973.Hurewicz.CubicalBoundary.whiskerTrack (u 0)).2))
@Mathoverflow1973.Hurewicz.CubicalBoundary.whiskerFacet_reflected_rotated_face_apply : ∀ {n : ℕ} {X : Type u_1}
  [inst : TopologicalSpace X] {x : X} (F : Mathoverflow1973.Hurewicz.CubicalBoundary.BasedCubicalCell (n + 2) x)
  (ε : ↑unitInterval) (hε : ε = 0 ∨ ε = 1) (u : Fin (n + 1) → ↑unitInterval),
  (GenLoop.symmAt 0
        (Mathoverflow1973.Hurewicz.NativeSubdivision.permuteCubeLoop
          (Mathoverflow1973.Hurewicz.CubicalBoundary.cubicalFace F 0 ε hε) (finRotate (n + 1))))
      u =
    ↑F (Fin.cons ε (Fin.snoc (Fin.tail u) (unitInterval.symm (u 0))))
@Mathoverflow1973.Hurewicz.CubicalBoundary.whiskerFacet_rotate_coordinates : ∀ {n : ℕ}
  (u : Fin (n + 1) → ↑unitInterval), (fun i => u ((finRotate (n + 1)) i)) = Fin.snoc (Fin.tail u) (u 0)
@Mathoverflow1973.Hurewicz.CubicalBoundary.whiskerFacet_rotated_face_apply : ∀ {n : ℕ} {X : Type u_1}
  [inst : TopologicalSpace X] {x : X} (F : Mathoverflow1973.Hurewicz.CubicalBoundary.BasedCubicalCell (n + 2) x)
  (ε : ↑unitInterval) (hε : ε = 0 ∨ ε = 1) (u : Fin (n + 1) → ↑unitInterval),
  (Mathoverflow1973.Hurewicz.NativeSubdivision.permuteCubeLoop
        (Mathoverflow1973.Hurewicz.CubicalBoundary.cubicalFace F 0 ε hε) (finRotate (n + 1)))
      u =
    ↑F (Fin.cons ε (Fin.snoc (Fin.tail u) (u 0)))
@Mathoverflow1973.Hurewicz.CubicalBoundary.whiskerFacet_symmAt_zero_apply : ∀ {n : ℕ} {X : Type u_1}
  [inst : TopologicalSpace X] {x : X} (p : ↑(GenLoop (Fin (n + 1)) X x)) (u : Fin (n + 1) → ↑unitInterval),
  (GenLoop.symmAt 0 p) u = p (Function.update u 0 (unitInterval.symm (u 0)))
@Mathoverflow1973.Hurewicz.CubicalBoundary.whiskerFacet_transAt_zero_apply : ∀ {n : ℕ} {X : Type u_1}
  [inst : TopologicalSpace X] {x : X} (p q : ↑(GenLoop (Fin (n + 1)) X x)) (u : Fin (n + 1) → ↑unitInterval),
  (GenLoop.transAt 0 p q) u =
    if ↑(u 0) ≤ 1 / 2 then p (Function.update u 0 (Set.projIcc 0 1 ⋯ (2 * ↑(u 0))))
    else q (Function.update u 0 (Set.projIcc 0 1 ⋯ (2 * ↑(u 0) - 1)))
@Mathoverflow1973.Hurewicz.CubicalBoundary.whiskerFacet_zero_coordinates : ∀ {n : ℕ} (ε : ↑unitInterval)
  (u : Fin (n + 1) → ↑unitInterval), (Mathoverflow1973.Hurewicz.CubicalBoundary.cubeFacet (n + 1) 0 ε) u = Fin.cons ε u
Mathoverflow1973.Hurewicz.CubicalBoundary.whiskerFinishTrack : Path (1, 0) (1, 1)
Mathoverflow1973.Hurewicz.CubicalBoundary.whiskerMap : (n : ℕ) →
  C((Fin (n + 1) → ↑unitInterval) × ↑unitInterval, Fin (n + 2) → ↑unitInterval)
Mathoverflow1973.Hurewicz.CubicalBoundary.whiskerMap_apply : ∀ (n : ℕ) (u : Fin (n + 1) → ↑unitInterval)
  (s : ↑unitInterval),
  (Mathoverflow1973.Hurewicz.CubicalBoundary.whiskerMap n) (u, s) =
    Fin.cons (Mathoverflow1973.Hurewicz.CubicalBoundary.whiskerTrack s).1
      (Fin.snoc (Fin.init u) ((Mathoverflow1973.Hurewicz.CubicalBoundary.whiskerTrack s).2 * u (Fin.last n)))
@Mathoverflow1973.Hurewicz.CubicalBoundary.whiskerMap_based_of_prefix_last : ∀ {n : ℕ} {X : Type u_1}
  [inst : TopologicalSpace X] {x : X} (F : Mathoverflow1973.Hurewicz.CubicalBoundary.BasedCubicalCell (n + 2) x)
  (u : Fin (n + 1) → ↑unitInterval) (s : ↑unitInterval) (i : Fin n),
  u i.castSucc = 0 ∨ u i.castSucc = 1 →
    u (Fin.last n) = 0 ∨ u (Fin.last n) = 1 → ↑F ((Mathoverflow1973.Hurewicz.CubicalBoundary.whiskerMap n) (u, s)) = x
@Mathoverflow1973.Hurewicz.CubicalBoundary.whiskerMap_based_of_two_prefix : ∀ {n : ℕ} {X : Type u_1}
  [inst : TopologicalSpace X] {x : X} (F : Mathoverflow1973.Hurewicz.CubicalBoundary.BasedCubicalCell (n + 2) x)
  (u : Fin (n + 1) → ↑unitInterval) (s : ↑unitInterval) (i j : Fin n),
  i ≠ j →
    u i.castSucc = 0 ∨ u i.castSucc = 1 →
      u j.castSucc = 0 ∨ u j.castSucc = 1 → ↑F ((Mathoverflow1973.Hurewicz.CubicalBoundary.whiskerMap n) (u, s)) = x
@Mathoverflow1973.Hurewicz.CubicalBoundary.whiskerMap_codimTwo_based : ∀ {n : ℕ} {X : Type u_1}
  [inst : TopologicalSpace X] {x : X} (F : Mathoverflow1973.Hurewicz.CubicalBoundary.BasedCubicalCell (n + 2) x)
  (u : Fin (n + 1) → ↑unitInterval) (s : ↑unitInterval) (i j : Fin (n + 1)),
  i ≠ j →
    u i = 0 ∨ u i = 1 → u j = 0 ∨ u j = 1 → ↑F ((Mathoverflow1973.Hurewicz.CubicalBoundary.whiskerMap n) (u, s)) = x
Mathoverflow1973.Hurewicz.CubicalBoundary.whiskerMap_concat : ∀ (n : ℕ) (u : Fin (n + 1) → ↑unitInterval)
  (s : ↑unitInterval),
  (Mathoverflow1973.Hurewicz.CubicalBoundary.whiskerMap n) (u, s) =
    if ↑s ≤ 1 / 2 then Fin.cons 0 (Fin.snoc (Fin.init u) (Set.projIcc 0 1 ⋯ (2 * ↑s) * u (Fin.last n)))
    else
      have t := Set.projIcc 0 1 ⋯ (2 * ↑s - 1);
      if ↑t ≤ 1 / 2 then Fin.cons (Set.projIcc 0 1 ⋯ (2 * ↑t)) u
      else Fin.cons 1 (Fin.snoc (Fin.init u) (unitInterval.symm (Set.projIcc 0 1 ⋯ (2 * ↑t - 1)) * u (Fin.last n)))
Mathoverflow1973.Hurewicz.CubicalBoundary.whiskerMap_finish : ∀ (n : ℕ) (u : Fin (n + 1) → ↑unitInterval),
  (Mathoverflow1973.Hurewicz.CubicalBoundary.whiskerMap n) (u, 1) = Fin.cons 1 (Fin.snoc (Fin.init u) 0)
Mathoverflow1973.Hurewicz.CubicalBoundary.whiskerMap_first : ∀ (n : ℕ) (u : Fin (n + 1) → ↑unitInterval)
  (s : ↑unitInterval),
  (Mathoverflow1973.Hurewicz.CubicalBoundary.whiskerMap n) (u, s) 0 =
    (Mathoverflow1973.Hurewicz.CubicalBoundary.whiskerTrack s).1
Mathoverflow1973.Hurewicz.CubicalBoundary.whiskerMap_last_zero : ∀ (n : ℕ) (u : Fin (n + 1) → ↑unitInterval)
  (s : ↑unitInterval),
  u (Fin.last n) = 0 → (Mathoverflow1973.Hurewicz.CubicalBoundary.whiskerMap n) (u, s) (Fin.last n).succ = 0
Mathoverflow1973.Hurewicz.CubicalBoundary.whiskerMap_middle : ∀ (n : ℕ) (u : Fin (n + 1) → ↑unitInterval)
  (s : ↑unitInterval) (i : Fin n),
  (Mathoverflow1973.Hurewicz.CubicalBoundary.whiskerMap n) (u, s) i.castSucc.succ = u i.castSucc
Mathoverflow1973.Hurewicz.CubicalBoundary.whiskerMap_start : ∀ (n : ℕ) (u : Fin (n + 1) → ↑unitInterval),
  (Mathoverflow1973.Hurewicz.CubicalBoundary.whiskerMap n) (u, 0) = Fin.cons 0 (Fin.snoc (Fin.init u) 0)
Mathoverflow1973.Hurewicz.CubicalBoundary.whiskerMiddleTrack : Path (0, 1) (1, 1)
Mathoverflow1973.Hurewicz.CubicalBoundary.whiskerStartTrack : Path (0, 0) (0, 1)
Mathoverflow1973.Hurewicz.CubicalBoundary.whiskerTrack : Path (0, 0) (1, 0)
Mathoverflow1973.Hurewicz.CubicalBoundary.whiskerTrack_boundary : ∀ (s : ↑unitInterval),
  ((Mathoverflow1973.Hurewicz.CubicalBoundary.whiskerTrack s).1 = 0 ∨
      (Mathoverflow1973.Hurewicz.CubicalBoundary.whiskerTrack s).1 = 1) ∨
    (Mathoverflow1973.Hurewicz.CubicalBoundary.whiskerTrack s).2 = 1
Mathoverflow1973.Hurewicz.CubicalBoundary.whiskerTrack_concat : ∀ (s : ↑unitInterval),
  Mathoverflow1973.Hurewicz.CubicalBoundary.whiskerTrack s =
    if ↑s ≤ 1 / 2 then (0, Set.projIcc 0 1 ⋯ (2 * ↑s))
    else
      have t := Set.projIcc 0 1 ⋯ (2 * ↑s - 1);
      if ↑t ≤ 1 / 2 then (Set.projIcc 0 1 ⋯ (2 * ↑t), 1) else (1, unitInterval.symm (Set.projIcc 0 1 ⋯ (2 * ↑t - 1)))
@Mathoverflow1973.Hurewicz.CubicalBoundary.whiskeredCell : {n : ℕ} →
  {X : Type u_1} →
    [inst : TopologicalSpace X] →
      {x : X} →
        Mathoverflow1973.Hurewicz.CubicalBoundary.BasedCubicalCell (n + 2) x →
          Mathoverflow1973.Hurewicz.CubicalBoundary.BasedCubicalCell (n + 1) GenLoop.const
@Mathoverflow1973.Hurewicz.CubicalBoundary.whiskeredCell_apply : ∀ {n : ℕ} {X : Type u_1} [inst : TopologicalSpace X]
  {x : X} (F : Mathoverflow1973.Hurewicz.CubicalBoundary.BasedCubicalCell (n + 2) x) (u : Fin (n + 1) → ↑unitInterval)
  (q : Fin 1 → ↑unitInterval),
  (↑(Mathoverflow1973.Hurewicz.CubicalBoundary.whiskeredCell F) u) q =
    ↑F ((Mathoverflow1973.Hurewicz.CubicalBoundary.whiskerMap n) (u, q 0))
@Mathoverflow1973.Hurewicz.CubicalBoundary.whiskeredCell_face_last_upper : ∀ {n : ℕ} {X : Type u_1}
  [inst : TopologicalSpace X] {x : X} (F : Mathoverflow1973.Hurewicz.CubicalBoundary.BasedCubicalCell (n + 2) x),
  Mathoverflow1973.Hurewicz.CubicalBoundary.uncurryLoop
      (Mathoverflow1973.Hurewicz.CubicalBoundary.cubicalUpperFace
        (Mathoverflow1973.Hurewicz.CubicalBoundary.whiskeredCell F) (Fin.last n)) =
    GenLoop.transAt 0
      (Mathoverflow1973.Hurewicz.NativeSubdivision.permuteCubeLoop
        (Mathoverflow1973.Hurewicz.CubicalBoundary.cubicalLowerFace F 0) (finRotate (n + 1)))
      (GenLoop.transAt 0 (Mathoverflow1973.Hurewicz.CubicalBoundary.cubicalUpperFace F (Fin.last (n + 1)))
        (GenLoop.symmAt 0
          (Mathoverflow1973.Hurewicz.NativeSubdivision.permuteCubeLoop
            (Mathoverflow1973.Hurewicz.CubicalBoundary.cubicalUpperFace F 0) (finRotate (n + 1)))))
@Mathoverflow1973.Hurewicz.CubicalBoundary.whiskeredCell_face_normal : ∀ {n : ℕ} {X : Type u_1}
  [inst : TopologicalSpace X] {x : X} (F : Mathoverflow1973.Hurewicz.CubicalBoundary.BasedCubicalCell (n + 2) x)
  (i : Fin (n + 1)) (ε : ↑unitInterval) (hε : ε = 0 ∨ ε = 1),
  i ≠ Fin.last n ∨ ε = 0 →
    Mathoverflow1973.Hurewicz.CubicalBoundary.uncurryLoop
        (Mathoverflow1973.Hurewicz.CubicalBoundary.cubicalFace
          (Mathoverflow1973.Hurewicz.CubicalBoundary.whiskeredCell F) i ε hε) =
      GenLoop.transAt 0 GenLoop.const
        (GenLoop.transAt 0 (Mathoverflow1973.Hurewicz.CubicalBoundary.cubicalFace F i.succ ε hε) GenLoop.const)
@Mathoverflow1973.Hurewicz.CubicalBoundary.whiskeredCell_last_upper_value : ∀ {n : ℕ} {X : Type u_1}
  [inst : TopologicalSpace X] {x : X} {A : Type u_2} [inst_1 : AddCommGroup A]
  (E : Mathoverflow1973.Hurewicz.CubicalBoundary.CubicalEvaluator (n + 1) x A)
  (F : Mathoverflow1973.Hurewicz.CubicalBoundary.BasedCubicalCell (n + 2) x),
  E.uncurry.evaluate
      (Mathoverflow1973.Hurewicz.CubicalBoundary.cubicalUpperFace
        (Mathoverflow1973.Hurewicz.CubicalBoundary.whiskeredCell F) (Fin.last n)) =
    E.evaluate (Mathoverflow1973.Hurewicz.CubicalBoundary.cubicalUpperFace F (Fin.last (n + 1))) -
      (-1) ^ n •
        (E.evaluate (Mathoverflow1973.Hurewicz.CubicalBoundary.cubicalUpperFace F 0) -
          E.evaluate (Mathoverflow1973.Hurewicz.CubicalBoundary.cubicalLowerFace F 0))
@Mathoverflow1973.Hurewicz.CubicalBoundary.whiskeredCell_lower_value : ∀ {n : ℕ} {X : Type u_1}
  [inst : TopologicalSpace X] {x : X} {A : Type u_2} [inst_1 : AddCommGroup A]
  (E : Mathoverflow1973.Hurewicz.CubicalBoundary.CubicalEvaluator (n + 1) x A)
  (F : Mathoverflow1973.Hurewicz.CubicalBoundary.BasedCubicalCell (n + 2) x) (i : Fin (n + 1)),
  E.uncurry.evaluate
      (Mathoverflow1973.Hurewicz.CubicalBoundary.cubicalLowerFace
        (Mathoverflow1973.Hurewicz.CubicalBoundary.whiskeredCell F) i) =
    E.evaluate (Mathoverflow1973.Hurewicz.CubicalBoundary.cubicalLowerFace F i.succ)
@Mathoverflow1973.Hurewicz.CubicalBoundary.whiskeredCell_upper_value : ∀ {n : ℕ} {X : Type u_1}
  [inst : TopologicalSpace X] {x : X} {A : Type u_2} [inst_1 : AddCommGroup A]
  (E : Mathoverflow1973.Hurewicz.CubicalBoundary.CubicalEvaluator (n + 1) x A)
  (F : Mathoverflow1973.Hurewicz.CubicalBoundary.BasedCubicalCell (n + 2) x) (i : Fin n),
  E.uncurry.evaluate
      (Mathoverflow1973.Hurewicz.CubicalBoundary.cubicalUpperFace
        (Mathoverflow1973.Hurewicz.CubicalBoundary.whiskeredCell F) i.castSucc) =
    E.evaluate (Mathoverflow1973.Hurewicz.CubicalBoundary.cubicalUpperFace F i.castSucc.succ)
@Mathoverflow1973.Hurewicz.CubicalBoundary.whiskeredLoop : {n : ℕ} →
  {X : Type u_1} →
    [inst : TopologicalSpace X] →
      {x : X} →
        Mathoverflow1973.Hurewicz.CubicalBoundary.BasedCubicalCell (n + 2) x →
          (Fin (n + 1) → ↑unitInterval) → ↑(GenLoop (Fin 1) X x)
@Mathoverflow1973.Hurewicz.CubicalBoundary.whiskeredLoopMap : {n : ℕ} →
  {X : Type u_1} →
    [inst : TopologicalSpace X] →
      {x : X} →
        Mathoverflow1973.Hurewicz.CubicalBoundary.BasedCubicalCell (n + 2) x →
          C(Fin (n + 1) → ↑unitInterval, ↑(GenLoop (Fin 1) X x))
@Mathoverflow1973.Hurewicz.NativeSubdivision.CutBased : {N : Type u_1} →
  [DecidableEq N] →
    {X : Type u_2} →
      [inst : TopologicalSpace X] →
        {x : X} →
          ↑(GenLoop N X x) → N → C(Mathoverflow1973.Hurewicz.NativeSubdivision.NativeCube N, ↑unitInterval) → Prop
@Mathoverflow1973.Hurewicz.NativeSubdivision.CutIndependent : {N : Type u_1} →
  [DecidableEq N] → N → C(Mathoverflow1973.Hurewicz.NativeSubdivision.NativeCube N, ↑unitInterval) → Prop
@Mathoverflow1973.Hurewicz.NativeSubdivision.NativeChamberChart : {n : ℕ} → Equiv.Perm (Fin n) → Type
@Mathoverflow1973.Hurewicz.NativeSubdivision.NativeChamberChart.commonOrderedDuffy : ∀ {n : ℕ} {e : Equiv.Perm (Fin n)}
  (chart : Mathoverflow1973.Hurewicz.NativeSubdivision.NativeChamberChart e),
  ∀ u ∈ Cube.boundary (Fin n),
    Mathoverflow1973.Hurewicz.NativeSubdivision.NativeCubeSameFlat (chart.toContinuousMap u)
      ((Mathoverflow1973.Hurewicz.NativeSubdivision.nativeOrderedDuffyMap e) u)
@Mathoverflow1973.Hurewicz.NativeSubdivision.NativeChamberChart.ext : ∀ {n : ℕ} {e : Equiv.Perm (Fin n)}
  {f g : Mathoverflow1973.Hurewicz.NativeSubdivision.NativeChamberChart e},
  f.toContinuousMap = g.toContinuousMap → f = g
@Mathoverflow1973.Hurewicz.NativeSubdivision.NativeChamberChart.sameFlat : ∀ {m : ℕ} {e : Equiv.Perm (Fin m)}
  (chart other : Mathoverflow1973.Hurewicz.NativeSubdivision.NativeChamberChart e),
  ∀ u ∈ Cube.boundary (Fin m),
    Mathoverflow1973.Hurewicz.NativeSubdivision.NativeCubeSameFlat (chart.toContinuousMap u) (other.toContinuousMap u)
Mathoverflow1973.Hurewicz.NativeSubdivision.NativeCube : Type u_1 → Type u_1
@Mathoverflow1973.Hurewicz.NativeSubdivision.NativeCubeInternalBased : {N : Type u_1} →
  {X : Type u_2} → [inst : TopologicalSpace X] → {x : X} → ↑(GenLoop N X x) → Prop
@Mathoverflow1973.Hurewicz.NativeSubdivision.NativeCubeSameFlat : {N : Type u_1} →
  Mathoverflow1973.Hurewicz.NativeSubdivision.NativeCube N →
    Mathoverflow1973.Hurewicz.NativeSubdivision.NativeCube N → Prop
@Mathoverflow1973.Hurewicz.NativeSubdivision.chamberCutIndex : {m n : ℕ} → m + 1 ≤ n → Fin n
@Mathoverflow1973.Hurewicz.NativeSubdivision.chamberCutIndex_ne_castLE : ∀ {m n : ℕ} (h : m + 1 ≤ n) (j : Fin m),
  Fin.castLE ⋯ j ≠ Mathoverflow1973.Hurewicz.NativeSubdivision.chamberCutIndex h
@Mathoverflow1973.Hurewicz.NativeSubdivision.chamberCutSequence : {m : ℕ} →
  (e : Equiv.Perm (Fin m)) →
    Mathoverflow1973.Hurewicz.NativeSubdivision.NativeChamberChart e →
      Fin (m + 2) → C(Mathoverflow1973.Hurewicz.NativeSubdivision.NativeCube (Fin m), ↑unitInterval)
@Mathoverflow1973.Hurewicz.NativeSubdivision.chamberCutSequence_castSucc : ∀ {m : ℕ} (e : Equiv.Perm (Fin m))
  (chart : Mathoverflow1973.Hurewicz.NativeSubdivision.NativeChamberChart e) (j : Fin (m + 1))
  (u : Mathoverflow1973.Hurewicz.NativeSubdivision.NativeCube (Fin m)),
  (Mathoverflow1973.Hurewicz.NativeSubdivision.chamberCutSequence e chart j.castSucc) u =
    (Mathoverflow1973.Hurewicz.NativeSubdivision.chamberLower e j.rev chart) u
@Mathoverflow1973.Hurewicz.NativeSubdivision.chamberCutSequence_last : ∀ {m : ℕ} (e : Equiv.Perm (Fin m))
  (chart : Mathoverflow1973.Hurewicz.NativeSubdivision.NativeChamberChart e)
  (u : Mathoverflow1973.Hurewicz.NativeSubdivision.NativeCube (Fin m)),
  (Mathoverflow1973.Hurewicz.NativeSubdivision.chamberCutSequence e chart (Fin.last (m + 1))) u = 1
@Mathoverflow1973.Hurewicz.NativeSubdivision.chamberCutSequence_succ : ∀ {m : ℕ} (e : Equiv.Perm (Fin m))
  (chart : Mathoverflow1973.Hurewicz.NativeSubdivision.NativeChamberChart e) (j : Fin (m + 1))
  (u : Mathoverflow1973.Hurewicz.NativeSubdivision.NativeCube (Fin m)),
  (Mathoverflow1973.Hurewicz.NativeSubdivision.chamberCutSequence e chart j.succ) u =
    (Mathoverflow1973.Hurewicz.NativeSubdivision.chamberUpper e j.rev chart) u
@Mathoverflow1973.Hurewicz.NativeSubdivision.chamberCuts_sum_rev : ∀ {m : ℕ} {A : Type u_1} [inst : AddCommMonoid A]
  (f : Fin (m + 1) → A), ∑ j, f j.rev = ∑ j, f j
@Mathoverflow1973.Hurewicz.NativeSubdivision.chamberLower : {n : ℕ} →
  (e : Equiv.Perm (Fin n)) →
    Fin (n + 1) →
      Mathoverflow1973.Hurewicz.NativeSubdivision.NativeChamberChart e →
        C(Mathoverflow1973.Hurewicz.NativeSubdivision.NativeCube (Fin n), ↑unitInterval)
@Mathoverflow1973.Hurewicz.NativeSubdivision.chamberLower_last : ∀ {n : ℕ} (e : Equiv.Perm (Fin n)) (r : Fin (n + 1))
  (chart : Mathoverflow1973.Hurewicz.NativeSubdivision.NativeChamberChart e)
  (u : Mathoverflow1973.Hurewicz.NativeSubdivision.NativeCube (Fin n)),
  ↑r = n → (Mathoverflow1973.Hurewicz.NativeSubdivision.chamberLower e r chart) u = 0
@Mathoverflow1973.Hurewicz.NativeSubdivision.chamberLower_of_rank : ∀ {n : ℕ} (e : Equiv.Perm (Fin n)) (r : Fin (n + 1))
  (chart : Mathoverflow1973.Hurewicz.NativeSubdivision.NativeChamberChart e)
  (u : Mathoverflow1973.Hurewicz.NativeSubdivision.NativeCube (Fin n)) (k : Fin n),
  ↑r = ↑k → (Mathoverflow1973.Hurewicz.NativeSubdivision.chamberLower e r chart) u = chart.toContinuousMap u (e k)
@Mathoverflow1973.Hurewicz.NativeSubdivision.chamberLower_zero_face : ∀ {n : ℕ} (e : Equiv.Perm (Fin n))
  (r : Fin (n + 1)) (chart : Mathoverflow1973.Hurewicz.NativeSubdivision.NativeChamberChart e)
  (u : Mathoverflow1973.Hurewicz.NativeSubdivision.NativeCube (Fin n)) (k : Fin n),
  ↑r = ↑k + 1 →
    u (e k) = 0 → (Mathoverflow1973.Hurewicz.NativeSubdivision.chamberLower e r chart) u = chart.toContinuousMap u (e k)
@Mathoverflow1973.Hurewicz.NativeSubdivision.chamberOldCoordinates : {n : ℕ} →
  C(Mathoverflow1973.Hurewicz.NativeSubdivision.NativeCube (Fin (n + 1)),
    Mathoverflow1973.Hurewicz.NativeSubdivision.NativeCube (Fin n))
@Mathoverflow1973.Hurewicz.NativeSubdivision.chamberOldCoordinates_cubeRestriction : ∀ {m n : ℕ} (h : m + 1 ≤ n)
  (u : Mathoverflow1973.Hurewicz.NativeSubdivision.NativeCube (Fin n)),
  Mathoverflow1973.Hurewicz.NativeSubdivision.chamberOldCoordinates
      ((Mathoverflow1973.Hurewicz.NativeSubdivision.cubeRestriction h) u) =
    (Mathoverflow1973.Hurewicz.NativeSubdivision.cubeRestriction ⋯) u
@Mathoverflow1973.Hurewicz.NativeSubdivision.chamberSuccAbove_val_cases : ∀ {n : ℕ} (r : Fin (n + 1)) (i : Fin n),
  ↑(r.succAbove i) = ↑i ∧ ↑i < ↑r ∨ ↑(r.succAbove i) = ↑i + 1 ∧ ↑r ≤ ↑i
@Mathoverflow1973.Hurewicz.NativeSubdivision.chamberUpper : {n : ℕ} →
  (e : Equiv.Perm (Fin n)) →
    Fin (n + 1) →
      Mathoverflow1973.Hurewicz.NativeSubdivision.NativeChamberChart e →
        C(Mathoverflow1973.Hurewicz.NativeSubdivision.NativeCube (Fin n), ↑unitInterval)
@Mathoverflow1973.Hurewicz.NativeSubdivision.chamberUpper_first : ∀ {n : ℕ} (e : Equiv.Perm (Fin n)) (r : Fin (n + 1))
  (chart : Mathoverflow1973.Hurewicz.NativeSubdivision.NativeChamberChart e)
  (u : Mathoverflow1973.Hurewicz.NativeSubdivision.NativeCube (Fin n)),
  ↑r = 0 → (Mathoverflow1973.Hurewicz.NativeSubdivision.chamberUpper e r chart) u = 1
@Mathoverflow1973.Hurewicz.NativeSubdivision.chamberUpper_of_rank : ∀ {n : ℕ} (e : Equiv.Perm (Fin n)) (r : Fin (n + 1))
  (chart : Mathoverflow1973.Hurewicz.NativeSubdivision.NativeChamberChart e)
  (u : Mathoverflow1973.Hurewicz.NativeSubdivision.NativeCube (Fin n)) (k : Fin n),
  ↑r = ↑k + 1 → (Mathoverflow1973.Hurewicz.NativeSubdivision.chamberUpper e r chart) u = chart.toContinuousMap u (e k)
@Mathoverflow1973.Hurewicz.NativeSubdivision.chamberUpper_one_face : ∀ {n : ℕ} (e : Equiv.Perm (Fin n))
  (r : Fin (n + 1)) (chart : Mathoverflow1973.Hurewicz.NativeSubdivision.NativeChamberChart e)
  (u : Mathoverflow1973.Hurewicz.NativeSubdivision.NativeCube (Fin n)) (k : Fin n),
  ↑r = ↑k →
    u (e k) = 1 → (Mathoverflow1973.Hurewicz.NativeSubdivision.chamberUpper e r chart) u = chart.toContinuousMap u (e k)
@Mathoverflow1973.Hurewicz.NativeSubdivision.chamberUpper_succ_eq_lower_castSucc : ∀ {m : ℕ} (e : Equiv.Perm (Fin m))
  (chart : Mathoverflow1973.Hurewicz.NativeSubdivision.NativeChamberChart e) (j : Fin m)
  (u : Mathoverflow1973.Hurewicz.NativeSubdivision.NativeCube (Fin m)),
  (Mathoverflow1973.Hurewicz.NativeSubdivision.chamberUpper e j.succ chart) u =
    (Mathoverflow1973.Hurewicz.NativeSubdivision.chamberLower e j.castSucc chart) u
Mathoverflow1973.Hurewicz.NativeSubdivision.continuous_prefixProduct : ∀ (n k : ℕ),
  Continuous fun u => Mathoverflow1973.Hurewicz.NativeSubdivision.prefixProduct u k
@Mathoverflow1973.Hurewicz.NativeSubdivision.cubeRestriction : {m n : ℕ} →
  m ≤ n →
    C(Mathoverflow1973.Hurewicz.NativeSubdivision.NativeCube (Fin n),
      Mathoverflow1973.Hurewicz.NativeSubdivision.NativeCube (Fin m))
@Mathoverflow1973.Hurewicz.NativeSubdivision.cubeRestriction_apply : ∀ {m n : ℕ} (h : m ≤ n)
  (u : Mathoverflow1973.Hurewicz.NativeSubdivision.NativeCube (Fin n)) (i : Fin m),
  (Mathoverflow1973.Hurewicz.NativeSubdivision.cubeRestriction h) u i = u (Fin.castLE h i)
@Mathoverflow1973.Hurewicz.NativeSubdivision.cubeRestriction_update_outside : ∀ {m n : ℕ} (h : m ≤ n)
  (u : Mathoverflow1973.Hurewicz.NativeSubdivision.NativeCube (Fin n)) (i : Fin n),
  m ≤ ↑i →
    ∀ (v : ↑unitInterval),
      (Mathoverflow1973.Hurewicz.NativeSubdivision.cubeRestriction h) (Function.update u i v) =
        (Mathoverflow1973.Hurewicz.NativeSubdivision.cubeRestriction h) u
Mathoverflow1973.Hurewicz.NativeSubdivision.cutBinaryWarp : C((↑unitInterval × ↑unitInterval × ↑unitInterval) ×
    ↑unitInterval,
  ↑unitInterval)
Mathoverflow1973.Hurewicz.NativeSubdivision.cutBinaryWarp_apply : ∀ (a b c t : ↑unitInterval),
  Mathoverflow1973.Hurewicz.NativeSubdivision.cutBinaryWarp ((a, b, c), t) =
    Set.Icc.convexComb (Set.Icc.convexComb a b (Set.projIcc 0 1 ⋯ (2 * ↑t))) c (Set.projIcc 0 1 ⋯ (2 * ↑t - 1))
Mathoverflow1973.Hurewicz.NativeSubdivision.cutBinaryWarp_of_half_le : ∀ (a b c t : ↑unitInterval),
  1 / 2 ≤ ↑t →
    Mathoverflow1973.Hurewicz.NativeSubdivision.cutBinaryWarp ((a, b, c), t) =
      Set.Icc.convexComb b c (Set.projIcc 0 1 ⋯ (2 * ↑t - 1))
Mathoverflow1973.Hurewicz.NativeSubdivision.cutBinaryWarp_of_half_lt : ∀ (a b c t : ↑unitInterval),
  1 / 2 < ↑t →
    Mathoverflow1973.Hurewicz.NativeSubdivision.cutBinaryWarp ((a, b, c), t) =
      Set.Icc.convexComb b c (Set.projIcc 0 1 ⋯ (2 * ↑t - 1))
Mathoverflow1973.Hurewicz.NativeSubdivision.cutBinaryWarp_of_le_half : ∀ (a b c t : ↑unitInterval),
  ↑t ≤ 1 / 2 →
    Mathoverflow1973.Hurewicz.NativeSubdivision.cutBinaryWarp ((a, b, c), t) =
      Set.Icc.convexComb a b (Set.projIcc 0 1 ⋯ (2 * ↑t))
Mathoverflow1973.Hurewicz.NativeSubdivision.cutBinaryWarp_one : ∀ (a b c : ↑unitInterval),
  Mathoverflow1973.Hurewicz.NativeSubdivision.cutBinaryWarp ((a, b, c), 1) = c
Mathoverflow1973.Hurewicz.NativeSubdivision.cutBinaryWarp_zero : ∀ (a b c : ↑unitInterval),
  Mathoverflow1973.Hurewicz.NativeSubdivision.cutBinaryWarp ((a, b, c), 0) = a
@Mathoverflow1973.Hurewicz.NativeSubdivision.deletePermutation : {n : ℕ} → Equiv.Perm (Fin (n + 1)) → Equiv.Perm (Fin n)
@Mathoverflow1973.Hurewicz.NativeSubdivision.deletePermutationOption : {n : ℕ} →
  Equiv.Perm (Fin (n + 1)) → Equiv.Perm (Option (Fin n))
@Mathoverflow1973.Hurewicz.NativeSubdivision.deletePermutationOption_none : ∀ {n : ℕ} (E : Equiv.Perm (Fin (n + 1))),
  (Mathoverflow1973.Hurewicz.NativeSubdivision.deletePermutationOption E) none = none
@Mathoverflow1973.Hurewicz.NativeSubdivision.deletePermutation_castSucc : ∀ {n : ℕ} (E : Equiv.Perm (Fin (n + 1)))
  (j : Fin n),
  ((Mathoverflow1973.Hurewicz.NativeSubdivision.deletePermutation E) j).castSucc =
    E (((Equiv.symm E) (Fin.last n)).succAbove j)
@Mathoverflow1973.Hurewicz.NativeSubdivision.extendCubeMap : {m n : ℕ} →
  m ≤ n →
    C(Mathoverflow1973.Hurewicz.NativeSubdivision.NativeCube (Fin m),
        Mathoverflow1973.Hurewicz.NativeSubdivision.NativeCube (Fin m)) →
      C(Mathoverflow1973.Hurewicz.NativeSubdivision.NativeCube (Fin n),
        Mathoverflow1973.Hurewicz.NativeSubdivision.NativeCube (Fin n))
@Mathoverflow1973.Hurewicz.NativeSubdivision.extendCubeMap_castLE : ∀ {m n : ℕ} (h : m ≤ n)
  (f :
    C(Mathoverflow1973.Hurewicz.NativeSubdivision.NativeCube (Fin m),
      Mathoverflow1973.Hurewicz.NativeSubdivision.NativeCube (Fin m)))
  (u : Mathoverflow1973.Hurewicz.NativeSubdivision.NativeCube (Fin n)) (i : Fin m),
  (Mathoverflow1973.Hurewicz.NativeSubdivision.extendCubeMap h f) u (Fin.castLE h i) =
    f ((Mathoverflow1973.Hurewicz.NativeSubdivision.cubeRestriction h) u) i
@Mathoverflow1973.Hurewicz.NativeSubdivision.extendCubeMap_outside : ∀ {m n : ℕ} (h : m ≤ n)
  (f :
    C(Mathoverflow1973.Hurewicz.NativeSubdivision.NativeCube (Fin m),
      Mathoverflow1973.Hurewicz.NativeSubdivision.NativeCube (Fin m)))
  (u : Mathoverflow1973.Hurewicz.NativeSubdivision.NativeCube (Fin n)) (i : Fin n),
  m ≤ ↑i → (Mathoverflow1973.Hurewicz.NativeSubdivision.extendCubeMap h f) u i = u i
@Mathoverflow1973.Hurewicz.NativeSubdivision.extendCubeMap_refl : ∀ {n : ℕ}
  (f :
    C(Mathoverflow1973.Hurewicz.NativeSubdivision.NativeCube (Fin n),
      Mathoverflow1973.Hurewicz.NativeSubdivision.NativeCube (Fin n))),
  Mathoverflow1973.Hurewicz.NativeSubdivision.extendCubeMap ⋯ f = f
@Mathoverflow1973.Hurewicz.NativeSubdivision.extendCubeMap_sameFlat : ∀ {m n : ℕ} (h : m ≤ n)
  (f g :
    C(Mathoverflow1973.Hurewicz.NativeSubdivision.NativeCube (Fin m),
      Mathoverflow1973.Hurewicz.NativeSubdivision.NativeCube (Fin m)))
  (u : Mathoverflow1973.Hurewicz.NativeSubdivision.NativeCube (Fin n)),
  Mathoverflow1973.Hurewicz.NativeSubdivision.NativeCubeSameFlat
      (f ((Mathoverflow1973.Hurewicz.NativeSubdivision.cubeRestriction h) u))
      (g ((Mathoverflow1973.Hurewicz.NativeSubdivision.cubeRestriction h) u)) →
    Mathoverflow1973.Hurewicz.NativeSubdivision.NativeCubeSameFlat
      ((Mathoverflow1973.Hurewicz.NativeSubdivision.extendCubeMap h f) u)
      ((Mathoverflow1973.Hurewicz.NativeSubdivision.extendCubeMap h g) u)
@Mathoverflow1973.Hurewicz.NativeSubdivision.extendCubeMap_update_outside : ∀ {m n : ℕ} (h : m ≤ n)
  (f :
    C(Mathoverflow1973.Hurewicz.NativeSubdivision.NativeCube (Fin m),
      Mathoverflow1973.Hurewicz.NativeSubdivision.NativeCube (Fin m)))
  (u : Mathoverflow1973.Hurewicz.NativeSubdivision.NativeCube (Fin n)) (i : Fin n),
  m ≤ ↑i →
    ∀ (v : ↑unitInterval),
      (Mathoverflow1973.Hurewicz.NativeSubdivision.extendCubeMap h f) (Function.update u i v) =
        Function.update ((Mathoverflow1973.Hurewicz.NativeSubdivision.extendCubeMap h f) u) i v
@Mathoverflow1973.Hurewicz.NativeSubdivision.extendCubeMap_zero : ∀ {n : ℕ} (h : 0 ≤ n)
  (f :
    C(Mathoverflow1973.Hurewicz.NativeSubdivision.NativeCube (Fin 0),
      Mathoverflow1973.Hurewicz.NativeSubdivision.NativeCube (Fin 0))),
  Mathoverflow1973.Hurewicz.NativeSubdivision.extendCubeMap h f =
    ContinuousMap.id (Mathoverflow1973.Hurewicz.NativeSubdivision.NativeCube (Fin n))
@Mathoverflow1973.Hurewicz.NativeSubdivision.extend_insertChamberMap : ∀ {m n : ℕ} (h : m + 1 ≤ n)
  (e : Equiv.Perm (Fin m)) (r : Fin (m + 1)) (chart : Mathoverflow1973.Hurewicz.NativeSubdivision.NativeChamberChart e)
  (u : Mathoverflow1973.Hurewicz.NativeSubdivision.NativeCube (Fin n)),
  (Mathoverflow1973.Hurewicz.NativeSubdivision.extendCubeMap h
        (Mathoverflow1973.Hurewicz.NativeSubdivision.insertChamberMap e r chart))
      u =
    Function.update ((Mathoverflow1973.Hurewicz.NativeSubdivision.extendCubeMap ⋯ chart.toContinuousMap) u)
      (Mathoverflow1973.Hurewicz.NativeSubdivision.chamberCutIndex h)
      (Set.Icc.convexComb
        ((Mathoverflow1973.Hurewicz.NativeSubdivision.chamberLower e r chart)
          ((Mathoverflow1973.Hurewicz.NativeSubdivision.cubeRestriction ⋯) u))
        ((Mathoverflow1973.Hurewicz.NativeSubdivision.chamberUpper e r chart)
          ((Mathoverflow1973.Hurewicz.NativeSubdivision.cubeRestriction ⋯) u))
        (u (Mathoverflow1973.Hurewicz.NativeSubdivision.chamberCutIndex h)))
@Mathoverflow1973.Hurewicz.NativeSubdivision.extendedChamberCutSequence : {m n : ℕ} →
  m + 1 ≤ n →
    (e : Equiv.Perm (Fin m)) →
      Mathoverflow1973.Hurewicz.NativeSubdivision.NativeChamberChart e →
        Fin (m + 2) → C(Mathoverflow1973.Hurewicz.NativeSubdivision.NativeCube (Fin n), ↑unitInterval)
@Mathoverflow1973.Hurewicz.NativeSubdivision.extendedChamberCutSequence_based : ∀ {m n : ℕ} {X : Type u_1}
  [inst : TopologicalSpace X] {x : X} (p : ↑(GenLoop (Fin n) X x))
  (hp : Mathoverflow1973.Hurewicz.NativeSubdivision.NativeCubeInternalBased p) (h : m + 1 ≤ n) (e : Equiv.Perm (Fin m))
  (chart : Mathoverflow1973.Hurewicz.NativeSubdivision.NativeChamberChart e) (j : Fin (m + 2)),
  Mathoverflow1973.Hurewicz.NativeSubdivision.CutBased
    (Mathoverflow1973.Hurewicz.NativeSubdivision.extendedChamberLoop p hp ⋯ chart)
    (Mathoverflow1973.Hurewicz.NativeSubdivision.chamberCutIndex h)
    (Mathoverflow1973.Hurewicz.NativeSubdivision.extendedChamberCutSequence h e chart j)
@Mathoverflow1973.Hurewicz.NativeSubdivision.extendedChamberCutSequence_castSucc : ∀ {m n : ℕ} (h : m + 1 ≤ n)
  (e : Equiv.Perm (Fin m)) (chart : Mathoverflow1973.Hurewicz.NativeSubdivision.NativeChamberChart e) (j : Fin (m + 1))
  (u : Mathoverflow1973.Hurewicz.NativeSubdivision.NativeCube (Fin n)),
  (Mathoverflow1973.Hurewicz.NativeSubdivision.extendedChamberCutSequence h e chart j.castSucc) u =
    (Mathoverflow1973.Hurewicz.NativeSubdivision.chamberLower e j.rev chart)
      ((Mathoverflow1973.Hurewicz.NativeSubdivision.cubeRestriction ⋯) u)
@Mathoverflow1973.Hurewicz.NativeSubdivision.extendedChamberCutSequence_independent : ∀ {m n : ℕ} (h : m + 1 ≤ n)
  (e : Equiv.Perm (Fin m)) (chart : Mathoverflow1973.Hurewicz.NativeSubdivision.NativeChamberChart e) (j : Fin (m + 2)),
  Mathoverflow1973.Hurewicz.NativeSubdivision.CutIndependent
    (Mathoverflow1973.Hurewicz.NativeSubdivision.chamberCutIndex h)
    (Mathoverflow1973.Hurewicz.NativeSubdivision.extendedChamberCutSequence h e chart j)
@Mathoverflow1973.Hurewicz.NativeSubdivision.extendedChamberCutSequence_last : ∀ {m n : ℕ} (h : m + 1 ≤ n)
  (e : Equiv.Perm (Fin m)) (chart : Mathoverflow1973.Hurewicz.NativeSubdivision.NativeChamberChart e)
  (u : Mathoverflow1973.Hurewicz.NativeSubdivision.NativeCube (Fin n)),
  (Mathoverflow1973.Hurewicz.NativeSubdivision.extendedChamberCutSequence h e chart (Fin.last (m + 1))) u = 1
@Mathoverflow1973.Hurewicz.NativeSubdivision.extendedChamberCutSequence_succ : ∀ {m n : ℕ} (h : m + 1 ≤ n)
  (e : Equiv.Perm (Fin m)) (chart : Mathoverflow1973.Hurewicz.NativeSubdivision.NativeChamberChart e) (j : Fin (m + 1))
  (u : Mathoverflow1973.Hurewicz.NativeSubdivision.NativeCube (Fin n)),
  (Mathoverflow1973.Hurewicz.NativeSubdivision.extendedChamberCutSequence h e chart j.succ) u =
    (Mathoverflow1973.Hurewicz.NativeSubdivision.chamberUpper e j.rev chart)
      ((Mathoverflow1973.Hurewicz.NativeSubdivision.cubeRestriction ⋯) u)
@Mathoverflow1973.Hurewicz.NativeSubdivision.extendedChamberCutSequence_zero : ∀ {m n : ℕ} (h : m + 1 ≤ n)
  (e : Equiv.Perm (Fin m)) (chart : Mathoverflow1973.Hurewicz.NativeSubdivision.NativeChamberChart e)
  (u : Mathoverflow1973.Hurewicz.NativeSubdivision.NativeCube (Fin n)),
  (Mathoverflow1973.Hurewicz.NativeSubdivision.extendedChamberCutSequence h e chart 0) u = 0
@Mathoverflow1973.Hurewicz.NativeSubdivision.extendedChamberCut_slice_eq : ∀ {m n : ℕ} {X : Type u_1}
  [inst : TopologicalSpace X] {x : X} (p : ↑(GenLoop (Fin n) X x))
  (hp : Mathoverflow1973.Hurewicz.NativeSubdivision.NativeCubeInternalBased p) (h : m + 1 ≤ n) (e : Equiv.Perm (Fin m))
  (chart : Mathoverflow1973.Hurewicz.NativeSubdivision.NativeChamberChart e) (j : Fin (m + 1)),
  Mathoverflow1973.Hurewicz.NativeSubdivision.sliceLoop
      (Mathoverflow1973.Hurewicz.NativeSubdivision.extendedChamberLoop p hp ⋯ chart)
      (Mathoverflow1973.Hurewicz.NativeSubdivision.chamberCutIndex h)
      (Mathoverflow1973.Hurewicz.NativeSubdivision.extendedChamberCutSequence h e chart j.castSucc)
      (Mathoverflow1973.Hurewicz.NativeSubdivision.extendedChamberCutSequence h e chart j.succ) ⋯ ⋯ =
    Mathoverflow1973.Hurewicz.NativeSubdivision.extendedChamberLoop p hp h
      (Mathoverflow1973.Hurewicz.NativeSubdivision.insertChamberChart e j.rev chart)
@Mathoverflow1973.Hurewicz.NativeSubdivision.extendedChamberHomotopy : {m n : ℕ} →
  {X : Type u_1} →
    [inst : TopologicalSpace X] →
      {x : X} →
        (p : ↑(GenLoop (Fin n) X x)) →
          (hp : Mathoverflow1973.Hurewicz.NativeSubdivision.NativeCubeInternalBased p) →
            (h : m ≤ n) →
              {e : Equiv.Perm (Fin m)} →
                (chart other : Mathoverflow1973.Hurewicz.NativeSubdivision.NativeChamberChart e) →
                  (↑(Mathoverflow1973.Hurewicz.NativeSubdivision.extendedChamberLoop p hp h chart)).HomotopyRel
                    (↑(Mathoverflow1973.Hurewicz.NativeSubdivision.extendedChamberLoop p hp h other))
                    (Cube.boundary (Fin n))
@Mathoverflow1973.Hurewicz.NativeSubdivision.extendedChamberLoop : {m n : ℕ} →
  {X : Type u_1} →
    [inst : TopologicalSpace X] →
      {x : X} →
        (p : ↑(GenLoop (Fin n) X x)) →
          Mathoverflow1973.Hurewicz.NativeSubdivision.NativeCubeInternalBased p →
            m ≤ n →
              {e : Equiv.Perm (Fin m)} →
                Mathoverflow1973.Hurewicz.NativeSubdivision.NativeChamberChart e → ↑(GenLoop (Fin n) X x)
@Mathoverflow1973.Hurewicz.NativeSubdivision.extendedChamberLoop_apply : ∀ {m n : ℕ} {X : Type u_1}
  [inst : TopologicalSpace X] {x : X} (p : ↑(GenLoop (Fin n) X x))
  (hp : Mathoverflow1973.Hurewicz.NativeSubdivision.NativeCubeInternalBased p) (h : m ≤ n) {e : Equiv.Perm (Fin m)}
  (chart : Mathoverflow1973.Hurewicz.NativeSubdivision.NativeChamberChart e)
  (u : Mathoverflow1973.Hurewicz.NativeSubdivision.NativeCube (Fin n)),
  (Mathoverflow1973.Hurewicz.NativeSubdivision.extendedChamberLoop p hp h chart) u =
    p ((Mathoverflow1973.Hurewicz.NativeSubdivision.extendCubeMap h chart.toContinuousMap) u)
@Mathoverflow1973.Hurewicz.NativeSubdivision.extendedChamberLoop_zero : ∀ {n : ℕ} {X : Type u_1}
  [inst : TopologicalSpace X] {x : X} (p : ↑(GenLoop (Fin n) X x))
  (hp : Mathoverflow1973.Hurewicz.NativeSubdivision.NativeCubeInternalBased p) (h : 0 ≤ n) {e : Equiv.Perm (Fin 0)}
  (chart : Mathoverflow1973.Hurewicz.NativeSubdivision.NativeChamberChart e),
  Mathoverflow1973.Hurewicz.NativeSubdivision.extendedChamberLoop p hp h chart = p
@Mathoverflow1973.Hurewicz.NativeSubdivision.extendedChamberMap_based : ∀ {m n : ℕ} {X : Type u_1}
  [inst : TopologicalSpace X] {x : X} (p : ↑(GenLoop (Fin n) X x)),
  Mathoverflow1973.Hurewicz.NativeSubdivision.NativeCubeInternalBased p →
    ∀ (h : m ≤ n) {e : Equiv.Perm (Fin m)} (chart : Mathoverflow1973.Hurewicz.NativeSubdivision.NativeChamberChart e),
      ∀ u ∈ Cube.boundary (Fin n),
        p ((Mathoverflow1973.Hurewicz.NativeSubdivision.extendCubeMap h chart.toContinuousMap) u) = x
@Mathoverflow1973.Hurewicz.NativeSubdivision.extendedChamberMap_sameFlat : ∀ {m n : ℕ} (h : m ≤ n)
  {e : Equiv.Perm (Fin m)} (chart other : Mathoverflow1973.Hurewicz.NativeSubdivision.NativeChamberChart e),
  ∀ u ∈ Cube.boundary (Fin n),
    Mathoverflow1973.Hurewicz.NativeSubdivision.NativeCubeSameFlat
      ((Mathoverflow1973.Hurewicz.NativeSubdivision.extendCubeMap h chart.toContinuousMap) u)
      ((Mathoverflow1973.Hurewicz.NativeSubdivision.extendCubeMap h other.toContinuousMap) u)
@Mathoverflow1973.Hurewicz.NativeSubdivision.finiteCuts_class : ∀ {N : Type u_1} [inst : DecidableEq N] {X : Type u_2}
  [inst_1 : TopologicalSpace X] {x : X} [inst_2 : Nontrivial N] (p : ↑(GenLoop N X x)) (i : N) (k : ℕ)
  (a : Fin (k + 1) → C(Mathoverflow1973.Hurewicz.NativeSubdivision.NativeCube N, ↑unitInterval))
  (ha : ∀ (j : Fin (k + 1)), Mathoverflow1973.Hurewicz.NativeSubdivision.CutBased p i (a j)),
  (∀ (j : Fin (k + 1)), Mathoverflow1973.Hurewicz.NativeSubdivision.CutIndependent i (a j)) →
    (∀ (u : Mathoverflow1973.Hurewicz.NativeSubdivision.NativeCube N), (a 0) u = 0) →
      (∀ (u : Mathoverflow1973.Hurewicz.NativeSubdivision.NativeCube N), (a (Fin.last k)) u = 1) →
        Mathoverflow1973.Hurewicz.NativeSubdivision.nativeClass p =
          ∑ j,
            Mathoverflow1973.Hurewicz.NativeSubdivision.nativeClass
              (Mathoverflow1973.Hurewicz.NativeSubdivision.sliceLoop p i (a j.castSucc) (a j.succ) ⋯ ⋯)
@Mathoverflow1973.Hurewicz.NativeSubdivision.finiteCuts_homotopic : ∀ {N : Type u_1} [inst : DecidableEq N]
  {X : Type u_2} [inst_1 : TopologicalSpace X] {x : X} (p : ↑(GenLoop N X x)) (i : N) (k : ℕ)
  (a : Fin (k + 1) → C(Mathoverflow1973.Hurewicz.NativeSubdivision.NativeCube N, ↑unitInterval))
  (ha : ∀ (j : Fin (k + 1)), Mathoverflow1973.Hurewicz.NativeSubdivision.CutBased p i (a j)),
  (∀ (j : Fin (k + 1)), Mathoverflow1973.Hurewicz.NativeSubdivision.CutIndependent i (a j)) →
    (∀ (u : Mathoverflow1973.Hurewicz.NativeSubdivision.NativeCube N), (a 0) u = 0) →
      (∀ (u : Mathoverflow1973.Hurewicz.NativeSubdivision.NativeCube N), (a (Fin.last k)) u = 1) →
        GenLoop.Homotopic p (Mathoverflow1973.Hurewicz.NativeSubdivision.sliceConcat p i k a ha)
@Mathoverflow1973.Hurewicz.NativeSubdivision.insertChamberChart : {n : ℕ} →
  (e : Equiv.Perm (Fin n)) →
    (r : Fin (n + 1)) →
      Mathoverflow1973.Hurewicz.NativeSubdivision.NativeChamberChart e →
        Mathoverflow1973.Hurewicz.NativeSubdivision.NativeChamberChart
          (Mathoverflow1973.Hurewicz.NativeSubdivision.insertPermutation e r)
@Mathoverflow1973.Hurewicz.NativeSubdivision.insertChamberMap : {n : ℕ} →
  (e : Equiv.Perm (Fin n)) →
    Fin (n + 1) →
      Mathoverflow1973.Hurewicz.NativeSubdivision.NativeChamberChart e →
        C(Mathoverflow1973.Hurewicz.NativeSubdivision.NativeCube (Fin (n + 1)),
          Mathoverflow1973.Hurewicz.NativeSubdivision.NativeCube (Fin (n + 1)))
@Mathoverflow1973.Hurewicz.NativeSubdivision.insertChamberMap_apply_castSucc : ∀ {n : ℕ} (e : Equiv.Perm (Fin n))
  (r : Fin (n + 1)) (chart : Mathoverflow1973.Hurewicz.NativeSubdivision.NativeChamberChart e)
  (u : Mathoverflow1973.Hurewicz.NativeSubdivision.NativeCube (Fin (n + 1))) (k : Fin n),
  (Mathoverflow1973.Hurewicz.NativeSubdivision.insertChamberMap e r chart) u k.castSucc =
    chart.toContinuousMap (Mathoverflow1973.Hurewicz.NativeSubdivision.chamberOldCoordinates u) k
@Mathoverflow1973.Hurewicz.NativeSubdivision.insertChamberMap_apply_last : ∀ {n : ℕ} (e : Equiv.Perm (Fin n))
  (r : Fin (n + 1)) (chart : Mathoverflow1973.Hurewicz.NativeSubdivision.NativeChamberChart e)
  (u : Mathoverflow1973.Hurewicz.NativeSubdivision.NativeCube (Fin (n + 1))),
  (Mathoverflow1973.Hurewicz.NativeSubdivision.insertChamberMap e r chart) u (Fin.last n) =
    Set.Icc.convexComb
      ((Mathoverflow1973.Hurewicz.NativeSubdivision.chamberLower e r chart)
        (Mathoverflow1973.Hurewicz.NativeSubdivision.chamberOldCoordinates u))
      ((Mathoverflow1973.Hurewicz.NativeSubdivision.chamberUpper e r chart)
        (Mathoverflow1973.Hurewicz.NativeSubdivision.chamberOldCoordinates u))
      (u (Fin.last n))
@Mathoverflow1973.Hurewicz.NativeSubdivision.insertChamberMap_one_adjacent : ∀ {n : ℕ} (e : Equiv.Perm (Fin n))
  (r : Fin (n + 1)) (chart : Mathoverflow1973.Hurewicz.NativeSubdivision.NativeChamberChart e)
  (u : Mathoverflow1973.Hurewicz.NativeSubdivision.NativeCube (Fin (n + 1))) (i j : Fin (n + 1)),
  ↑j + 1 = ↑i →
    u ((Mathoverflow1973.Hurewicz.NativeSubdivision.insertPermutation e r) i) = 1 →
      (Mathoverflow1973.Hurewicz.NativeSubdivision.insertChamberMap e r chart) u
          ((Mathoverflow1973.Hurewicz.NativeSubdivision.insertPermutation e r) i) =
        (Mathoverflow1973.Hurewicz.NativeSubdivision.insertChamberMap e r chart) u
          ((Mathoverflow1973.Hurewicz.NativeSubdivision.insertPermutation e r) j)
@Mathoverflow1973.Hurewicz.NativeSubdivision.insertChamberMap_one_first : ∀ {n : ℕ} (e : Equiv.Perm (Fin n))
  (r : Fin (n + 1)) (chart : Mathoverflow1973.Hurewicz.NativeSubdivision.NativeChamberChart e)
  (u : Mathoverflow1973.Hurewicz.NativeSubdivision.NativeCube (Fin (n + 1))) (i : Fin (n + 1)),
  ↑i = 0 →
    u ((Mathoverflow1973.Hurewicz.NativeSubdivision.insertPermutation e r) i) = 1 →
      (Mathoverflow1973.Hurewicz.NativeSubdivision.insertChamberMap e r chart) u
          ((Mathoverflow1973.Hurewicz.NativeSubdivision.insertPermutation e r) i) =
        1
@Mathoverflow1973.Hurewicz.NativeSubdivision.insertChamberMap_zero_adjacent : ∀ {n : ℕ} (e : Equiv.Perm (Fin n))
  (r : Fin (n + 1)) (chart : Mathoverflow1973.Hurewicz.NativeSubdivision.NativeChamberChart e)
  (u : Mathoverflow1973.Hurewicz.NativeSubdivision.NativeCube (Fin (n + 1))) (i j : Fin (n + 1)),
  ↑i + 1 = ↑j →
    u ((Mathoverflow1973.Hurewicz.NativeSubdivision.insertPermutation e r) i) = 0 →
      (Mathoverflow1973.Hurewicz.NativeSubdivision.insertChamberMap e r chart) u
          ((Mathoverflow1973.Hurewicz.NativeSubdivision.insertPermutation e r) i) =
        (Mathoverflow1973.Hurewicz.NativeSubdivision.insertChamberMap e r chart) u
          ((Mathoverflow1973.Hurewicz.NativeSubdivision.insertPermutation e r) j)
@Mathoverflow1973.Hurewicz.NativeSubdivision.insertChamberMap_zero_last : ∀ {n : ℕ} (e : Equiv.Perm (Fin n))
  (r : Fin (n + 1)) (chart : Mathoverflow1973.Hurewicz.NativeSubdivision.NativeChamberChart e)
  (u : Mathoverflow1973.Hurewicz.NativeSubdivision.NativeCube (Fin (n + 1))) (i : Fin (n + 1)),
  ↑i + 1 = n + 1 →
    u ((Mathoverflow1973.Hurewicz.NativeSubdivision.insertPermutation e r) i) = 0 →
      (Mathoverflow1973.Hurewicz.NativeSubdivision.insertChamberMap e r chart) u
          ((Mathoverflow1973.Hurewicz.NativeSubdivision.insertPermutation e r) i) =
        0
@Mathoverflow1973.Hurewicz.NativeSubdivision.insertPermutation : {n : ℕ} →
  Equiv.Perm (Fin n) → Fin (n + 1) → Equiv.Perm (Fin (n + 1))
Mathoverflow1973.Hurewicz.NativeSubdivision.insertPermutationEquiv : (n : ℕ) →
  Equiv.Perm (Fin n) × Fin (n + 1) ≃ Equiv.Perm (Fin (n + 1))
@Mathoverflow1973.Hurewicz.NativeSubdivision.insertPermutation_apply_at : ∀ {n : ℕ} (e : Equiv.Perm (Fin n))
  (r : Fin (n + 1)), (Mathoverflow1973.Hurewicz.NativeSubdivision.insertPermutation e r) r = Fin.last n
@Mathoverflow1973.Hurewicz.NativeSubdivision.insertPermutation_apply_succAbove : ∀ {n : ℕ} (e : Equiv.Perm (Fin n))
  (r : Fin (n + 1)) (j : Fin n),
  (Mathoverflow1973.Hurewicz.NativeSubdivision.insertPermutation e r) (r.succAbove j) = (e j).castSucc
@Mathoverflow1973.Hurewicz.NativeSubdivision.insertPermutation_deletePermutation : ∀ {n : ℕ}
  (E : Equiv.Perm (Fin (n + 1))),
  Mathoverflow1973.Hurewicz.NativeSubdivision.insertPermutation
      (Mathoverflow1973.Hurewicz.NativeSubdivision.deletePermutation E) ((Equiv.symm E) (Fin.last n)) =
    E
@Mathoverflow1973.Hurewicz.NativeSubdivision.insertPermutation_pair_injective : ∀ {n : ℕ},
  Function.Injective fun er => Mathoverflow1973.Hurewicz.NativeSubdivision.insertPermutation er.1 er.2
@Mathoverflow1973.Hurewicz.NativeSubdivision.insertPermutation_symm_last : ∀ {n : ℕ} (e : Equiv.Perm (Fin n))
  (r : Fin (n + 1)), (Equiv.symm (Mathoverflow1973.Hurewicz.NativeSubdivision.insertPermutation e r)) (Fin.last n) = r
@Mathoverflow1973.Hurewicz.NativeSubdivision.nativeBasedCubeSimplex : {X : Type u_1} →
  [inst : TopologicalSpace X] →
    {x : X} →
      {n : ℕ} →
        (p : ↑(GenLoop (Fin n) X x)) →
          Mathoverflow1973.Hurewicz.NativeSubdivision.NativeCubeInternalBased p →
            Equiv.Perm (Fin n) → Mathoverflow1973.Hurewicz.SimplexGeometry.BasedSimplex n x
@Mathoverflow1973.Hurewicz.NativeSubdivision.nativeClass : {N : Type u_1} →
  {X : Type u_2} → [inst : TopologicalSpace X] → {x : X} → ↑(GenLoop N X x) → Additive (HomotopyGroup N X x)
@Mathoverflow1973.Hurewicz.NativeSubdivision.nativeClass_chamber_eq_orientedSimplex : ∀ {n : ℕ}
  [inst : Nontrivial (Fin n)] {X : Type u_1} [inst_1 : TopologicalSpace X] {x : X} (p : ↑(GenLoop (Fin n) X x))
  (hp : Mathoverflow1973.Hurewicz.NativeSubdivision.NativeCubeInternalBased p) (e : Equiv.Perm (Fin n))
  (chart : Mathoverflow1973.Hurewicz.NativeSubdivision.NativeChamberChart e),
  Mathoverflow1973.Hurewicz.NativeSubdivision.nativeClass
      (Mathoverflow1973.Hurewicz.NativeSubdivision.extendedChamberLoop p hp ⋯ chart) =
    Mathoverflow1973.Hurewicz.CubeTriangulation.cubeOrientation e •
      Mathoverflow1973.Hurewicz.SimplexGeometry.basedSimplexClass
        (Mathoverflow1973.Hurewicz.NativeSubdivision.nativeBasedCubeSimplex p hp e)
@Mathoverflow1973.Hurewicz.NativeSubdivision.nativeClass_commonOrderedDuffy : ∀ {X : Type u_1}
  [inst : TopologicalSpace X] {x : X} {n : ℕ} [inst_1 : Nontrivial (Fin n)] (p : ↑(GenLoop (Fin n) X x))
  (hp : Mathoverflow1973.Hurewicz.NativeSubdivision.NativeCubeInternalBased p) (e : Equiv.Perm (Fin n))
  (f :
    C(Mathoverflow1973.Hurewicz.NativeSubdivision.NativeCube (Fin n),
      Mathoverflow1973.Hurewicz.NativeSubdivision.NativeCube (Fin n)))
  (hf : ∀ u ∈ Cube.boundary (Fin n), p (f u) = x),
  (∀ u ∈ Cube.boundary (Fin n),
      Mathoverflow1973.Hurewicz.NativeSubdivision.NativeCubeSameFlat (f u)
        ((Mathoverflow1973.Hurewicz.NativeSubdivision.nativeOrderedDuffyMap e) u)) →
    Mathoverflow1973.Hurewicz.NativeSubdivision.nativeClass
        (Mathoverflow1973.Hurewicz.NativeSubdivision.nativeCubePullbackLoop p f hf) =
      ↑(Equiv.Perm.sign e) •
        Mathoverflow1973.Hurewicz.NativeSubdivision.nativeClass
          (Mathoverflow1973.Hurewicz.NativeSubdivision.nativeDuffyCubeLoop p hp e)
@Mathoverflow1973.Hurewicz.NativeSubdivision.nativeClass_commonOrderedSimplex : ∀ {X : Type u_1}
  [inst : TopologicalSpace X] {x : X} {n : ℕ} [inst_1 : Nontrivial (Fin n)] (p : ↑(GenLoop (Fin n) X x))
  (hp : Mathoverflow1973.Hurewicz.NativeSubdivision.NativeCubeInternalBased p) (e : Equiv.Perm (Fin n))
  (f :
    C(Mathoverflow1973.Hurewicz.NativeSubdivision.NativeCube (Fin n),
      Mathoverflow1973.Hurewicz.NativeSubdivision.NativeCube (Fin n)))
  (hf : ∀ u ∈ Cube.boundary (Fin n), p (f u) = x),
  (∀ u ∈ Cube.boundary (Fin n),
      Mathoverflow1973.Hurewicz.NativeSubdivision.NativeCubeSameFlat (f u)
        ((Mathoverflow1973.Hurewicz.NativeSubdivision.nativeOrderedDuffyMap e) u)) →
    Mathoverflow1973.Hurewicz.NativeSubdivision.nativeClass
        (Mathoverflow1973.Hurewicz.NativeSubdivision.nativeCubePullbackLoop p f hf) =
      Mathoverflow1973.Hurewicz.CubeTriangulation.cubeOrientation e •
        Mathoverflow1973.Hurewicz.SimplexGeometry.basedSimplexClass
          (Mathoverflow1973.Hurewicz.NativeSubdivision.nativeBasedCubeSimplex p hp e)
@Mathoverflow1973.Hurewicz.NativeSubdivision.nativeClass_const : ∀ {N : Type u_1} {X : Type u_2}
  [inst : TopologicalSpace X] {x : X} [inst_1 : DecidableEq N] [inst_2 : Nonempty N],
  Mathoverflow1973.Hurewicz.NativeSubdivision.nativeClass GenLoop.const = 0
@Mathoverflow1973.Hurewicz.NativeSubdivision.nativeClass_eq_sum_partialChambers : ∀ {n : ℕ} [inst : Nontrivial (Fin n)]
  {X : Type u_1} [inst_1 : TopologicalSpace X] {x : X} (p : ↑(GenLoop (Fin n) X x))
  (hp : Mathoverflow1973.Hurewicz.NativeSubdivision.NativeCubeInternalBased p) (m : ℕ) (h : m ≤ n),
  Mathoverflow1973.Hurewicz.NativeSubdivision.nativeClass p =
    ∑ e,
      Mathoverflow1973.Hurewicz.NativeSubdivision.nativeClass
        (Mathoverflow1973.Hurewicz.NativeSubdivision.extendedChamberLoop p hp h
          (Mathoverflow1973.Hurewicz.NativeSubdivision.orderedDuffyChart e))
@Mathoverflow1973.Hurewicz.NativeSubdivision.nativeClass_eq_sum_simplices : ∀ {n : ℕ} [inst : Nontrivial (Fin n)]
  {X : Type u_1} [inst_1 : TopologicalSpace X] {x : X} (p : ↑(GenLoop (Fin n) X x))
  (hp : Mathoverflow1973.Hurewicz.NativeSubdivision.NativeCubeInternalBased p),
  Mathoverflow1973.Hurewicz.NativeSubdivision.nativeClass p =
    ∑ e,
      Mathoverflow1973.Hurewicz.CubeTriangulation.cubeOrientation e •
        Mathoverflow1973.Hurewicz.SimplexGeometry.basedSimplexClass
          (Mathoverflow1973.Hurewicz.NativeSubdivision.nativeBasedCubeSimplex p hp e)
@Mathoverflow1973.Hurewicz.NativeSubdivision.nativeClass_extendedChamber_eq : ∀ {m n : ℕ} {X : Type u_1}
  [inst : TopologicalSpace X] {x : X} (p : ↑(GenLoop (Fin n) X x))
  (hp : Mathoverflow1973.Hurewicz.NativeSubdivision.NativeCubeInternalBased p) (h : m ≤ n) {e : Equiv.Perm (Fin m)}
  (chart other : Mathoverflow1973.Hurewicz.NativeSubdivision.NativeChamberChart e),
  Mathoverflow1973.Hurewicz.NativeSubdivision.nativeClass
      (Mathoverflow1973.Hurewicz.NativeSubdivision.extendedChamberLoop p hp h chart) =
    Mathoverflow1973.Hurewicz.NativeSubdivision.nativeClass
      (Mathoverflow1973.Hurewicz.NativeSubdivision.extendedChamberLoop p hp h other)
@Mathoverflow1973.Hurewicz.NativeSubdivision.nativeClass_extendedChamber_eq_sum_insertions : ∀ {m n : ℕ} {X : Type u_1}
  [inst : TopologicalSpace X] {x : X} [inst_1 : Nontrivial (Fin n)] (p : ↑(GenLoop (Fin n) X x))
  (hp : Mathoverflow1973.Hurewicz.NativeSubdivision.NativeCubeInternalBased p) (h : m + 1 ≤ n) {e : Equiv.Perm (Fin m)}
  (chart : Mathoverflow1973.Hurewicz.NativeSubdivision.NativeChamberChart e),
  Mathoverflow1973.Hurewicz.NativeSubdivision.nativeClass
      (Mathoverflow1973.Hurewicz.NativeSubdivision.extendedChamberLoop p hp ⋯ chart) =
    ∑ r,
      Mathoverflow1973.Hurewicz.NativeSubdivision.nativeClass
        (Mathoverflow1973.Hurewicz.NativeSubdivision.extendedChamberLoop p hp h
          (Mathoverflow1973.Hurewicz.NativeSubdivision.insertChamberChart e r chart))
@Mathoverflow1973.Hurewicz.NativeSubdivision.nativeClass_homotopic : ∀ {N : Type u_1} {X : Type u_2}
  [inst : TopologicalSpace X] {x : X} {p q : ↑(GenLoop N X x)},
  GenLoop.Homotopic p q →
    Mathoverflow1973.Hurewicz.NativeSubdivision.nativeClass p =
      Mathoverflow1973.Hurewicz.NativeSubdivision.nativeClass q
@Mathoverflow1973.Hurewicz.NativeSubdivision.nativeClass_quarterTurn : ∀ {N : Type u_1} {X : Type u_2}
  [inst : TopologicalSpace X] {x : X} [inst_1 : DecidableEq N] (p : ↑(GenLoop N X x)) (i j : N) (hij : i ≠ j),
  Mathoverflow1973.Hurewicz.NativeSubdivision.nativeClass
      (Mathoverflow1973.Hurewicz.NativeSubdivision.nativeCubeQuarterTurnLoop p i j hij) =
    Mathoverflow1973.Hurewicz.NativeSubdivision.nativeClass p
@Mathoverflow1973.Hurewicz.NativeSubdivision.nativeClass_symmAt : ∀ {N : Type u_1} {X : Type u_2}
  [inst : TopologicalSpace X] {x : X} [inst_1 : DecidableEq N] [inst_2 : Nonempty N] (i : N) (p : ↑(GenLoop N X x)),
  Mathoverflow1973.Hurewicz.NativeSubdivision.nativeClass (GenLoop.symmAt i p) =
    -Mathoverflow1973.Hurewicz.NativeSubdivision.nativeClass p
@Mathoverflow1973.Hurewicz.NativeSubdivision.nativeClass_transAt : ∀ {N : Type u_1} {X : Type u_2}
  [inst : TopologicalSpace X] {x : X} [inst_1 : DecidableEq N] [inst_2 : Nontrivial N] (i : N) (p q : ↑(GenLoop N X x)),
  Mathoverflow1973.Hurewicz.NativeSubdivision.nativeClass (GenLoop.transAt i p q) =
    Mathoverflow1973.Hurewicz.NativeSubdivision.nativeClass p +
      Mathoverflow1973.Hurewicz.NativeSubdivision.nativeClass q
@Mathoverflow1973.Hurewicz.NativeSubdivision.nativeCubeBlend : {N : Type u_1} →
  ↑unitInterval →
    Mathoverflow1973.Hurewicz.NativeSubdivision.NativeCube N →
      Mathoverflow1973.Hurewicz.NativeSubdivision.NativeCube N →
        Mathoverflow1973.Hurewicz.NativeSubdivision.NativeCube N
@Mathoverflow1973.Hurewicz.NativeSubdivision.nativeCubeBlendMap : {N : Type u_1} →
  C(Mathoverflow1973.Hurewicz.NativeSubdivision.NativeCube N,
      Mathoverflow1973.Hurewicz.NativeSubdivision.NativeCube N) →
    C(Mathoverflow1973.Hurewicz.NativeSubdivision.NativeCube N,
        Mathoverflow1973.Hurewicz.NativeSubdivision.NativeCube N) →
      C(↑unitInterval × Mathoverflow1973.Hurewicz.NativeSubdivision.NativeCube N,
        Mathoverflow1973.Hurewicz.NativeSubdivision.NativeCube N)
@Mathoverflow1973.Hurewicz.NativeSubdivision.nativeCubeBlend_based : ∀ {N : Type u_1} {X : Type u_2}
  [inst : TopologicalSpace X] {x : X} (p : ↑(GenLoop N X x)),
  Mathoverflow1973.Hurewicz.NativeSubdivision.NativeCubeInternalBased p →
    ∀ {a b : Mathoverflow1973.Hurewicz.NativeSubdivision.NativeCube N},
      Mathoverflow1973.Hurewicz.NativeSubdivision.NativeCubeSameFlat a b →
        ∀ (t : ↑unitInterval), p (Mathoverflow1973.Hurewicz.NativeSubdivision.nativeCubeBlend t a b) = x
@Mathoverflow1973.Hurewicz.NativeSubdivision.nativeCubeBlend_one : ∀ {N : Type u_1}
  (a b : Mathoverflow1973.Hurewicz.NativeSubdivision.NativeCube N),
  Mathoverflow1973.Hurewicz.NativeSubdivision.nativeCubeBlend 1 a b = b
@Mathoverflow1973.Hurewicz.NativeSubdivision.nativeCubeBlend_zero : ∀ {N : Type u_1}
  (a b : Mathoverflow1973.Hurewicz.NativeSubdivision.NativeCube N),
  Mathoverflow1973.Hurewicz.NativeSubdivision.nativeCubeBlend 0 a b = a
@Mathoverflow1973.Hurewicz.NativeSubdivision.nativeCubeLinearHomotopy : {N : Type u_1} →
  {X : Type u_2} →
    [inst : TopologicalSpace X] →
      {x : X} →
        (p : ↑(GenLoop N X x)) →
          Mathoverflow1973.Hurewicz.NativeSubdivision.NativeCubeInternalBased p →
            (f g :
                C(Mathoverflow1973.Hurewicz.NativeSubdivision.NativeCube N,
                  Mathoverflow1973.Hurewicz.NativeSubdivision.NativeCube N)) →
              (hf : ∀ u ∈ Cube.boundary N, p (f u) = x) →
                (hg : ∀ u ∈ Cube.boundary N, p (g u) = x) →
                  (∀ u ∈ Cube.boundary N, Mathoverflow1973.Hurewicz.NativeSubdivision.NativeCubeSameFlat (f u) (g u)) →
                    (↑(Mathoverflow1973.Hurewicz.NativeSubdivision.nativeCubePullbackLoop p f hf)).HomotopyRel
                      (↑(Mathoverflow1973.Hurewicz.NativeSubdivision.nativeCubePullbackLoop p g hg)) (Cube.boundary N)
@Mathoverflow1973.Hurewicz.NativeSubdivision.nativeCubeOrderedDuffyHomotopy : {X : Type u_1} →
  [inst : TopologicalSpace X] →
    {x : X} →
      {n : ℕ} →
        (p : ↑(GenLoop (Fin n) X x)) →
          (hp : Mathoverflow1973.Hurewicz.NativeSubdivision.NativeCubeInternalBased p) →
            (e : Equiv.Perm (Fin n)) →
              (f :
                  C(Mathoverflow1973.Hurewicz.NativeSubdivision.NativeCube (Fin n),
                    Mathoverflow1973.Hurewicz.NativeSubdivision.NativeCube (Fin n))) →
                (hf : ∀ u ∈ Cube.boundary (Fin n), p (f u) = x) →
                  (∀ u ∈ Cube.boundary (Fin n),
                      Mathoverflow1973.Hurewicz.NativeSubdivision.NativeCubeSameFlat (f u)
                        ((Mathoverflow1973.Hurewicz.NativeSubdivision.nativeOrderedDuffyMap e) u)) →
                    (↑(Mathoverflow1973.Hurewicz.NativeSubdivision.nativeCubePullbackLoop p f hf)).HomotopyRel
                      (↑(Mathoverflow1973.Hurewicz.NativeSubdivision.permuteCubeLoop
                          (Mathoverflow1973.Hurewicz.NativeSubdivision.nativeDuffyCubeLoop p hp e) e))
                      (Cube.boundary (Fin n))
@Mathoverflow1973.Hurewicz.NativeSubdivision.nativeCubePair : {N : Type u_1} →
  N → N → C(N → ↑unitInterval, Fin 2 → ↑unitInterval)
@Mathoverflow1973.Hurewicz.NativeSubdivision.nativeCubePullbackLoop : {N : Type u_1} →
  {X : Type u_2} →
    [inst : TopologicalSpace X] →
      {x : X} →
        (p : ↑(GenLoop N X x)) →
          (f :
              C(Mathoverflow1973.Hurewicz.NativeSubdivision.NativeCube N,
                Mathoverflow1973.Hurewicz.NativeSubdivision.NativeCube N)) →
            (∀ u ∈ Cube.boundary N, p (f u) = x) → ↑(GenLoop N X x)
@Mathoverflow1973.Hurewicz.NativeSubdivision.nativeCubeQuarterTurnHomotopy : {N : Type u_1} →
  [inst : DecidableEq N] →
    {X : Type u_2} →
      [inst_1 : TopologicalSpace X] →
        {x : X} →
          (p : ↑(GenLoop N X x)) →
            (i j : N) →
              (hij : i ≠ j) →
                (↑p).HomotopyRel (↑(Mathoverflow1973.Hurewicz.NativeSubdivision.nativeCubeQuarterTurnLoop p i j hij))
                  (Cube.boundary N)
@Mathoverflow1973.Hurewicz.NativeSubdivision.nativeCubeQuarterTurnHomotopyMap : {N : Type u_1} →
  [DecidableEq N] → N → N → C(↑unitInterval × (N → ↑unitInterval), N → ↑unitInterval)
@Mathoverflow1973.Hurewicz.NativeSubdivision.nativeCubeQuarterTurnHomotopyMap_boundary : ∀ {N : Type u_1}
  [inst : DecidableEq N] (i j : N),
  i ≠ j →
    ∀ (t : ↑unitInterval),
      ∀ u ∈ Cube.boundary N,
        (Mathoverflow1973.Hurewicz.NativeSubdivision.nativeCubeQuarterTurnHomotopyMap i j) (t, u) ∈ Cube.boundary N
@Mathoverflow1973.Hurewicz.NativeSubdivision.nativeCubeQuarterTurnHomotopyMap_one : ∀ {N : Type u_1}
  [inst : DecidableEq N] (i j : N) (u : N → ↑unitInterval),
  (Mathoverflow1973.Hurewicz.NativeSubdivision.nativeCubeQuarterTurnHomotopyMap i j) (1, u) = fun k =>
    if k = i then u j else if k = j then unitInterval.symm (u i) else u k
@Mathoverflow1973.Hurewicz.NativeSubdivision.nativeCubeQuarterTurnHomotopyMap_zero : ∀ {N : Type u_1}
  [inst : DecidableEq N] (i j : N) (u : N → ↑unitInterval),
  (Mathoverflow1973.Hurewicz.NativeSubdivision.nativeCubeQuarterTurnHomotopyMap i j) (0, u) = u
@Mathoverflow1973.Hurewicz.NativeSubdivision.nativeCubeQuarterTurnLoop : {N : Type u_1} →
  [DecidableEq N] →
    {X : Type u_2} → [inst : TopologicalSpace X] → {x : X} → ↑(GenLoop N X x) → (i j : N) → i ≠ j → ↑(GenLoop N X x)
@Mathoverflow1973.Hurewicz.NativeSubdivision.nativeCubeQuarterTurnLoop_apply : ∀ {N : Type u_1} [inst : DecidableEq N]
  {X : Type u_2} [inst_1 : TopologicalSpace X] {x : X} (p : ↑(GenLoop N X x)) (i j : N) (hij : i ≠ j)
  (u : N → ↑unitInterval),
  (Mathoverflow1973.Hurewicz.NativeSubdivision.nativeCubeQuarterTurnLoop p i j hij) u =
    p fun k => if k = i then u j else if k = j then unitInterval.symm (u i) else u k
@Mathoverflow1973.Hurewicz.NativeSubdivision.nativeCubeQuarterTurnLoop_eq_symmAt_permute : ∀ {N : Type u_1}
  {X : Type u_2} [inst : TopologicalSpace X] {x : X} [inst_1 : DecidableEq N] (p : ↑(GenLoop N X x)) (i j : N)
  (hij : i ≠ j),
  Mathoverflow1973.Hurewicz.NativeSubdivision.nativeCubeQuarterTurnLoop p i j hij =
    GenLoop.symmAt i (Mathoverflow1973.Hurewicz.NativeSubdivision.permuteCubeLoop p (Equiv.swap i j))
@Mathoverflow1973.Hurewicz.NativeSubdivision.nativeCubeSimplexQuotient : {n : ℕ} →
  Equiv.Perm (Fin n) →
    C(Mathoverflow1973.Hurewicz.NativeSubdivision.NativeCube (Fin n),
      Mathoverflow1973.Hurewicz.NativeSubdivision.NativeCube (Fin n))
@Mathoverflow1973.Hurewicz.NativeSubdivision.nativeCubeSimplexQuotient_adjacent_of_one : ∀ {n : ℕ}
  (e : Equiv.Perm (Fin (n + 1))) (u : Mathoverflow1973.Hurewicz.NativeSubdivision.NativeCube (Fin (n + 1))) (i : Fin n),
  u i.succ = 1 →
    (Mathoverflow1973.Hurewicz.NativeSubdivision.nativeCubeSimplexQuotient e) u (e i.castSucc) =
      (Mathoverflow1973.Hurewicz.NativeSubdivision.nativeCubeSimplexQuotient e) u (e i.succ)
@Mathoverflow1973.Hurewicz.NativeSubdivision.nativeCubeSimplexQuotient_based : ∀ {X : Type u_1}
  [inst : TopologicalSpace X] {x : X} {n : ℕ} (p : ↑(GenLoop (Fin n) X x)),
  Mathoverflow1973.Hurewicz.NativeSubdivision.NativeCubeInternalBased p →
    ∀ (e : Equiv.Perm (Fin n)),
      ∀ u ∈ Cube.boundary (Fin n), p ((Mathoverflow1973.Hurewicz.NativeSubdivision.nativeCubeSimplexQuotient e) u) = x
@Mathoverflow1973.Hurewicz.NativeSubdivision.nativeCubeSimplexQuotient_coordinate : ∀ {n : ℕ} (e : Equiv.Perm (Fin n))
  (u : Mathoverflow1973.Hurewicz.NativeSubdivision.NativeCube (Fin n)) (i : Fin n),
  (Mathoverflow1973.Hurewicz.NativeSubdivision.nativeCubeSimplexQuotient e) u (e i) =
    Mathoverflow1973.Hurewicz.SimplexGeometry.prefixMinimum u (↑i + 1)
@Mathoverflow1973.Hurewicz.NativeSubdivision.nativeCubeSimplexQuotient_coordinate_eq_zero : ∀ {n : ℕ}
  (e : Equiv.Perm (Fin n)) (u : Mathoverflow1973.Hurewicz.NativeSubdivision.NativeCube (Fin n)) (i j : Fin n),
  i ≤ j → u i = 0 → (Mathoverflow1973.Hurewicz.NativeSubdivision.nativeCubeSimplexQuotient e) u (e j) = 0
@Mathoverflow1973.Hurewicz.NativeSubdivision.nativeCubeSimplexQuotient_coordinate_zero_of_one : ∀ {n : ℕ}
  (e : Equiv.Perm (Fin (n + 1))) (u : Mathoverflow1973.Hurewicz.NativeSubdivision.NativeCube (Fin (n + 1))),
  u 0 = 1 → (Mathoverflow1973.Hurewicz.NativeSubdivision.nativeCubeSimplexQuotient e) u (e 0) = 1
@Mathoverflow1973.Hurewicz.NativeSubdivision.nativeCubeSimplex_based : ∀ {X : Type u_1} [inst : TopologicalSpace X]
  {x : X} {n : ℕ} (p : ↑(GenLoop (Fin n) X x)),
  Mathoverflow1973.Hurewicz.NativeSubdivision.NativeCubeInternalBased p →
    ∀ (e : Equiv.Perm (Fin n)),
      ∀ s ∈ Mathoverflow1973.SecondHurewicz.SimplyConnected.simplexBoundary n,
        p ((Mathoverflow1973.Hurewicz.CubeTriangulation.cubeSimplex e) s) = x
@Mathoverflow1973.Hurewicz.NativeSubdivision.nativeCubeSubdivision_class : ∀ {n : ℕ} [inst : Nontrivial (Fin n)]
  {X : Type u_1} [inst_1 : TopologicalSpace X] {x : X} (p : ↑(GenLoop (Fin n) X x))
  (hp : Mathoverflow1973.Hurewicz.NativeSubdivision.NativeCubeInternalBased p),
  Additive.ofMul ⟦p⟧ =
    ∑ e,
      Mathoverflow1973.Hurewicz.CubeTriangulation.cubeOrientation e •
        Mathoverflow1973.Hurewicz.SimplexGeometry.basedSimplexClass
          (Mathoverflow1973.Hurewicz.NativeSubdivision.nativeBasedCubeSimplex p hp e)
@Mathoverflow1973.Hurewicz.NativeSubdivision.nativeDuffyCube : {n : ℕ} →
  Equiv.Perm (Fin n) →
    C(Mathoverflow1973.Hurewicz.NativeSubdivision.NativeCube (Fin n),
      Mathoverflow1973.Hurewicz.NativeSubdivision.NativeCube (Fin n))
Mathoverflow1973.Hurewicz.NativeSubdivision.nativeDuffyCubeCanonical : (n : ℕ) →
  C(Mathoverflow1973.Hurewicz.NativeSubdivision.NativeCube (Fin n),
    Mathoverflow1973.Hurewicz.NativeSubdivision.NativeCube (Fin n))
@Mathoverflow1973.Hurewicz.NativeSubdivision.nativeDuffyCubeClass_eq_basedSimplexClass : ∀ {X : Type u_1}
  [inst : TopologicalSpace X] {x : X} {n : ℕ} (p : ↑(GenLoop (Fin n) X x))
  (hp : Mathoverflow1973.Hurewicz.NativeSubdivision.NativeCubeInternalBased p) (e : Equiv.Perm (Fin n)),
  Mathoverflow1973.Hurewicz.NativeSubdivision.nativeClass
      (Mathoverflow1973.Hurewicz.NativeSubdivision.nativeDuffyCubeLoop p hp e) =
    Mathoverflow1973.Hurewicz.SimplexGeometry.basedSimplexClass
      (Mathoverflow1973.Hurewicz.NativeSubdivision.nativeBasedCubeSimplex p hp e)
@Mathoverflow1973.Hurewicz.NativeSubdivision.nativeDuffyCubeLoop : {X : Type u_1} →
  [inst : TopologicalSpace X] →
    {x : X} →
      {n : ℕ} →
        (p : ↑(GenLoop (Fin n) X x)) →
          Mathoverflow1973.Hurewicz.NativeSubdivision.NativeCubeInternalBased p →
            Equiv.Perm (Fin n) → ↑(GenLoop (Fin n) X x)
@Mathoverflow1973.Hurewicz.NativeSubdivision.nativeDuffyCubeSimplexHomotopy : {X : Type u_1} →
  [inst : TopologicalSpace X] →
    {x : X} →
      {n : ℕ} →
        (p : ↑(GenLoop (Fin n) X x)) →
          (hp : Mathoverflow1973.Hurewicz.NativeSubdivision.NativeCubeInternalBased p) →
            (e : Equiv.Perm (Fin n)) →
              (↑(Mathoverflow1973.Hurewicz.NativeSubdivision.nativeDuffyCubeLoop p hp e)).HomotopyRel
                (↑(Mathoverflow1973.Hurewicz.SimplexGeometry.basedSimplexLoop
                    (Mathoverflow1973.Hurewicz.NativeSubdivision.nativeBasedCubeSimplex p hp e)))
                (Cube.boundary (Fin n))
@Mathoverflow1973.Hurewicz.NativeSubdivision.nativeDuffyCube_adjacent_of_one : ∀ {n : ℕ} (e : Equiv.Perm (Fin (n + 1)))
  (u : Mathoverflow1973.Hurewicz.NativeSubdivision.NativeCube (Fin (n + 1))) (i : Fin n),
  u i.succ = 1 →
    (Mathoverflow1973.Hurewicz.NativeSubdivision.nativeDuffyCube e) u (e i.castSucc) =
      (Mathoverflow1973.Hurewicz.NativeSubdivision.nativeDuffyCube e) u (e i.succ)
@Mathoverflow1973.Hurewicz.NativeSubdivision.nativeDuffyCube_apply : ∀ {n : ℕ} (e : Equiv.Perm (Fin n))
  (u : Mathoverflow1973.Hurewicz.NativeSubdivision.NativeCube (Fin n)) (i : Fin n),
  (Mathoverflow1973.Hurewicz.NativeSubdivision.nativeDuffyCube e) u i =
    Mathoverflow1973.Hurewicz.NativeSubdivision.prefixProduct u (↑((Equiv.symm e) i) + 1)
@Mathoverflow1973.Hurewicz.NativeSubdivision.nativeDuffyCube_based : ∀ {X : Type u_1} [inst : TopologicalSpace X]
  {x : X} {n : ℕ} (p : ↑(GenLoop (Fin n) X x)),
  Mathoverflow1973.Hurewicz.NativeSubdivision.NativeCubeInternalBased p →
    ∀ (e : Equiv.Perm (Fin n)),
      ∀ u ∈ Cube.boundary (Fin n), p ((Mathoverflow1973.Hurewicz.NativeSubdivision.nativeDuffyCube e) u) = x
@Mathoverflow1973.Hurewicz.NativeSubdivision.nativeDuffyCube_boundary : ∀ {n : ℕ} (e : Equiv.Perm (Fin n)),
  ∀ u ∈ Cube.boundary (Fin n),
    (Mathoverflow1973.Hurewicz.NativeSubdivision.nativeDuffyCube e) u ∈ Cube.boundary (Fin n) ∨
      ∃ i j,
        i ≠ j ∧
          (Mathoverflow1973.Hurewicz.NativeSubdivision.nativeDuffyCube e) u i =
            (Mathoverflow1973.Hurewicz.NativeSubdivision.nativeDuffyCube e) u j
@Mathoverflow1973.Hurewicz.NativeSubdivision.nativeDuffyCube_coordinate : ∀ {n : ℕ} (e : Equiv.Perm (Fin n))
  (u : Mathoverflow1973.Hurewicz.NativeSubdivision.NativeCube (Fin n)) (i : Fin n),
  (Mathoverflow1973.Hurewicz.NativeSubdivision.nativeDuffyCube e) u (e i) =
    Mathoverflow1973.Hurewicz.NativeSubdivision.prefixProduct u (↑i + 1)
@Mathoverflow1973.Hurewicz.NativeSubdivision.nativeDuffyCube_coordinate_eq_zero : ∀ {n : ℕ} (e : Equiv.Perm (Fin n))
  (u : Mathoverflow1973.Hurewicz.NativeSubdivision.NativeCube (Fin n)) (i j : Fin n),
  i ≤ j → u i = 0 → (Mathoverflow1973.Hurewicz.NativeSubdivision.nativeDuffyCube e) u (e j) = 0
@Mathoverflow1973.Hurewicz.NativeSubdivision.nativeDuffyCube_coordinate_zero_of_one : ∀ {n : ℕ}
  (e : Equiv.Perm (Fin (n + 1))) (u : Mathoverflow1973.Hurewicz.NativeSubdivision.NativeCube (Fin (n + 1))),
  u 0 = 1 → (Mathoverflow1973.Hurewicz.NativeSubdivision.nativeDuffyCube e) u (e 0) = 1
@Mathoverflow1973.Hurewicz.NativeSubdivision.nativeDuffyCube_homotopic_basedSimplexLoop : ∀ {X : Type u_1}
  [inst : TopologicalSpace X] {x : X} {n : ℕ} (p : ↑(GenLoop (Fin n) X x))
  (hp : Mathoverflow1973.Hurewicz.NativeSubdivision.NativeCubeInternalBased p) (e : Equiv.Perm (Fin n)),
  GenLoop.Homotopic (Mathoverflow1973.Hurewicz.NativeSubdivision.nativeDuffyCubeLoop p hp e)
    (Mathoverflow1973.Hurewicz.SimplexGeometry.basedSimplexLoop
      (Mathoverflow1973.Hurewicz.NativeSubdivision.nativeBasedCubeSimplex p hp e))
@Mathoverflow1973.Hurewicz.NativeSubdivision.nativeDuffyCube_simplex_sameFlat : ∀ {n : ℕ} (e : Equiv.Perm (Fin n)),
  ∀ u ∈ Cube.boundary (Fin n),
    Mathoverflow1973.Hurewicz.NativeSubdivision.NativeCubeSameFlat
      ((Mathoverflow1973.Hurewicz.NativeSubdivision.nativeDuffyCube e) u)
      ((Mathoverflow1973.Hurewicz.NativeSubdivision.nativeCubeSimplexQuotient e) u)
@Mathoverflow1973.Hurewicz.NativeSubdivision.nativeOrderedDuffyMap : {n : ℕ} →
  Equiv.Perm (Fin n) →
    C(Mathoverflow1973.Hurewicz.NativeSubdivision.NativeCube (Fin n),
      Mathoverflow1973.Hurewicz.NativeSubdivision.NativeCube (Fin n))
@Mathoverflow1973.Hurewicz.NativeSubdivision.nativeOrderedDuffyMap_based : ∀ {X : Type u_1} [inst : TopologicalSpace X]
  {x : X} {n : ℕ} (p : ↑(GenLoop (Fin n) X x)),
  Mathoverflow1973.Hurewicz.NativeSubdivision.NativeCubeInternalBased p →
    ∀ (e : Equiv.Perm (Fin n)),
      ∀ u ∈ Cube.boundary (Fin n), p ((Mathoverflow1973.Hurewicz.NativeSubdivision.nativeOrderedDuffyMap e) u) = x
@Mathoverflow1973.Hurewicz.NativeSubdivision.nativeOrderedDuffyMap_coordinate : ∀ {n : ℕ} (e : Equiv.Perm (Fin n))
  (u : Mathoverflow1973.Hurewicz.NativeSubdivision.NativeCube (Fin n)) (i : Fin n),
  (Mathoverflow1973.Hurewicz.NativeSubdivision.nativeOrderedDuffyMap e) u (e i) =
    Mathoverflow1973.Hurewicz.NativeSubdivision.prefixProduct (fun k => u (e k)) (↑i + 1)
@Mathoverflow1973.Hurewicz.NativeSubdivision.nativeOrderedDuffyMap_coordinate_eq_zero : ∀ {n : ℕ}
  (e : Equiv.Perm (Fin n)) (u : Mathoverflow1973.Hurewicz.NativeSubdivision.NativeCube (Fin n)) (i j : Fin n),
  i ≤ j → u (e i) = 0 → (Mathoverflow1973.Hurewicz.NativeSubdivision.nativeOrderedDuffyMap e) u (e j) = 0
@Mathoverflow1973.Hurewicz.NativeSubdivision.nativeOrderedDuffyMap_one_adjacent : ∀ {n : ℕ} (e : Equiv.Perm (Fin n))
  (u : Mathoverflow1973.Hurewicz.NativeSubdivision.NativeCube (Fin n)) (i j : Fin n),
  ↑j + 1 = ↑i →
    u (e i) = 1 →
      (Mathoverflow1973.Hurewicz.NativeSubdivision.nativeOrderedDuffyMap e) u (e i) =
        (Mathoverflow1973.Hurewicz.NativeSubdivision.nativeOrderedDuffyMap e) u (e j)
@Mathoverflow1973.Hurewicz.NativeSubdivision.nativeOrderedDuffyMap_one_first : ∀ {n : ℕ} (e : Equiv.Perm (Fin n))
  (u : Mathoverflow1973.Hurewicz.NativeSubdivision.NativeCube (Fin n)) (i : Fin n),
  ↑i = 0 → u (e i) = 1 → (Mathoverflow1973.Hurewicz.NativeSubdivision.nativeOrderedDuffyMap e) u (e i) = 1
@Mathoverflow1973.Hurewicz.NativeSubdivision.nativeOrderedDuffyMap_zero_adjacent : ∀ {n : ℕ} (e : Equiv.Perm (Fin n))
  (u : Mathoverflow1973.Hurewicz.NativeSubdivision.NativeCube (Fin n)) (i j : Fin n),
  ↑i + 1 = ↑j →
    u (e i) = 0 →
      (Mathoverflow1973.Hurewicz.NativeSubdivision.nativeOrderedDuffyMap e) u (e i) =
        (Mathoverflow1973.Hurewicz.NativeSubdivision.nativeOrderedDuffyMap e) u (e j)
@Mathoverflow1973.Hurewicz.NativeSubdivision.nativeOrderedDuffyMap_zero_last : ∀ {n : ℕ} (e : Equiv.Perm (Fin n))
  (u : Mathoverflow1973.Hurewicz.NativeSubdivision.NativeCube (Fin n)) (i : Fin n),
  ↑i + 1 = n → u (e i) = 0 → (Mathoverflow1973.Hurewicz.NativeSubdivision.nativeOrderedDuffyMap e) u (e i) = 0
@Mathoverflow1973.Hurewicz.NativeSubdivision.optionCongr_removeNone_of_none : ∀ {α : Type u_1} {β : Type u_2}
  (e : Option α ≃ Option β), e none = none → e.removeNone.optionCongr = e
@Mathoverflow1973.Hurewicz.NativeSubdivision.orderedDuffyChart : {n : ℕ} →
  (e : Equiv.Perm (Fin n)) → Mathoverflow1973.Hurewicz.NativeSubdivision.NativeChamberChart e
@Mathoverflow1973.Hurewicz.NativeSubdivision.permuteCubeCoordinates : {N : Type u_1} →
  Equiv.Perm N → C(N → ↑unitInterval, N → ↑unitInterval)
@Mathoverflow1973.Hurewicz.NativeSubdivision.permuteCubeCoordinates_boundary : ∀ {N : Type u_1} (e : Equiv.Perm N),
  ∀ u ∈ Cube.boundary N, (Mathoverflow1973.Hurewicz.NativeSubdivision.permuteCubeCoordinates e) u ∈ Cube.boundary N
@Mathoverflow1973.Hurewicz.NativeSubdivision.permuteCubeLoop : {N : Type u_1} →
  {X : Type u_2} → [inst : TopologicalSpace X] → {x : X} → ↑(GenLoop N X x) → Equiv.Perm N → ↑(GenLoop N X x)
@Mathoverflow1973.Hurewicz.NativeSubdivision.permuteCubeLoop_additiveClass : ∀ {N : Type u_1} {X : Type u_2}
  [inst : TopologicalSpace X] {x : X} [inst_1 : DecidableEq N] [inst_2 : Nontrivial N] [inst_3 : Fintype N]
  (p : ↑(GenLoop N X x)) (e : Equiv.Perm N),
  Mathoverflow1973.Hurewicz.NativeSubdivision.nativeClass
      (Mathoverflow1973.Hurewicz.NativeSubdivision.permuteCubeLoop p e) =
    ↑(Equiv.Perm.sign e) • Mathoverflow1973.Hurewicz.NativeSubdivision.nativeClass p
@Mathoverflow1973.Hurewicz.NativeSubdivision.permuteCubeLoop_apply : ∀ {N : Type u_1} {X : Type u_2}
  [inst : TopologicalSpace X] {x : X} (p : ↑(GenLoop N X x)) (e : Equiv.Perm N) (u : N → ↑unitInterval),
  (Mathoverflow1973.Hurewicz.NativeSubdivision.permuteCubeLoop p e) u = p fun i => u (e i)
@Mathoverflow1973.Hurewicz.NativeSubdivision.permuteCubeLoop_mul : ∀ {N : Type u_1} {X : Type u_2}
  [inst : TopologicalSpace X] {x : X} (p : ↑(GenLoop N X x)) (e f : Equiv.Perm N),
  Mathoverflow1973.Hurewicz.NativeSubdivision.permuteCubeLoop p (e * f) =
    Mathoverflow1973.Hurewicz.NativeSubdivision.permuteCubeLoop
      (Mathoverflow1973.Hurewicz.NativeSubdivision.permuteCubeLoop p f) e
@Mathoverflow1973.Hurewicz.NativeSubdivision.permuteCubeLoop_one : ∀ {N : Type u_1} {X : Type u_2}
  [inst : TopologicalSpace X] {x : X} (p : ↑(GenLoop N X x)),
  Mathoverflow1973.Hurewicz.NativeSubdivision.permuteCubeLoop p 1 = p
@Mathoverflow1973.Hurewicz.NativeSubdivision.permuteCubeLoop_swap_additiveClass : ∀ {N : Type u_1} {X : Type u_2}
  [inst : TopologicalSpace X] {x : X} [inst_1 : DecidableEq N] [inst_2 : Nontrivial N] (p : ↑(GenLoop N X x)) (i j : N),
  i ≠ j →
    Mathoverflow1973.Hurewicz.NativeSubdivision.nativeClass
        (Mathoverflow1973.Hurewicz.NativeSubdivision.permuteCubeLoop p (Equiv.swap i j)) =
      -Mathoverflow1973.Hurewicz.NativeSubdivision.nativeClass p
@Mathoverflow1973.Hurewicz.NativeSubdivision.prefixProduct : {n : ℕ} →
  Mathoverflow1973.Hurewicz.NativeSubdivision.NativeCube (Fin n) → ℕ → ↑unitInterval
@Mathoverflow1973.Hurewicz.NativeSubdivision.prefixProduct_eq_zero_of_coordinate : ∀ {n : ℕ}
  (u : Mathoverflow1973.Hurewicz.NativeSubdivision.NativeCube (Fin n)) (k : ℕ) (i : Fin n),
  ↑i < k → u i = 0 → Mathoverflow1973.Hurewicz.NativeSubdivision.prefixProduct u k = 0
@Mathoverflow1973.Hurewicz.NativeSubdivision.prefixProduct_succ : ∀ {n : ℕ}
  (u : Mathoverflow1973.Hurewicz.NativeSubdivision.NativeCube (Fin n)) (k : ℕ) (hk : k < n),
  Mathoverflow1973.Hurewicz.NativeSubdivision.prefixProduct u (k + 1) =
    Mathoverflow1973.Hurewicz.NativeSubdivision.prefixProduct u k * u ⟨k, hk⟩
@Mathoverflow1973.Hurewicz.NativeSubdivision.prefixProduct_succ_of_one : ∀ {n : ℕ}
  (u : Mathoverflow1973.Hurewicz.NativeSubdivision.NativeCube (Fin n)) (i : Fin n),
  u i = 1 →
    Mathoverflow1973.Hurewicz.NativeSubdivision.prefixProduct u (↑i + 1) =
      Mathoverflow1973.Hurewicz.NativeSubdivision.prefixProduct u ↑i
@Mathoverflow1973.Hurewicz.NativeSubdivision.prefixProduct_zero : ∀ {n : ℕ}
  (u : Mathoverflow1973.Hurewicz.NativeSubdivision.NativeCube (Fin n)),
  Mathoverflow1973.Hurewicz.NativeSubdivision.prefixProduct u 0 = 1
@Mathoverflow1973.Hurewicz.NativeSubdivision.sliceBinaryCoordinate : {N : Type u_1} →
  N →
    C(Mathoverflow1973.Hurewicz.NativeSubdivision.NativeCube N, ↑unitInterval) →
      C(Mathoverflow1973.Hurewicz.NativeSubdivision.NativeCube N, ↑unitInterval) →
        C(Mathoverflow1973.Hurewicz.NativeSubdivision.NativeCube N, ↑unitInterval) →
          C(Mathoverflow1973.Hurewicz.NativeSubdivision.NativeCube N, ↑unitInterval)
@Mathoverflow1973.Hurewicz.NativeSubdivision.sliceBinaryCoordinate_one : ∀ {N : Type u_1} (i : N)
  (a b c : C(Mathoverflow1973.Hurewicz.NativeSubdivision.NativeCube N, ↑unitInterval))
  (u : Mathoverflow1973.Hurewicz.NativeSubdivision.NativeCube N),
  u i = 1 → (Mathoverflow1973.Hurewicz.NativeSubdivision.sliceBinaryCoordinate i a b c) u = c u
@Mathoverflow1973.Hurewicz.NativeSubdivision.sliceBinaryCoordinate_zero : ∀ {N : Type u_1} (i : N)
  (a b c : C(Mathoverflow1973.Hurewicz.NativeSubdivision.NativeCube N, ↑unitInterval))
  (u : Mathoverflow1973.Hurewicz.NativeSubdivision.NativeCube N),
  u i = 0 → (Mathoverflow1973.Hurewicz.NativeSubdivision.sliceBinaryCoordinate i a b c) u = a u
@Mathoverflow1973.Hurewicz.NativeSubdivision.sliceConcat : {N : Type u_1} →
  [inst : DecidableEq N] →
    {X : Type u_2} →
      [inst_1 : TopologicalSpace X] →
        {x : X} →
          (p : ↑(GenLoop N X x)) →
            (i : N) →
              (k : ℕ) →
                (a : Fin (k + 1) → C(Mathoverflow1973.Hurewicz.NativeSubdivision.NativeCube N, ↑unitInterval)) →
                  (∀ (j : Fin (k + 1)), Mathoverflow1973.Hurewicz.NativeSubdivision.CutBased p i (a j)) →
                    ↑(GenLoop N X x)
@Mathoverflow1973.Hurewicz.NativeSubdivision.sliceConcat_class : ∀ {N : Type u_1} [inst : DecidableEq N] {X : Type u_2}
  [inst_1 : TopologicalSpace X] {x : X} [inst_2 : Nontrivial N] (p : ↑(GenLoop N X x)) (i : N) (k : ℕ)
  (a : Fin (k + 1) → C(Mathoverflow1973.Hurewicz.NativeSubdivision.NativeCube N, ↑unitInterval))
  (ha : ∀ (j : Fin (k + 1)), Mathoverflow1973.Hurewicz.NativeSubdivision.CutBased p i (a j)),
  Mathoverflow1973.Hurewicz.NativeSubdivision.nativeClass
      (Mathoverflow1973.Hurewicz.NativeSubdivision.sliceConcat p i k a ha) =
    ∑ j,
      Mathoverflow1973.Hurewicz.NativeSubdivision.nativeClass
        (Mathoverflow1973.Hurewicz.NativeSubdivision.sliceLoop p i (a j.castSucc) (a j.succ) ⋯ ⋯)
@Mathoverflow1973.Hurewicz.NativeSubdivision.sliceHomotopyOfCoordinate : {N : Type u_1} →
  [inst : DecidableEq N] →
    {X : Type u_2} →
      [inst_1 : TopologicalSpace X] →
        {x : X} →
          (p : ↑(GenLoop N X x)) →
            (i : N) →
              (a b : C(Mathoverflow1973.Hurewicz.NativeSubdivision.NativeCube N, ↑unitInterval)) →
                (ha : Mathoverflow1973.Hurewicz.NativeSubdivision.CutBased p i a) →
                  (hb : Mathoverflow1973.Hurewicz.NativeSubdivision.CutBased p i b) →
                    (q : ↑(GenLoop N X x)) →
                      (w : C(Mathoverflow1973.Hurewicz.NativeSubdivision.NativeCube N, ↑unitInterval)) →
                        (∀ (u : N → ↑unitInterval), q u = p (Function.update u i (w u))) →
                          (∀ (u : Mathoverflow1973.Hurewicz.NativeSubdivision.NativeCube N), u i = 0 → w u = a u) →
                            (∀ (u : Mathoverflow1973.Hurewicz.NativeSubdivision.NativeCube N), u i = 1 → w u = b u) →
                              (↑(Mathoverflow1973.Hurewicz.NativeSubdivision.sliceLoop p i a b ha hb)).HomotopyRel (↑q)
                                (Cube.boundary N)
@Mathoverflow1973.Hurewicz.NativeSubdivision.sliceLoop : {N : Type u_1} →
  [inst : DecidableEq N] →
    {X : Type u_2} →
      [inst_1 : TopologicalSpace X] →
        {x : X} →
          (p : ↑(GenLoop N X x)) →
            (i : N) →
              (a b : C(Mathoverflow1973.Hurewicz.NativeSubdivision.NativeCube N, ↑unitInterval)) →
                Mathoverflow1973.Hurewicz.NativeSubdivision.CutBased p i a →
                  Mathoverflow1973.Hurewicz.NativeSubdivision.CutBased p i b → ↑(GenLoop N X x)
@Mathoverflow1973.Hurewicz.NativeSubdivision.sliceLoop_apply : ∀ {N : Type u_1} [inst : DecidableEq N] {X : Type u_2}
  [inst_1 : TopologicalSpace X] {x : X} (p : ↑(GenLoop N X x)) (i : N)
  (a b : C(Mathoverflow1973.Hurewicz.NativeSubdivision.NativeCube N, ↑unitInterval))
  (ha : Mathoverflow1973.Hurewicz.NativeSubdivision.CutBased p i a)
  (hb : Mathoverflow1973.Hurewicz.NativeSubdivision.CutBased p i b)
  (u : Mathoverflow1973.Hurewicz.NativeSubdivision.NativeCube N),
  (Mathoverflow1973.Hurewicz.NativeSubdivision.sliceLoop p i a b ha hb) u =
    p (Function.update u i (Set.Icc.convexComb (a u) (b u) (u i)))
@Mathoverflow1973.Hurewicz.NativeSubdivision.sliceLoop_full : ∀ {N : Type u_1} [inst : DecidableEq N] {X : Type u_2}
  [inst_1 : TopologicalSpace X] {x : X} (p : ↑(GenLoop N X x)) (i : N)
  (a b : C(Mathoverflow1973.Hurewicz.NativeSubdivision.NativeCube N, ↑unitInterval))
  (ha : Mathoverflow1973.Hurewicz.NativeSubdivision.CutBased p i a)
  (hb : Mathoverflow1973.Hurewicz.NativeSubdivision.CutBased p i b),
  (∀ (u : Mathoverflow1973.Hurewicz.NativeSubdivision.NativeCube N), a u = 0) →
    (∀ (u : Mathoverflow1973.Hurewicz.NativeSubdivision.NativeCube N), b u = 1) →
      Mathoverflow1973.Hurewicz.NativeSubdivision.sliceLoop p i a b ha hb = p
@Mathoverflow1973.Hurewicz.NativeSubdivision.sliceLoop_self : ∀ {N : Type u_1} [inst : DecidableEq N] {X : Type u_2}
  [inst_1 : TopologicalSpace X] {x : X} (p : ↑(GenLoop N X x)) (i : N)
  (a : C(Mathoverflow1973.Hurewicz.NativeSubdivision.NativeCube N, ↑unitInterval))
  (ha : Mathoverflow1973.Hurewicz.NativeSubdivision.CutBased p i a),
  Mathoverflow1973.Hurewicz.NativeSubdivision.sliceLoop p i a a ha ha = GenLoop.const
@Mathoverflow1973.Hurewicz.NativeSubdivision.sliceMap : {N : Type u_1} →
  [DecidableEq N] →
    N →
      C(Mathoverflow1973.Hurewicz.NativeSubdivision.NativeCube N, ↑unitInterval) →
        C(Mathoverflow1973.Hurewicz.NativeSubdivision.NativeCube N, ↑unitInterval) →
          C(Mathoverflow1973.Hurewicz.NativeSubdivision.NativeCube N,
            Mathoverflow1973.Hurewicz.NativeSubdivision.NativeCube N)
@Mathoverflow1973.Hurewicz.NativeSubdivision.sliceMap_based : ∀ {N : Type u_1} [inst : DecidableEq N] {X : Type u_2}
  [inst_1 : TopologicalSpace X] {x : X} (p : ↑(GenLoop N X x)) (i : N)
  (a b : C(Mathoverflow1973.Hurewicz.NativeSubdivision.NativeCube N, ↑unitInterval)),
  Mathoverflow1973.Hurewicz.NativeSubdivision.CutBased p i a →
    Mathoverflow1973.Hurewicz.NativeSubdivision.CutBased p i b →
      ∀ u ∈ Cube.boundary N, p ((Mathoverflow1973.Hurewicz.NativeSubdivision.sliceMap i a b) u) = x
@Mathoverflow1973.Hurewicz.NativeSubdivision.sliceTrans_apply : ∀ {N : Type u_1} {X : Type u_2}
  [inst : TopologicalSpace X] {x : X} [inst_1 : DecidableEq N] (p : ↑(GenLoop N X x)) (i : N)
  (a b c : C(Mathoverflow1973.Hurewicz.NativeSubdivision.NativeCube N, ↑unitInterval))
  (ha : Mathoverflow1973.Hurewicz.NativeSubdivision.CutBased p i a)
  (hb : Mathoverflow1973.Hurewicz.NativeSubdivision.CutBased p i b)
  (hc : Mathoverflow1973.Hurewicz.NativeSubdivision.CutBased p i c),
  Mathoverflow1973.Hurewicz.NativeSubdivision.CutIndependent i a →
    Mathoverflow1973.Hurewicz.NativeSubdivision.CutIndependent i b →
      Mathoverflow1973.Hurewicz.NativeSubdivision.CutIndependent i c →
        ∀ (u : Mathoverflow1973.Hurewicz.NativeSubdivision.NativeCube N),
          (GenLoop.transAt i (Mathoverflow1973.Hurewicz.NativeSubdivision.sliceLoop p i a b ha hb)
                (Mathoverflow1973.Hurewicz.NativeSubdivision.sliceLoop p i b c hb hc))
              u =
            p (Function.update u i ((Mathoverflow1973.Hurewicz.NativeSubdivision.sliceBinaryCoordinate i a b c) u))
@Mathoverflow1973.Hurewicz.NativeSubdivision.slice_homotopic_concat : ∀ {N : Type u_1} [inst : DecidableEq N]
  {X : Type u_2} [inst_1 : TopologicalSpace X] {x : X} (p : ↑(GenLoop N X x)) (i : N) (k : ℕ)
  (a : Fin (k + 1) → C(Mathoverflow1973.Hurewicz.NativeSubdivision.NativeCube N, ↑unitInterval))
  (ha : ∀ (j : Fin (k + 1)), Mathoverflow1973.Hurewicz.NativeSubdivision.CutBased p i (a j)),
  (∀ (j : Fin (k + 1)), Mathoverflow1973.Hurewicz.NativeSubdivision.CutIndependent i (a j)) →
    GenLoop.Homotopic (Mathoverflow1973.Hurewicz.NativeSubdivision.sliceLoop p i (a 0) (a (Fin.last k)) ⋯ ⋯)
      (Mathoverflow1973.Hurewicz.NativeSubdivision.sliceConcat p i k a ha)
@Mathoverflow1973.Hurewicz.NativeSubdivision.slice_homotopic_trans : ∀ {N : Type u_1} {X : Type u_2}
  [inst : TopologicalSpace X] {x : X} [inst_1 : DecidableEq N] (p : ↑(GenLoop N X x)) (i : N)
  (a b c : C(Mathoverflow1973.Hurewicz.NativeSubdivision.NativeCube N, ↑unitInterval))
  (ha : Mathoverflow1973.Hurewicz.NativeSubdivision.CutBased p i a)
  (hb : Mathoverflow1973.Hurewicz.NativeSubdivision.CutBased p i b)
  (hc : Mathoverflow1973.Hurewicz.NativeSubdivision.CutBased p i c),
  Mathoverflow1973.Hurewicz.NativeSubdivision.CutIndependent i a →
    Mathoverflow1973.Hurewicz.NativeSubdivision.CutIndependent i b →
      Mathoverflow1973.Hurewicz.NativeSubdivision.CutIndependent i c →
        GenLoop.Homotopic (Mathoverflow1973.Hurewicz.NativeSubdivision.sliceLoop p i a c ha hc)
          (GenLoop.transAt i (Mathoverflow1973.Hurewicz.NativeSubdivision.sliceLoop p i a b ha hb)
            (Mathoverflow1973.Hurewicz.NativeSubdivision.sliceLoop p i b c hb hc))
@Mathoverflow1973.Hurewicz.NativeSubdivision.slice_toLoop_transAt : ∀ {N : Type u_1} {X : Type u_2}
  [inst : TopologicalSpace X] {x : X} [inst_1 : DecidableEq N] (i : N) (a b : ↑(GenLoop N X x)),
  GenLoop.toLoop i (GenLoop.transAt i a b) = Path.trans (GenLoop.toLoop i a) (GenLoop.toLoop i b)
@Mathoverflow1973.Hurewicz.NativeSubdivision.slice_transAt_homotopic : ∀ {N : Type u_1} {X : Type u_2}
  [inst : TopologicalSpace X] {x : X} [inst_1 : DecidableEq N] (i : N) {a b c d : ↑(GenLoop N X x)},
  GenLoop.Homotopic a c → GenLoop.Homotopic b d → GenLoop.Homotopic (GenLoop.transAt i a b) (GenLoop.transAt i c d)
@Mathoverflow1973.Hurewicz.NativeSubdivision.sum_insertPermutation : ∀ {n : ℕ} {A : Type u_1} [inst : AddCommMonoid A]
  (F : Equiv.Perm (Fin (n + 1)) → A),
  ∑ E, F E = ∑ e, ∑ r, F (Mathoverflow1973.Hurewicz.NativeSubdivision.insertPermutation e r)
@Mathoverflow1973.Hurewicz.NormalizationState : {X : Type} → [TopologicalSpace X] → X → ℕ → Type
Mathoverflow1973.Hurewicz.SimplexGeometry.BasedSimplex : ℕ → {X : Type u_1} → [TopologicalSpace X] → X → Type u_1
Mathoverflow1973.Hurewicz.SimplexGeometry.BasedSimplexBoundary : ℕ →
  {X : Type u_1} → [TopologicalSpace X] → X → Type u_1
@Mathoverflow1973.Hurewicz.SimplexGeometry.BasedSimplexBoundary.ofFaces : {X : Type u_1} →
  [inst : TopologicalSpace X] →
    {x : X} →
      {n : ℕ} →
        (τ : C(↑(Simplex (n + 1)), X)) →
          (∀ (i : Fin (n + 2)),
              ∀ s ∈ Mathoverflow1973.SecondHurewicz.SimplyConnected.simplexBoundary n,
                (τ.comp (simplexFace n i)) s = x) →
            Mathoverflow1973.Hurewicz.SimplexGeometry.BasedSimplexBoundary (n + 1) x
@Mathoverflow1973.Hurewicz.SimplexGeometry.basedSimplexBoundaryFace : {X : Type u_1} →
  [inst : TopologicalSpace X] →
    {x : X} →
      {n : ℕ} →
        Mathoverflow1973.Hurewicz.SimplexGeometry.BasedSimplexBoundary (n + 1) x →
          Fin (n + 2) → Mathoverflow1973.Hurewicz.SimplexGeometry.BasedSimplex n x
@Mathoverflow1973.Hurewicz.SimplexGeometry.basedSimplexBoundary_evaluation : ∀ {X : Type u_1}
  [inst : TopologicalSpace X] {x : X} {A : Type u_2} [inst_1 : AddCommGroup A] {n : ℕ}
  (E : Mathoverflow1973.Hurewicz.CubicalBoundary.CubicalEvaluator (n + 1) x A)
  (τ : Mathoverflow1973.Hurewicz.SimplexGeometry.BasedSimplexBoundary (n + 2) x),
  ∑ i,
      (-1) ^ ↑i •
        E.evaluate
          (Mathoverflow1973.Hurewicz.SimplexGeometry.basedSimplexLoop
            (Mathoverflow1973.Hurewicz.SimplexGeometry.basedSimplexBoundaryFace τ i)) =
    0
@Mathoverflow1973.Hurewicz.SimplexGeometry.basedSimplexBoundary_signed_relation : ∀ {X : Type u_1}
  [inst : TopologicalSpace X] {x : X} {n : ℕ}
  (τ : Mathoverflow1973.Hurewicz.SimplexGeometry.BasedSimplexBoundary (n + 3) x),
  ∑ i,
      (-1) ^ ↑i •
        Mathoverflow1973.Hurewicz.SimplexGeometry.basedSimplexClass
          (Mathoverflow1973.Hurewicz.SimplexGeometry.basedSimplexBoundaryFace τ i) =
    0
@Mathoverflow1973.Hurewicz.SimplexGeometry.basedSimplexClass : {X : Type u_1} →
  [inst : TopologicalSpace X] →
    {x : X} → {n : ℕ} → Mathoverflow1973.Hurewicz.SimplexGeometry.BasedSimplex n x → Additive (HomotopyGroup.Pi n X x)
@Mathoverflow1973.Hurewicz.SimplexGeometry.basedSimplexClass_straightening : ∀ {X : Type} [inst : TopologicalSpace X]
  {x : X} {k : ℕ} [inst_1 : Subsingleton (HomotopyGroup.Pi k X x)]
  (τ : Mathoverflow1973.Hurewicz.SimplexGeometry.BasedSimplex k x),
  Mathoverflow1973.Hurewicz.SimplexGeometry.basedSimplexClass
      (Mathoverflow1973.Hurewicz.SimplexGeometry.straightenedBasedSimplex τ) =
    Mathoverflow1973.Hurewicz.SimplexGeometry.basedSimplexClass τ
@Mathoverflow1973.Hurewicz.SimplexGeometry.basedSimplexClass_topStorey : ∀ {X : Type} [inst : TopologicalSpace X]
  {x : X} {m : ℕ} [inst_1 : Subsingleton (HomotopyGroup.Pi (m + 2) X x)]
  (τ : Mathoverflow1973.Hurewicz.SimplexGeometry.BasedSimplex (m + 3) x),
  Mathoverflow1973.Hurewicz.SimplexGeometry.basedSimplexClass
      (Mathoverflow1973.Hurewicz.SimplexGeometry.topStoreySimplex τ) =
    Mathoverflow1973.Hurewicz.SimplexGeometry.basedSimplexClass τ
@Mathoverflow1973.Hurewicz.SimplexGeometry.basedSimplexLoop : {X : Type u_1} →
  [inst : TopologicalSpace X] →
    {x : X} → {n : ℕ} → Mathoverflow1973.Hurewicz.SimplexGeometry.BasedSimplex n x → ↑(GenLoop (Fin n) X x)
@Mathoverflow1973.Hurewicz.SimplexGeometry.basedSimplexLoop_cubeSimplex_other : ∀ {X : Type u_1}
  [inst : TopologicalSpace X] {x : X} {n : ℕ} (τ : Mathoverflow1973.Hurewicz.SimplexGeometry.BasedSimplex n x)
  (e : Equiv.Perm (Fin n)),
  e ≠ Equiv.refl (Fin n) →
    (↑(Mathoverflow1973.Hurewicz.SimplexGeometry.basedSimplexLoop τ)).comp
        (Mathoverflow1973.Hurewicz.CubeTriangulation.cubeSimplex e) =
      ContinuousMap.const (↑(Simplex n)) x
@Mathoverflow1973.Hurewicz.SimplexGeometry.basedSimplexLoop_cubeSimplex_refl : ∀ {X : Type u_1}
  [inst : TopologicalSpace X] {x : X} {n : ℕ} (τ : Mathoverflow1973.Hurewicz.SimplexGeometry.BasedSimplex n x),
  (↑(Mathoverflow1973.Hurewicz.SimplexGeometry.basedSimplexLoop τ)).comp
      (Mathoverflow1973.Hurewicz.CubeTriangulation.cubeSimplex (Equiv.refl (Fin n))) =
    ↑τ
@Mathoverflow1973.Hurewicz.SimplexGeometry.basedSimplexLoop_straighteningHomotopy : {X : Type} →
  [inst : TopologicalSpace X] →
    {x : X} →
      {k : ℕ} →
        [inst_1 : Subsingleton (HomotopyGroup.Pi k X x)] →
          (τ : Mathoverflow1973.Hurewicz.SimplexGeometry.BasedSimplex k x) →
            (↑(Mathoverflow1973.Hurewicz.SimplexGeometry.basedSimplexLoop τ)).HomotopyRel
              (↑(Mathoverflow1973.Hurewicz.SimplexGeometry.basedSimplexLoop
                  (Mathoverflow1973.Hurewicz.SimplexGeometry.straightenedBasedSimplex τ)))
              (Cube.boundary (Fin k))
@Mathoverflow1973.Hurewicz.SimplexGeometry.basedSimplexLoop_topStoreyHomotopy : {X : Type} →
  [inst : TopologicalSpace X] →
    {x : X} →
      {m : ℕ} →
        [inst_1 : Subsingleton (HomotopyGroup.Pi (m + 2) X x)] →
          (τ : Mathoverflow1973.Hurewicz.SimplexGeometry.BasedSimplex (m + 3) x) →
            (↑(Mathoverflow1973.Hurewicz.SimplexGeometry.basedSimplexLoop τ)).HomotopyRel
              (↑(Mathoverflow1973.Hurewicz.SimplexGeometry.basedSimplexLoop
                  (Mathoverflow1973.Hurewicz.SimplexGeometry.topStoreySimplex τ)))
              (Cube.boundary (Fin (m + 3)))
@Mathoverflow1973.Hurewicz.SimplexGeometry.basedSimplex_face : ∀ {X : Type u_1} [inst : TopologicalSpace X] {x : X}
  {n : ℕ} (τ : Mathoverflow1973.Hurewicz.SimplexGeometry.BasedSimplex (n + 1) x) (i : Fin (n + 2)),
  (↑τ).comp (simplexFace n i) = ContinuousMap.const (↑(Simplex n)) x
@Mathoverflow1973.Hurewicz.SimplexGeometry.basedSimplex_simplexChain_sum : ∀ {X : Type} [inst : TopologicalSpace X]
  {x : X} {n : ℕ} (τ : Mathoverflow1973.Hurewicz.SimplexGeometry.BasedSimplex (n + 2) x),
  ∑ e,
      Mathoverflow1973.Hurewicz.CubeTriangulation.cubeOrientation e •
        simplexChain X (n + 2)
          ((↑(Mathoverflow1973.Hurewicz.SimplexGeometry.basedSimplexLoop τ)).comp
            (Mathoverflow1973.Hurewicz.CubeTriangulation.cubeSimplex e)) =
    Mathoverflow1973.Hurewicz.correctedSimplexChain (n + 2) x ↑τ
Mathoverflow1973.Hurewicz.SimplexGeometry.continuous_extendedMinimum : ∀ (n k : ℕ),
  Continuous fun u => Mathoverflow1973.Hurewicz.SimplexGeometry.extendedMinimum u k
Mathoverflow1973.Hurewicz.SimplexGeometry.continuous_prefixMinimum : ∀ (n k : ℕ),
  Continuous fun u => Mathoverflow1973.Hurewicz.SimplexGeometry.prefixMinimum u k
@Mathoverflow1973.Hurewicz.SimplexGeometry.cubeSimplex_coordinate_inversion : ∀ {n : ℕ} (e : Equiv.Perm (Fin n)),
  e ≠ Equiv.refl (Fin n) →
    ∀ (s : ↑(Simplex n)),
      ∃ i j,
        i < j ∧
          (Mathoverflow1973.Hurewicz.CubeTriangulation.cubeSimplex e) s i ≤
            (Mathoverflow1973.Hurewicz.CubeTriangulation.cubeSimplex e) s j
@Mathoverflow1973.Hurewicz.SimplexGeometry.cubeSimplex_quotient_coordinate : ∀ {n : ℕ} (e : Equiv.Perm (Fin n))
  (u : Fin n → ↑unitInterval) (i : Fin n),
  ↑((Mathoverflow1973.Hurewicz.CubeTriangulation.cubeSimplex e)
        ((Mathoverflow1973.Hurewicz.SimplexGeometry.simplexQuotient n) u) (e i)) =
    ↑(Mathoverflow1973.Hurewicz.SimplexGeometry.prefixMinimum u (↑i + 1))
@Mathoverflow1973.Hurewicz.SimplexGeometry.cubeSimplex_quotient_of_antitone : ∀ {n : ℕ} (u : Fin n → ↑unitInterval),
  Antitone u →
    (Mathoverflow1973.Hurewicz.CubeTriangulation.cubeSimplex (Equiv.refl (Fin n)))
        ((Mathoverflow1973.Hurewicz.SimplexGeometry.simplexQuotient n) u) =
      u
@Mathoverflow1973.Hurewicz.SimplexGeometry.extendedMinimum : {n : ℕ} → (Fin n → ↑unitInterval) → ℕ → ↑unitInterval
@Mathoverflow1973.Hurewicz.SimplexGeometry.extendedMinimum_antitone : ∀ {n : ℕ} (u : Fin n → ↑unitInterval),
  Antitone (Mathoverflow1973.Hurewicz.SimplexGeometry.extendedMinimum u)
@Mathoverflow1973.Hurewicz.SimplexGeometry.extendedMinimum_cubeFacet_last_zero : ∀ {n : ℕ} (u : Fin n → ↑unitInterval)
  (k : ℕ),
  Mathoverflow1973.Hurewicz.SimplexGeometry.extendedMinimum
      ((Mathoverflow1973.Hurewicz.CubicalBoundary.cubeFacet n (Fin.last n) 0) u) k =
    Mathoverflow1973.Hurewicz.SimplexGeometry.extendedMinimum u k
@Mathoverflow1973.Hurewicz.SimplexGeometry.extendedMinimum_cubeFacet_one_le : ∀ {n : ℕ} (i : Fin (n + 1))
  (u : Fin n → ↑unitInterval),
  ∀ k ≤ ↑i,
    Mathoverflow1973.Hurewicz.SimplexGeometry.extendedMinimum
        ((Mathoverflow1973.Hurewicz.CubicalBoundary.cubeFacet n i 1) u) k =
      Mathoverflow1973.Hurewicz.SimplexGeometry.extendedMinimum u k
@Mathoverflow1973.Hurewicz.SimplexGeometry.extendedMinimum_cubeFacet_one_succ : ∀ {n : ℕ} (i : Fin (n + 1))
  (u : Fin n → ↑unitInterval) (k : ℕ),
  ↑i ≤ k →
    Mathoverflow1973.Hurewicz.SimplexGeometry.extendedMinimum
        ((Mathoverflow1973.Hurewicz.CubicalBoundary.cubeFacet n i 1) u) (k + 1) =
      Mathoverflow1973.Hurewicz.SimplexGeometry.extendedMinimum u k
@Mathoverflow1973.Hurewicz.SimplexGeometry.extendedMinimum_last_succ : ∀ {n : ℕ} (u : Fin n → ↑unitInterval),
  Mathoverflow1973.Hurewicz.SimplexGeometry.extendedMinimum u (n + 1) = 0
@Mathoverflow1973.Hurewicz.SimplexGeometry.extendedMinimum_of_le : ∀ {n : ℕ} (u : Fin n → ↑unitInterval),
  ∀ k ≤ n,
    Mathoverflow1973.Hurewicz.SimplexGeometry.extendedMinimum u k =
      Mathoverflow1973.Hurewicz.SimplexGeometry.prefixMinimum u k
@Mathoverflow1973.Hurewicz.SimplexGeometry.extendedMinimum_zero : ∀ {n : ℕ} (u : Fin n → ↑unitInterval),
  Mathoverflow1973.Hurewicz.SimplexGeometry.extendedMinimum u 0 = 1
@Mathoverflow1973.Hurewicz.SimplexGeometry.prefixMinimum : {n : ℕ} → (Fin n → ↑unitInterval) → ℕ → ↑unitInterval
@Mathoverflow1973.Hurewicz.SimplexGeometry.prefixMinimum_antitone : ∀ {n : ℕ} (u : Fin n → ↑unitInterval),
  Antitone (Mathoverflow1973.Hurewicz.SimplexGeometry.prefixMinimum u)
@Mathoverflow1973.Hurewicz.SimplexGeometry.prefixMinimum_eq_zero_of_coordinate : ∀ {n : ℕ} (u : Fin n → ↑unitInterval)
  (i : Fin n), u i = 0 → ∀ (k : ℕ), ↑i < k → Mathoverflow1973.Hurewicz.SimplexGeometry.prefixMinimum u k = 0
@Mathoverflow1973.Hurewicz.SimplexGeometry.prefixMinimum_insertNth_last_le : ∀ {n : ℕ} (u : Fin n → ↑unitInterval)
  (ε : ↑unitInterval),
  ∀ k ≤ n,
    Mathoverflow1973.Hurewicz.SimplexGeometry.prefixMinimum ((Fin.last n).insertNth ε u) k =
      Mathoverflow1973.Hurewicz.SimplexGeometry.prefixMinimum u k
@Mathoverflow1973.Hurewicz.SimplexGeometry.prefixMinimum_insertNth_le : ∀ {n : ℕ} (i : Fin (n + 1)) (ε : ↑unitInterval)
  (u : Fin n → ↑unitInterval),
  ∀ k ≤ ↑i,
    Mathoverflow1973.Hurewicz.SimplexGeometry.prefixMinimum (i.insertNth ε u) k =
      Mathoverflow1973.Hurewicz.SimplexGeometry.prefixMinimum u k
@Mathoverflow1973.Hurewicz.SimplexGeometry.prefixMinimum_insertNth_one_le : ∀ {n : ℕ} (i : Fin (n + 1))
  (u : Fin n → ↑unitInterval),
  ∀ k ≤ ↑i,
    Mathoverflow1973.Hurewicz.SimplexGeometry.prefixMinimum (i.insertNth 1 u) k =
      Mathoverflow1973.Hurewicz.SimplexGeometry.prefixMinimum u k
@Mathoverflow1973.Hurewicz.SimplexGeometry.prefixMinimum_insertNth_one_succ : ∀ {n : ℕ} (i : Fin (n + 1))
  (u : Fin n → ↑unitInterval) (k : ℕ),
  ↑i ≤ k →
    Mathoverflow1973.Hurewicz.SimplexGeometry.prefixMinimum (i.insertNth 1 u) (k + 1) =
      Mathoverflow1973.Hurewicz.SimplexGeometry.prefixMinimum u k
@Mathoverflow1973.Hurewicz.SimplexGeometry.prefixMinimum_insertNth_succ : ∀ {n : ℕ} (i : Fin (n + 1))
  (ε : ↑unitInterval) (u : Fin n → ↑unitInterval) (k : ℕ),
  ↑i ≤ k →
    Mathoverflow1973.Hurewicz.SimplexGeometry.prefixMinimum (i.insertNth ε u) (k + 1) =
      min ε (Mathoverflow1973.Hurewicz.SimplexGeometry.prefixMinimum u k)
@Mathoverflow1973.Hurewicz.SimplexGeometry.prefixMinimum_le_coordinate : ∀ {n : ℕ} (u : Fin n → ↑unitInterval) (k : ℕ)
  (i : Fin n), ↑i < k → Mathoverflow1973.Hurewicz.SimplexGeometry.prefixMinimum u k ≤ u i
@Mathoverflow1973.Hurewicz.SimplexGeometry.prefixMinimum_of_antitone : ∀ {n : ℕ} (u : Fin n → ↑unitInterval),
  Antitone u → ∀ (i : Fin n), Mathoverflow1973.Hurewicz.SimplexGeometry.prefixMinimum u (↑i + 1) = u i
@Mathoverflow1973.Hurewicz.SimplexGeometry.prefixMinimum_succ : ∀ {n : ℕ} (u : Fin n → ↑unitInterval) (k : ℕ)
  (hk : k < n),
  Mathoverflow1973.Hurewicz.SimplexGeometry.prefixMinimum u (k + 1) =
    min (Mathoverflow1973.Hurewicz.SimplexGeometry.prefixMinimum u k) (u ⟨k, hk⟩)
@Mathoverflow1973.Hurewicz.SimplexGeometry.prefixMinimum_zero : ∀ {n : ℕ} (u : Fin n → ↑unitInterval),
  Mathoverflow1973.Hurewicz.SimplexGeometry.prefixMinimum u 0 = 1
@Mathoverflow1973.Hurewicz.SimplexGeometry.simplexBoundaryCube : {X : Type u_1} →
  [inst : TopologicalSpace X] →
    {x : X} →
      {n : ℕ} →
        Mathoverflow1973.Hurewicz.SimplexGeometry.BasedSimplexBoundary n x →
          Mathoverflow1973.Hurewicz.CubicalBoundary.BasedCubicalCell n x
@Mathoverflow1973.Hurewicz.SimplexGeometry.simplexBoundaryCube_boundaryValue : ∀ {X : Type u_1}
  [inst : TopologicalSpace X] {x : X} {A : Type u_2} [inst_1 : AddCommGroup A] {n : ℕ}
  (E : Mathoverflow1973.Hurewicz.CubicalBoundary.CubicalEvaluator n x A)
  (τ : Mathoverflow1973.Hurewicz.SimplexGeometry.BasedSimplexBoundary (n + 1) x),
  Mathoverflow1973.Hurewicz.CubicalBoundary.cubicalBoundaryValue E
      (Mathoverflow1973.Hurewicz.SimplexGeometry.simplexBoundaryCube τ) =
    ∑ i,
      (-1) ^ ↑i •
        E.evaluate
          (Mathoverflow1973.Hurewicz.SimplexGeometry.basedSimplexLoop
            (Mathoverflow1973.Hurewicz.SimplexGeometry.basedSimplexBoundaryFace τ i))
@Mathoverflow1973.Hurewicz.SimplexGeometry.simplexBoundaryCube_lower_constant : ∀ {X : Type u_1}
  [inst : TopologicalSpace X] {x : X} {n : ℕ}
  (τ : Mathoverflow1973.Hurewicz.SimplexGeometry.BasedSimplexBoundary (n + 1) x) (i : Fin (n + 1)),
  i ≠ Fin.last n →
    Mathoverflow1973.Hurewicz.CubicalBoundary.cubicalLowerFace
        (Mathoverflow1973.Hurewicz.SimplexGeometry.simplexBoundaryCube τ) i =
      GenLoop.const
@Mathoverflow1973.Hurewicz.SimplexGeometry.simplexBoundaryCube_lower_last : ∀ {X : Type u_1} [inst : TopologicalSpace X]
  {x : X} {n : ℕ} (τ : Mathoverflow1973.Hurewicz.SimplexGeometry.BasedSimplexBoundary (n + 1) x),
  Mathoverflow1973.Hurewicz.CubicalBoundary.cubicalLowerFace
      (Mathoverflow1973.Hurewicz.SimplexGeometry.simplexBoundaryCube τ) (Fin.last n) =
    Mathoverflow1973.Hurewicz.SimplexGeometry.basedSimplexLoop
      (Mathoverflow1973.Hurewicz.SimplexGeometry.basedSimplexBoundaryFace τ (Fin.last (n + 1)))
@Mathoverflow1973.Hurewicz.SimplexGeometry.simplexBoundaryCube_upper : ∀ {X : Type u_1} [inst : TopologicalSpace X]
  {x : X} {n : ℕ} (τ : Mathoverflow1973.Hurewicz.SimplexGeometry.BasedSimplexBoundary (n + 1) x) (i : Fin (n + 1)),
  Mathoverflow1973.Hurewicz.CubicalBoundary.cubicalUpperFace
      (Mathoverflow1973.Hurewicz.SimplexGeometry.simplexBoundaryCube τ) i =
    Mathoverflow1973.Hurewicz.SimplexGeometry.basedSimplexLoop
      (Mathoverflow1973.Hurewicz.SimplexGeometry.basedSimplexBoundaryFace τ i.castSucc)
Mathoverflow1973.Hurewicz.SimplexGeometry.simplexFace_simplexBoundary : ∀ (n : ℕ) (i : Fin (n + 2)),
  ∀ s ∈ Mathoverflow1973.SecondHurewicz.SimplyConnected.simplexBoundary n,
    (simplexFace n i) s ∈ Mathoverflow1973.Hurewicz.SimplexGeometry.simplexTwoBoundary (n + 1)
Mathoverflow1973.Hurewicz.SimplexGeometry.simplexQuotient : (n : ℕ) → C(Fin n → ↑unitInterval, ↑(Simplex n))
@Mathoverflow1973.Hurewicz.SimplexGeometry.simplexQuotient_apply : ∀ {n : ℕ} (u : Fin n → ↑unitInterval)
  (i : Fin (n + 1)),
  ((Mathoverflow1973.Hurewicz.SimplexGeometry.simplexQuotient n) u) i =
    ↑(Mathoverflow1973.Hurewicz.SimplexGeometry.extendedMinimum u ↑i) -
      ↑(Mathoverflow1973.Hurewicz.SimplexGeometry.extendedMinimum u (↑i + 1))
Mathoverflow1973.Hurewicz.SimplexGeometry.simplexQuotient_bottom_not_last_twoBoundary : ∀ (n : ℕ) (i : Fin (n + 1)),
  i ≠ Fin.last n →
    ∀ (u : Fin n → ↑unitInterval),
      (Mathoverflow1973.Hurewicz.SimplexGeometry.simplexQuotient (n + 1))
          ((Mathoverflow1973.Hurewicz.CubicalBoundary.cubeFacet n i 0) u) ∈
        Mathoverflow1973.Hurewicz.SimplexGeometry.simplexTwoBoundary (n + 1)
@Mathoverflow1973.Hurewicz.SimplexGeometry.simplexQuotient_boundary : ∀ {n : ℕ},
  ∀ u ∈ Cube.boundary (Fin n),
    (Mathoverflow1973.Hurewicz.SimplexGeometry.simplexQuotient n) u ∈
      Mathoverflow1973.SecondHurewicz.SimplyConnected.simplexBoundary n
@Mathoverflow1973.Hurewicz.SimplexGeometry.simplexQuotient_boundary_of_coordinate_le : ∀ {n : ℕ}
  (u : Fin n → ↑unitInterval) (i j : Fin n),
  i < j →
    u i ≤ u j →
      (Mathoverflow1973.Hurewicz.SimplexGeometry.simplexQuotient n) u ∈
        Mathoverflow1973.SecondHurewicz.SimplyConnected.simplexBoundary n
@Mathoverflow1973.Hurewicz.SimplexGeometry.simplexQuotient_boundary_of_one : ∀ {n : ℕ} (u : Fin n → ↑unitInterval)
  (i : Fin n),
  u i = 1 →
    (Mathoverflow1973.Hurewicz.SimplexGeometry.simplexQuotient n) u ∈
      Mathoverflow1973.SecondHurewicz.SimplyConnected.simplexBoundary n
@Mathoverflow1973.Hurewicz.SimplexGeometry.simplexQuotient_boundary_of_zero : ∀ {n : ℕ} (u : Fin n → ↑unitInterval)
  (i : Fin n),
  u i = 0 →
    (Mathoverflow1973.Hurewicz.SimplexGeometry.simplexQuotient n) u ∈
      Mathoverflow1973.SecondHurewicz.SimplyConnected.simplexBoundary n
@Mathoverflow1973.Hurewicz.SimplexGeometry.simplexQuotient_castSucc : ∀ {n : ℕ} (u : Fin n → ↑unitInterval) (i : Fin n),
  ((Mathoverflow1973.Hurewicz.SimplexGeometry.simplexQuotient n) u) i.castSucc =
    ↑(Mathoverflow1973.Hurewicz.SimplexGeometry.prefixMinimum u ↑i) -
      ↑(Mathoverflow1973.Hurewicz.SimplexGeometry.prefixMinimum u (↑i + 1))
@Mathoverflow1973.Hurewicz.SimplexGeometry.simplexQuotient_castSucc_eq_zero_of_earlier_zero : ∀ {n : ℕ}
  (u : Fin n → ↑unitInterval) (i j : Fin n),
  i < j → u i = 0 → ((Mathoverflow1973.Hurewicz.SimplexGeometry.simplexQuotient n) u) j.castSucc = 0
@Mathoverflow1973.Hurewicz.SimplexGeometry.simplexQuotient_castSucc_eq_zero_of_one : ∀ {n : ℕ}
  (u : Fin n → ↑unitInterval) (i : Fin n),
  u i = 1 → ((Mathoverflow1973.Hurewicz.SimplexGeometry.simplexQuotient n) u) i.castSucc = 0
@Mathoverflow1973.Hurewicz.SimplexGeometry.simplexQuotient_codimTwo : ∀ {n : ℕ} (u : Fin n → ↑unitInterval),
  (∃ i j, i ≠ j ∧ (u i = 0 ∨ u i = 1) ∧ (u j = 0 ∨ u j = 1)) →
    (Mathoverflow1973.Hurewicz.SimplexGeometry.simplexQuotient n) u ∈
      Mathoverflow1973.Hurewicz.SimplexGeometry.simplexTwoBoundary n
Mathoverflow1973.Hurewicz.SimplexGeometry.simplexQuotient_cubeFacet_last_zero_apply : ∀ (n : ℕ)
  (u : Fin n → ↑unitInterval),
  (Mathoverflow1973.Hurewicz.SimplexGeometry.simplexQuotient (n + 1))
      ((Mathoverflow1973.Hurewicz.CubicalBoundary.cubeFacet n (Fin.last n) 0) u) =
    (simplexFace n (Fin.last (n + 1))) ((Mathoverflow1973.Hurewicz.SimplexGeometry.simplexQuotient n) u)
Mathoverflow1973.Hurewicz.SimplexGeometry.simplexQuotient_cubeFacet_one_apply : ∀ (n : ℕ) (i : Fin (n + 1))
  (u : Fin n → ↑unitInterval),
  (Mathoverflow1973.Hurewicz.SimplexGeometry.simplexQuotient (n + 1))
      ((Mathoverflow1973.Hurewicz.CubicalBoundary.cubeFacet n i 1) u) =
    (simplexFace n i.castSucc) ((Mathoverflow1973.Hurewicz.SimplexGeometry.simplexQuotient n) u)
@Mathoverflow1973.Hurewicz.SimplexGeometry.simplexQuotient_cubeSimplex_boundary : ∀ {n : ℕ} (e : Equiv.Perm (Fin n)),
  e ≠ Equiv.refl (Fin n) →
    ∀ (s : ↑(Simplex n)),
      (Mathoverflow1973.Hurewicz.SimplexGeometry.simplexQuotient n)
          ((Mathoverflow1973.Hurewicz.CubeTriangulation.cubeSimplex e) s) ∈
        Mathoverflow1973.SecondHurewicz.SimplyConnected.simplexBoundary n
Mathoverflow1973.Hurewicz.SimplexGeometry.simplexQuotient_cubeSimplex_refl : ∀ (n : ℕ),
  (Mathoverflow1973.Hurewicz.SimplexGeometry.simplexQuotient n).comp
      (Mathoverflow1973.Hurewicz.CubeTriangulation.cubeSimplex (Equiv.refl (Fin n))) =
    ContinuousMap.id ↑(Simplex n)
@Mathoverflow1973.Hurewicz.SimplexGeometry.simplexQuotient_last : ∀ {n : ℕ} (u : Fin n → ↑unitInterval),
  ((Mathoverflow1973.Hurewicz.SimplexGeometry.simplexQuotient n) u) (Fin.last n) =
    ↑(Mathoverflow1973.Hurewicz.SimplexGeometry.prefixMinimum u n)
@Mathoverflow1973.Hurewicz.SimplexGeometry.simplexQuotient_last_eq_zero_of_zero : ∀ {n : ℕ} (u : Fin n → ↑unitInterval)
  (i : Fin n), u i = 0 → ((Mathoverflow1973.Hurewicz.SimplexGeometry.simplexQuotient n) u) (Fin.last n) = 0
Mathoverflow1973.Hurewicz.SimplexGeometry.simplexTwoBoundary : (n : ℕ) → Set ↑(Simplex n)
@Mathoverflow1973.Hurewicz.SimplexGeometry.straightenedBasedSimplex : {X : Type} →
  [inst : TopologicalSpace X] →
    {x : X} →
      {k : ℕ} →
        [Subsingleton (HomotopyGroup.Pi k X x)] →
          Mathoverflow1973.Hurewicz.SimplexGeometry.BasedSimplex k x →
            Mathoverflow1973.Hurewicz.SimplexGeometry.BasedSimplex k x
@Mathoverflow1973.Hurewicz.SimplexGeometry.straighteningHomotopy_one_based : ∀ {X : Type} [inst : TopologicalSpace X]
  {x : X} {k : ℕ} [inst_1 : Subsingleton (HomotopyGroup.Pi k X x)]
  (τ : Mathoverflow1973.Hurewicz.SimplexGeometry.BasedSimplex k x),
  ∀ s ∈ Mathoverflow1973.SecondHurewicz.SimplyConnected.simplexBoundary k,
    (Mathoverflow1973.SecondHurewicz.SimplyConnected.timeSlice
          (Mathoverflow1973.Hurewicz.simplexStraighteningHomotopy k x ↑τ) 1)
        s =
      x
@Mathoverflow1973.Hurewicz.SimplexGeometry.topStoreySimplex : {X : Type} →
  [inst : TopologicalSpace X] →
    {x : X} →
      {m : ℕ} →
        [Subsingleton (HomotopyGroup.Pi (m + 2) X x)] →
          Mathoverflow1973.Hurewicz.SimplexGeometry.BasedSimplex (m + 3) x →
            Mathoverflow1973.Hurewicz.SimplexGeometry.BasedSimplex (m + 3) x
@Mathoverflow1973.Hurewicz.TowerPair : {X : Type} → [TopologicalSpace X] → X → ℕ → Type
@Mathoverflow1973.Hurewicz.TowerPair.step : {X : Type} →
  [inst : TopologicalSpace X] →
    {x : X} → {k : ℕ} → Mathoverflow1973.Hurewicz.TowerPair x k → Mathoverflow1973.Hurewicz.TowerPair x (k + 1)
Mathoverflow1973.Hurewicz.ambientSimplexCubeHomeomorph : (n : ℕ) → (Fin n → ℝ) ≃ₜ (Fin n → ℝ)
Mathoverflow1973.Hurewicz.ambientSimplexCubeHomeomorph_image : ∀ (n : ℕ),
  ⇑(Mathoverflow1973.Hurewicz.ambientSimplexCubeHomeomorph n) '' Mathoverflow1973.Hurewicz.flatSimplexSet n =
    Mathoverflow1973.Hurewicz.realCubeSet n
Mathoverflow1973.Hurewicz.ambientSimplexCubeHomeomorph_image_frontier : ∀ (n : ℕ),
  ⇑(Mathoverflow1973.Hurewicz.ambientSimplexCubeHomeomorph n) '' frontier (Mathoverflow1973.Hurewicz.flatSimplexSet n) =
    frontier (Mathoverflow1973.Hurewicz.realCubeSet n)
Mathoverflow1973.Hurewicz.ambientSimplexCubeHomeomorph_mem_frontier_iff : ∀ (n : ℕ) (v : Fin n → ℝ),
  v ∈ frontier (Mathoverflow1973.Hurewicz.flatSimplexSet n) ↔
    (Mathoverflow1973.Hurewicz.ambientSimplexCubeHomeomorph n) v ∈ frontier (Mathoverflow1973.Hurewicz.realCubeSet n)
Mathoverflow1973.Hurewicz.ambientSimplexCubeHomeomorph_mem_iff : ∀ (n : ℕ) (v : Fin n → ℝ),
  v ∈ Mathoverflow1973.Hurewicz.flatSimplexSet n ↔
    (Mathoverflow1973.Hurewicz.ambientSimplexCubeHomeomorph n) v ∈ Mathoverflow1973.Hurewicz.realCubeSet n
@Mathoverflow1973.Hurewicz.basedSimplexNativeLoop : {n : ℕ} →
  {X : Type} →
    [inst : TopologicalSpace X] → {x : X} → Mathoverflow1973.Hurewicz.BasedSimplex n x → ↑(GenLoop (Fin n) X x)
@Mathoverflow1973.Hurewicz.basedSimplexNativeLoop_comp_homeomorph : ∀ {n : ℕ} {X : Type} [inst : TopologicalSpace X]
  {x : X} (τ : Mathoverflow1973.Hurewicz.BasedSimplex n x),
  (↑(Mathoverflow1973.Hurewicz.basedSimplexNativeLoop τ)).comp
      { toFun := ⇑(Mathoverflow1973.Hurewicz.simplexCubeHomeomorph n), continuous_toFun := ⋯ } =
    ↑τ
@Mathoverflow1973.Hurewicz.basedSphereCube : {n : ℕ} →
  {X : Type} →
    [inst : TopologicalSpace X] →
      {x : X} →
        (f : C(↑(Mathoverflow1973.Degree.SphereCube.Sphere n), X)) →
          f (Mathoverflow1973.Degree.SphereCube.point n) = x → ↑(GenLoop (Fin n) X x)
@Mathoverflow1973.Hurewicz.basedSphereCube_homologyClass : ∀ {m : ℕ} {X : Type} [inst : TopologicalSpace X] {x : X}
  (f : C(↑(Mathoverflow1973.Degree.SphereCube.Sphere (m + 2)), X))
  (hf : f (Mathoverflow1973.Degree.SphereCube.point (m + 2)) = x),
  Mathoverflow1973.Hurewicz.cubeHomologyClass (Mathoverflow1973.Hurewicz.basedSphereCube f hf) =
    (Mathoverflow1973.SingularMayerVietoris.singularHomologyMap f (m + 2))
      (Mathoverflow1973.Hurewicz.cubeHomologyClass (Mathoverflow1973.Degree.SphereCube.quotientLoop (m + 2)))
Mathoverflow1973.Hurewicz.boundarySignSum_even : ∀ (n : ℕ), Even (n + 1) → ∑ i, (-1) ^ ↑i = 1
Mathoverflow1973.Hurewicz.boundarySignSum_odd : ∀ (n : ℕ), Odd (n + 1) → ∑ i, (-1) ^ ↑i = 0
@Mathoverflow1973.Hurewicz.boundary_const_simplex : ∀ {X : Type} [inst : TopologicalSpace X] (x : X) (n : ℕ),
  (ModuleCat.Hom.hom ((singularComplex X).d (n + 1) n))
      (simplexChain X (n + 1) (ContinuousMap.const (↑(Simplex (n + 1))) x)) =
    (∑ i, (-1) ^ ↑i) • simplexChain X n (ContinuousMap.const (↑(Simplex n)) x)
@Mathoverflow1973.Hurewicz.boundary_constantSimplexChain : ∀ {X : Type} [inst : TopologicalSpace X] (n : ℕ) (x : X),
  (ModuleCat.Hom.hom ((singularComplex X).d (n + 1) n)) (Mathoverflow1973.Hurewicz.constantSimplexChain (n + 1) x) =
    (∑ i, (-1) ^ ↑i) • Mathoverflow1973.Hurewicz.constantSimplexChain n x
@Mathoverflow1973.Hurewicz.boundary_constantSimplexChain_even : ∀ {X : Type} [inst : TopologicalSpace X] (n : ℕ)
  (x : X),
  Even (n + 1) →
    (ModuleCat.Hom.hom ((singularComplex X).d (n + 1) n)) (Mathoverflow1973.Hurewicz.constantSimplexChain (n + 1) x) =
      Mathoverflow1973.Hurewicz.constantSimplexChain n x
@Mathoverflow1973.Hurewicz.boundary_constantSimplexChain_odd : ∀ {X : Type} [inst : TopologicalSpace X] (n : ℕ) (x : X),
  Odd (n + 1) →
    (ModuleCat.Hom.hom ((singularComplex X).d (n + 1) n)) (Mathoverflow1973.Hurewicz.constantSimplexChain (n + 1) x) = 0
Mathoverflow1973.Hurewicz.chainAugmentation_boundary : ∀ (X : Type) [inst : TopologicalSpace X] (n : ℕ)
  (c : ↑(Chains X (n + 1))),
  (Mathoverflow1973.SecondHurewicz.SimplyConnected.chainAugmentation X n)
      ((ModuleCat.Hom.hom ((singularComplex X).d (n + 1) n)) c) =
    (∑ i, (-1) ^ ↑i) • (Mathoverflow1973.SecondHurewicz.SimplyConnected.chainAugmentation X (n + 1)) c
Mathoverflow1973.Hurewicz.chainAugmentation_boundary_even : ∀ (X : Type) [inst : TopologicalSpace X] (n : ℕ),
  Even (n + 1) →
    ∀ (c : ↑(Chains X (n + 1))),
      (Mathoverflow1973.SecondHurewicz.SimplyConnected.chainAugmentation X n)
          ((ModuleCat.Hom.hom ((singularComplex X).d (n + 1) n)) c) =
        (Mathoverflow1973.SecondHurewicz.SimplyConnected.chainAugmentation X (n + 1)) c
Mathoverflow1973.Hurewicz.chainAugmentation_evenCycle : ∀ (X : Type) [inst : TopologicalSpace X] (n : ℕ),
  Even n →
    0 < n →
      ∀ (c : ↥(Mathoverflow1973.SingularMayerVietoris.ModuleHomology.Cycle (singularComplex X) n)),
        (Mathoverflow1973.SecondHurewicz.SimplyConnected.chainAugmentation X n) ↑c = 0
Mathoverflow1973.Hurewicz.chainLift_sub_constant_evenCycle : ∀ (X : Type) [inst : TopologicalSpace X] {M : Type}
  [inst_1 : AddCommGroup M] [inst_2 : Module ℤ M] (n : ℕ),
  Even n →
    0 < n →
      ∀ (f : SingularSimplex X n → M) (m : M)
        (c : ↥(Mathoverflow1973.SingularMayerVietoris.ModuleHomology.Cycle (singularComplex X) n)),
        (chainLift X n fun smp => f smp - m) ↑c = (chainLift X n f) ↑c
@Mathoverflow1973.Hurewicz.classOperator : {X : Type} →
  [inst : TopologicalSpace X] →
    [SimplyConnectedSpace X] →
      (x : X) →
        (n : ℕ) →
          [inst_2 : Nontrivial (Fin n)] →
            (∀ (j : ℕ), 2 ≤ j → j < n → Subsingleton (HomotopyGroup.Pi j X x)) →
              ↑(Chains X n) →ₗ[ℤ] Additive (HomotopyGroup.Pi n X x)
@Mathoverflow1973.Hurewicz.classOperator_boundary : ∀ {X : Type} [inst : TopologicalSpace X]
  [inst_1 : SimplyConnectedSpace X] (x : X) {m : ℕ}
  (hpi : ∀ (j : ℕ), 2 ≤ j → j < m + 3 → Subsingleton (HomotopyGroup.Pi j X x)) (b : ↑(Chains X (m + 4))),
  (Mathoverflow1973.Hurewicz.classOperator x (m + 3) hpi)
      ((ModuleCat.Hom.hom ((singularComplex X).d (m + 4) (m + 3))) b) =
    0
@Mathoverflow1973.Hurewicz.classOperator_cubeChain : ∀ {X : Type} [inst : TopologicalSpace X]
  [inst_1 : SimplyConnectedSpace X] (x : X) {m : ℕ}
  (hpi : ∀ (j : ℕ), 2 ≤ j → j < m + 3 → Subsingleton (HomotopyGroup.Pi j X x)) (p : ↑(GenLoop (Fin (m + 3)) X x)),
  (Mathoverflow1973.Hurewicz.classOperator x (m + 3) hpi) (Mathoverflow1973.Hurewicz.cubeChain p) = Additive.ofMul ⟦p⟧
@Mathoverflow1973.Hurewicz.classOperator_cubeChain_sum : ∀ {X : Type} [inst : TopologicalSpace X]
  [inst_1 : SimplyConnectedSpace X] (x : X) {m : ℕ}
  (hpi : ∀ (j : ℕ), 2 ≤ j → j < m + 3 → Subsingleton (HomotopyGroup.Pi j X x)) (p : ↑(GenLoop (Fin (m + 3)) X x)),
  (Mathoverflow1973.Hurewicz.classOperator x (m + 3) hpi) (Mathoverflow1973.Hurewicz.cubeChain p) =
    ∑ e,
      Mathoverflow1973.Hurewicz.CubeTriangulation.cubeOrientation e •
        Mathoverflow1973.Hurewicz.SimplexGeometry.basedSimplexClass
          (Mathoverflow1973.Hurewicz.normalizedSimplex x (m + 3) hpi
            ((↑p).comp (Mathoverflow1973.Hurewicz.CubeTriangulation.cubeSimplex e)))
@Mathoverflow1973.Hurewicz.classOperator_simplex : ∀ {X : Type} [inst : TopologicalSpace X]
  [inst_1 : SimplyConnectedSpace X] (x : X) (n : ℕ) [inst_2 : Nontrivial (Fin n)]
  (hpi : ∀ (j : ℕ), 2 ≤ j → j < n → Subsingleton (HomotopyGroup.Pi j X x)) (smp : SingularSimplex X n),
  (Mathoverflow1973.Hurewicz.classOperator x n hpi) (simplexChain X n smp) =
    Mathoverflow1973.Hurewicz.SimplexGeometry.basedSimplexClass
      (Mathoverflow1973.Hurewicz.normalizedSimplex x n hpi smp)
@Mathoverflow1973.Hurewicz.coherentCubeEndpoint_cell_boundary : ∀ {n : ℕ} {X : Type} [inst : TopologicalSpace X] {x : X}
  (H : SingularSimplex X n → C(↑unitInterval × ↑(Simplex n), X))
  (H' : SingularSimplex X (n + 1) → C(↑unitInterval × ↑(Simplex (n + 1)), X))
  (hface : Mathoverflow1973.SecondHurewicz.SimplyConnected.FaceCompatibleHomotopies n H H')
  (hconst : H (ContinuousMap.const (↑(Simplex n)) x) = ContinuousMap.const (↑unitInterval × ↑(Simplex n)) x),
  (∀ (smp : SingularSimplex X n),
      Mathoverflow1973.SecondHurewicz.SimplyConnected.timeSlice (H smp) 1 = ContinuousMap.const (↑(Simplex n)) x) →
    ∀ (p : ↑(GenLoop (Fin (n + 1)) X x)) (e : Equiv.Perm (Fin (n + 1))),
      ∀ s ∈ Mathoverflow1973.SecondHurewicz.SimplyConnected.simplexBoundary (n + 1),
        (Mathoverflow1973.Hurewicz.CubeGluing.coherentCubeEndpoint H H' hface hconst p)
            ((Mathoverflow1973.Hurewicz.CubeTriangulation.cubeSimplex e) s) =
          x
@Mathoverflow1973.Hurewicz.coherentCubeEndpoint_internalBased : ∀ {n : ℕ} {X : Type} [inst : TopologicalSpace X] {x : X}
  (H : SingularSimplex X n → C(↑unitInterval × ↑(Simplex n), X))
  (H' : SingularSimplex X (n + 1) → C(↑unitInterval × ↑(Simplex (n + 1)), X))
  (hface : Mathoverflow1973.SecondHurewicz.SimplyConnected.FaceCompatibleHomotopies n H H')
  (hconst : H (ContinuousMap.const (↑(Simplex n)) x) = ContinuousMap.const (↑unitInterval × ↑(Simplex n)) x),
  (∀ (smp : SingularSimplex X n),
      Mathoverflow1973.SecondHurewicz.SimplyConnected.timeSlice (H smp) 1 = ContinuousMap.const (↑(Simplex n)) x) →
    ∀ (p : ↑(GenLoop (Fin (n + 1)) X x)) (u : Fin (n + 1) → ↑unitInterval) (i j : Fin (n + 1)),
      i ≠ j → u i = u j → (Mathoverflow1973.Hurewicz.CubeGluing.coherentCubeEndpoint H H' hface hconst p) u = x
@Mathoverflow1973.Hurewicz.comp_singularHomologyDesc_eq_id : ∀ {X : Type} [inst : TopologicalSpace X] {M : Type u_1}
  [inst_1 : AddCommGroup M] [inst_2 : Module ℤ M] (n : ℕ) (F : ↑(Chains X n) →ₗ[ℤ] M)
  (hF : ∀ (b : ↑(Chains X (n + 1))), F ((ModuleCat.Hom.hom ((singularComplex X).d (n + 1) n)) b) = 0)
  (g : M →ₗ[ℤ] ↑(Mathoverflow1973.SingularMayerVietoris.SingularHomology X n)),
  (∀ (c : ↥(Mathoverflow1973.SingularMayerVietoris.ModuleHomology.Cycle (singularComplex X) n)),
      g (F ↑c) = (Mathoverflow1973.SingularMayerVietoris.ModuleHomology.cycleClass (singularComplex X) n) c) →
    g ∘ₗ Mathoverflow1973.Hurewicz.singularHomologyDesc n F hF = LinearMap.id
@Mathoverflow1973.Hurewicz.composeSimplexHomotopies_one_straightening : ∀ {X : Type} [inst : TopologicalSpace X] {x : X}
  {k : ℕ} [inst_1 : Subsingleton (HomotopyGroup.Pi k X x)]
  (H : SingularSimplex X k → C(↑unitInterval × ↑(Simplex k), X))
  (hH₀ : ∀ (smp : SingularSimplex X k) (s : ↑(Simplex k)), (H smp) (0, s) = smp s),
  (∀ (smp : SingularSimplex X k),
      ∀ s ∈ Mathoverflow1973.SecondHurewicz.SimplyConnected.simplexBoundary k,
        (Mathoverflow1973.SecondHurewicz.SimplyConnected.timeSlice (H smp) 1) s = x) →
    ∀ (smp : SingularSimplex X k),
      Mathoverflow1973.SecondHurewicz.SimplyConnected.timeSlice
          (Mathoverflow1973.Hurewicz.composeSimplexHomotopies H
            (Mathoverflow1973.Hurewicz.simplexStraighteningHomotopy k x) hH₀ ⋯ smp)
          1 =
        ContinuousMap.const (↑(Simplex k)) x
Mathoverflow1973.Hurewicz.constantBasedSimplex : (n : ℕ) →
  {X : Type} → [inst : TopologicalSpace X] → (x : X) → Mathoverflow1973.Hurewicz.BasedSimplex n x
@Mathoverflow1973.Hurewicz.constantSimplexChain : {X : Type} → [inst : TopologicalSpace X] → (n : ℕ) → X → ↑(Chains X n)
@Mathoverflow1973.Hurewicz.constantSimplexChain_cycle_condition : ∀ {X : Type} [inst : TopologicalSpace X] (n : ℕ)
  (x : X),
  Odd n → (ModuleCat.Hom.hom ((singularComplex X).d n (n - 1))) (Mathoverflow1973.Hurewicz.constantSimplexChain n x) = 0
@Mathoverflow1973.Hurewicz.constantSimplexCycle : {X : Type} →
  [inst : TopologicalSpace X] →
    (n : ℕ) → X → Odd n → ↥(Mathoverflow1973.SingularMayerVietoris.ModuleHomology.Cycle (singularComplex X) n)
@Mathoverflow1973.Hurewicz.constantSimplexCycle_class : ∀ {X : Type} [inst : TopologicalSpace X] (n : ℕ) (x : X)
  (hn : Odd n),
  (Mathoverflow1973.SingularMayerVietoris.ModuleHomology.cycleClass (singularComplex X) n)
      (Mathoverflow1973.Hurewicz.constantSimplexCycle n x hn) =
    0
@Mathoverflow1973.Hurewicz.constantSimplexCycle_val : ∀ {X : Type} [inst : TopologicalSpace X] (n : ℕ) (x : X)
  (hn : Odd n),
  ↑(Mathoverflow1973.Hurewicz.constantSimplexCycle n x hn) = Mathoverflow1973.Hurewicz.constantSimplexChain n x
Mathoverflow1973.Hurewicz.continuous_flatSimplex : ∀ (n : ℕ), Continuous (Mathoverflow1973.Hurewicz.flatSimplex n)
Mathoverflow1973.Hurewicz.continuous_simplexFlat : ∀ (n : ℕ), Continuous (Mathoverflow1973.Hurewicz.simplexFlat n)
Mathoverflow1973.Hurewicz.convex_flatSimplexSet : ∀ (n : ℕ), Convex ℝ (Mathoverflow1973.Hurewicz.flatSimplexSet n)
Mathoverflow1973.Hurewicz.convex_realCubeSet : ∀ (n : ℕ), Convex ℝ (Mathoverflow1973.Hurewicz.realCubeSet n)
@Mathoverflow1973.Hurewicz.correctedSimplexChain : {X : Type} →
  [inst : TopologicalSpace X] → (n : ℕ) → X → SingularSimplex X n → ↑(Chains X n)
@Mathoverflow1973.Hurewicz.correctedSimplexChain_boundary : ∀ {X : Type} [inst : TopologicalSpace X] (n : ℕ) (x : X)
  (smp : SingularSimplex X (n + 1)),
  (∀ (i : Fin (n + 2)), ContinuousMap.comp smp (simplexFace n i) = ContinuousMap.const (↑(Simplex n)) x) →
    (ModuleCat.Hom.hom ((singularComplex X).d (n + 1) n))
        (Mathoverflow1973.Hurewicz.correctedSimplexChain (n + 1) x smp) =
      0
@Mathoverflow1973.Hurewicz.correctedSimplexCycle : {X : Type} →
  [inst : TopologicalSpace X] →
    (n : ℕ) →
      (x : X) →
        (smp : SingularSimplex X (n + 1)) →
          (∀ (i : Fin (n + 2)), ContinuousMap.comp smp (simplexFace n i) = ContinuousMap.const (↑(Simplex n)) x) →
            ↥(Mathoverflow1973.SingularMayerVietoris.ModuleHomology.Cycle (singularComplex X) (n + 1))
@Mathoverflow1973.Hurewicz.correctedSimplexCycle_val : ∀ {X : Type} [inst : TopologicalSpace X] (n : ℕ) (x : X)
  (smp : SingularSimplex X (n + 1))
  (hfaces : ∀ (i : Fin (n + 2)), ContinuousMap.comp smp (simplexFace n i) = ContinuousMap.const (↑(Simplex n)) x),
  ↑(Mathoverflow1973.Hurewicz.correctedSimplexCycle n x smp hfaces) =
    simplexChain X (n + 1) smp - Mathoverflow1973.Hurewicz.constantSimplexChain (n + 1) x
@Mathoverflow1973.Hurewicz.cubeChain : {n : ℕ} →
  {X : Type} → [inst : TopologicalSpace X] → {x : X} → ↑(GenLoop (Fin n) X x) → ↑(Chains X n)
@Mathoverflow1973.Hurewicz.cubeChain_basedSimplexLoop : ∀ {n : ℕ} {X : Type} [inst : TopologicalSpace X] {x : X}
  (τ : Mathoverflow1973.Hurewicz.SimplexGeometry.BasedSimplex (n + 2) x),
  Mathoverflow1973.Hurewicz.cubeChain (Mathoverflow1973.Hurewicz.SimplexGeometry.basedSimplexLoop τ) =
    Mathoverflow1973.Hurewicz.correctedSimplexChain (n + 2) x ↑τ
@Mathoverflow1973.Hurewicz.cubeChain_boundary : ∀ {m : ℕ} {X : Type} [inst : TopologicalSpace X] {x : X}
  (p : ↑(GenLoop (Fin (m + 2)) X x)),
  (ModuleCat.Hom.hom ((singularComplex X).d (m + 2) (m + 1))) (Mathoverflow1973.Hurewicz.cubeChain p) = 0
@Mathoverflow1973.Hurewicz.cubeChain_eq_squareChain : ∀ {X : Type} [inst : TopologicalSpace X] {x : X}
  (p : ↑(GenLoop (Fin 2) X x)), Mathoverflow1973.Hurewicz.cubeChain p = Mathoverflow1973.SecondHurewicz.squareChain p
Mathoverflow1973.Hurewicz.cubeChain_eq_sum_simplices : ∀ (n : ℕ) {X : Type} [inst : TopologicalSpace X] {x : X}
  (p : ↑(GenLoop (Fin n) X x)),
  Mathoverflow1973.Hurewicz.cubeChain p =
    ∑ e,
      Mathoverflow1973.Hurewicz.CubeTriangulation.cubeOrientation e •
        simplexChain X n ((↑p).comp (Mathoverflow1973.Hurewicz.CubeTriangulation.cubeSimplex e))
@Mathoverflow1973.Hurewicz.cubeChain_eq_sum_simplices_step : ∀ {k : ℕ} {X : Type} [inst : TopologicalSpace X] {x : X},
  (∀ {Y : Type} [inst : TopologicalSpace Y] {y : Y} (q : ↑(GenLoop (Fin (k + 1 + 1)) Y y)),
      Mathoverflow1973.Hurewicz.cubeChain q =
        ∑ e,
          Mathoverflow1973.Hurewicz.CubeTriangulation.cubeOrientation e •
            simplexChain Y (k + 1 + 1) ((↑q).comp (Mathoverflow1973.Hurewicz.CubeTriangulation.cubeSimplex e))) →
    ∀ (p : ↑(GenLoop (Fin (k + 3)) X x)),
      Mathoverflow1973.Hurewicz.cubeChain p =
        ∑ e,
          Mathoverflow1973.Hurewicz.CubeTriangulation.cubeOrientation e •
            simplexChain X (k + 3) ((↑p).comp (Mathoverflow1973.Hurewicz.CubeTriangulation.cubeSimplex e))
@Mathoverflow1973.Hurewicz.cubeChain_one : ∀ {X : Type} [inst : TopologicalSpace X] {x : X}
  (p : ↑(GenLoop (Fin 1) X x)),
  Mathoverflow1973.Hurewicz.cubeChain p =
    ∑ e,
      Mathoverflow1973.Hurewicz.CubeTriangulation.cubeOrientation e •
        simplexChain X 1 ((↑p).comp (Mathoverflow1973.Hurewicz.CubeTriangulation.cubeSimplex e))
@Mathoverflow1973.Hurewicz.cubeChain_succ : ∀ {n : ℕ} {X : Type} [inst : TopologicalSpace X] {x : X}
  (p : ↑(GenLoop (Fin (n + 2)) X x)),
  Mathoverflow1973.Hurewicz.cubeChain p =
    (inducedChain (Mathoverflow1973.Hurewicz.CubeSubdivision.evalLeft X) (n + 1 + 1))
      (((Mathoverflow1973.PeriodTorusHigherHomology.crossProductEdge ↑unitInterval C(↑unitInterval, X) (n + 1))
          Mathoverflow1973.SecondHurewicz.intervalChain)
        (Mathoverflow1973.Hurewicz.cubeChain (Mathoverflow1973.Hurewicz.curryLoop p)))
@Mathoverflow1973.Hurewicz.cubeChain_transAt_zero_diff : ∀ {n : ℕ} {X : Type} [inst : TopologicalSpace X] {x : X}
  (p q : ↑(GenLoop (Fin (n + 2)) X x)),
  Mathoverflow1973.Hurewicz.cubeChain p + Mathoverflow1973.Hurewicz.cubeChain q -
      Mathoverflow1973.Hurewicz.cubeChain (GenLoop.transAt 0 p q) =
    (inducedChain ((↑(GenLoop.transAt 0 p q)).comp (Mathoverflow1973.Hurewicz.cubeCoordinates (n + 1))) (n + 2))
      (((Mathoverflow1973.PeriodTorusHigherHomology.crossProductEdge (↑unitInterval) (Fin (n + 1) → ↑unitInterval)
            (n + 1))
          ((ModuleCat.Hom.hom ((singularComplex ↑unitInterval).d 2 1))
            (concatChain Mathoverflow1973.Hurewicz.intervalPathLeft Mathoverflow1973.Hurewicz.intervalPathRight)))
        (Mathoverflow1973.Hurewicz.fundamentalCubeChain (n + 1)))
@Mathoverflow1973.Hurewicz.cubeChain_transAt_zero_diff_boundary : ∀ {n : ℕ} {X : Type} [inst : TopologicalSpace X]
  {x : X} (p q : ↑(GenLoop (Fin (n + 2)) X x)),
  Mathoverflow1973.Hurewicz.cubeChain p + Mathoverflow1973.Hurewicz.cubeChain q -
      Mathoverflow1973.Hurewicz.cubeChain (GenLoop.transAt 0 p q) =
    (ModuleCat.Hom.hom ((singularComplex X).d (n + 3) (n + 2)))
        ((inducedChain ((↑(GenLoop.transAt 0 p q)).comp (Mathoverflow1973.Hurewicz.cubeCoordinates (n + 1))) (n + 3))
          (((Mathoverflow1973.PeriodTorusHigherHomology.crossProductTriangle (↑unitInterval)
                (Fin (n + 1) → ↑unitInterval) (n + 1))
              (concatChain Mathoverflow1973.Hurewicz.intervalPathLeft Mathoverflow1973.Hurewicz.intervalPathRight))
            (Mathoverflow1973.Hurewicz.fundamentalCubeChain (n + 1)))) -
      (inducedChain ((↑(GenLoop.transAt 0 p q)).comp (Mathoverflow1973.Hurewicz.cubeCoordinates (n + 1))) (n + 2))
        (((Mathoverflow1973.PeriodTorusHigherHomology.crossProductTriangle (↑unitInterval) (Fin (n + 1) → ↑unitInterval)
              n)
            (concatChain Mathoverflow1973.Hurewicz.intervalPathLeft Mathoverflow1973.Hurewicz.intervalPathRight))
          ((ModuleCat.Hom.hom ((singularComplex (Fin (n + 1) → ↑unitInterval)).d (n + 1) n))
            (Mathoverflow1973.Hurewicz.fundamentalCubeChain (n + 1))))
@Mathoverflow1973.Hurewicz.cubeChain_transAt_zero_extra_boundary : ∀ {n : ℕ} {X : Type} [inst : TopologicalSpace X]
  {x : X} (p q : ↑(GenLoop (Fin (n + 2)) X x)),
  ∃ W,
    (ModuleCat.Hom.hom ((singularComplex X).d (n + 3) (n + 2))) W =
      (inducedChain ((↑(GenLoop.transAt 0 p q)).comp (Mathoverflow1973.Hurewicz.cubeCoordinates (n + 1))) (n + 2))
        (((Mathoverflow1973.PeriodTorusHigherHomology.crossProductTriangle (↑unitInterval) (Fin (n + 1) → ↑unitInterval)
              n)
            (concatChain Mathoverflow1973.Hurewicz.intervalPathLeft Mathoverflow1973.Hurewicz.intervalPathRight))
          ((ModuleCat.Hom.hom ((singularComplex (Fin (n + 1) → ↑unitInterval)).d (n + 1) n))
            (Mathoverflow1973.Hurewicz.fundamentalCubeChain (n + 1))))
@Mathoverflow1973.Hurewicz.cubeChain_transAt_zero_extra_eq_smul : ∀ {n : ℕ} {X : Type} [inst : TopologicalSpace X]
  {x : X} (p q : ↑(GenLoop (Fin (n + 2)) X x)),
  ∃ k,
    (inducedChain ((↑(GenLoop.transAt 0 p q)).comp (Mathoverflow1973.Hurewicz.cubeCoordinates (n + 1))) (n + 2))
        (((Mathoverflow1973.PeriodTorusHigherHomology.crossProductTriangle (↑unitInterval) (Fin (n + 1) → ↑unitInterval)
              n)
            (concatChain Mathoverflow1973.Hurewicz.intervalPathLeft Mathoverflow1973.Hurewicz.intervalPathRight))
          ((ModuleCat.Hom.hom ((singularComplex (Fin (n + 1) → ↑unitInterval)).d (n + 1) n))
            (Mathoverflow1973.Hurewicz.fundamentalCubeChain (n + 1)))) =
      k • simplexChain X (n + 2) (ContinuousMap.const (↑(Simplex (n + 2))) x)
@Mathoverflow1973.Hurewicz.cubeChain_transAt_zero_extra_zero : ∀ {X : Type} [inst : TopologicalSpace X] {x : X}
  (p q : ↑(GenLoop (Fin 2) X x)),
  (inducedChain ((↑(GenLoop.transAt 0 p q)).comp (Mathoverflow1973.Hurewicz.cubeCoordinates 1)) 2)
      (((Mathoverflow1973.PeriodTorusHigherHomology.crossProductTriangle (↑unitInterval) (Fin 1 → ↑unitInterval) 0)
          (concatChain Mathoverflow1973.Hurewicz.intervalPathLeft Mathoverflow1973.Hurewicz.intervalPathRight))
        ((ModuleCat.Hom.hom ((singularComplex (Fin 1 → ↑unitInterval)).d 1 0))
          (Mathoverflow1973.Hurewicz.fundamentalCubeChain 1))) =
    0
@Mathoverflow1973.Hurewicz.cubeChain_two : ∀ {X : Type} [inst : TopologicalSpace X] {x : X}
  (p : ↑(GenLoop (Fin 2) X x)),
  Mathoverflow1973.Hurewicz.cubeChain p =
    ∑ e,
      Mathoverflow1973.Hurewicz.CubeTriangulation.cubeOrientation e •
        simplexChain X 2 ((↑p).comp (Mathoverflow1973.Hurewicz.CubeTriangulation.cubeSimplex e))
Mathoverflow1973.Hurewicz.cubeCoordinates : (n : ℕ) →
  C(↑unitInterval × (Fin n → ↑unitInterval), Fin (n + 1) → ↑unitInterval)
Mathoverflow1973.Hurewicz.cubeCoordinates_boundary_left : ∀ (n : ℕ) (t : ↑unitInterval) (u : Fin n → ↑unitInterval),
  t = 0 ∨ t = 1 → (Mathoverflow1973.Hurewicz.cubeCoordinates n) (t, u) ∈ Cube.boundary (Fin (n + 1))
Mathoverflow1973.Hurewicz.cubeCoordinates_boundary_right : ∀ (n : ℕ) (s : ↑unitInterval) {u : Fin n → ↑unitInterval},
  u ∈ Cube.boundary (Fin n) → (Mathoverflow1973.Hurewicz.cubeCoordinates n) (s, u) ∈ Cube.boundary (Fin (n + 1))
@Mathoverflow1973.Hurewicz.cubeCoordinates_comp_prismCubeMap : ∀ {n : ℕ} (e : Equiv.Perm (Fin n)),
  (Mathoverflow1973.Hurewicz.cubeCoordinates n).comp
      ((pathSimplex Path.id).prodMap (Mathoverflow1973.Hurewicz.CubeTriangulation.cubeSimplex e)) =
    Mathoverflow1973.Hurewicz.CubeSubdivision.prismCubeMap e
Mathoverflow1973.Hurewicz.cubeCoordinates_one_comp_eq_squareCoordinates : (Mathoverflow1973.Hurewicz.cubeCoordinates
        1).comp
    ((ContinuousMap.id ↑unitInterval).prodMap ↑(Homeomorph.funUnique (Fin 1) ↑unitInterval).symm) =
  Mathoverflow1973.SecondHurewicz.squareCoordinates
Mathoverflow1973.Hurewicz.cubeCoordinates_succ : ∀ (n : ℕ) (z : ↑unitInterval × (Fin n → ↑unitInterval)) (j : Fin n),
  (Mathoverflow1973.Hurewicz.cubeCoordinates n) z j.succ = z.2 j
Mathoverflow1973.Hurewicz.cubeCoordinates_zero : ∀ (n : ℕ) (z : ↑unitInterval × (Fin n → ↑unitInterval)),
  (Mathoverflow1973.Hurewicz.cubeCoordinates n) z 0 = z.1
@Mathoverflow1973.Hurewicz.cubeCycle : {m : ℕ} →
  {X : Type} →
    [inst : TopologicalSpace X] →
      {x : X} →
        ↑(GenLoop (Fin (m + 2)) X x) →
          ↥(Mathoverflow1973.SingularMayerVietoris.ModuleHomology.Cycle (singularComplex X) (m + 2))
@Mathoverflow1973.Hurewicz.cubeCycle_val : ∀ {m : ℕ} {X : Type} [inst : TopologicalSpace X] {x : X}
  (p : ↑(GenLoop (Fin (m + 2)) X x)), ↑(Mathoverflow1973.Hurewicz.cubeCycle p) = Mathoverflow1973.Hurewicz.cubeChain p
@Mathoverflow1973.Hurewicz.cubeHomologyClass : {m : ℕ} →
  {X : Type} →
    [inst : TopologicalSpace X] →
      {x : X} → ↑(GenLoop (Fin (m + 2)) X x) → ↑(Mathoverflow1973.SingularMayerVietoris.SingularHomology X (m + 2))
@Mathoverflow1973.Hurewicz.cubeHomologyClass_const : ∀ {m : ℕ} {X : Type} [inst : TopologicalSpace X] {x : X},
  Mathoverflow1973.Hurewicz.cubeHomologyClass GenLoop.const = 0
@Mathoverflow1973.Hurewicz.cubeHomologyClass_eq_squareHomologyClass : ∀ {X : Type} [inst : TopologicalSpace X] {x : X}
  (p : ↑(GenLoop (Fin 2) X x)),
  Mathoverflow1973.Hurewicz.cubeHomologyClass p = Mathoverflow1973.SecondHurewicz.squareHomologyClass p
@Mathoverflow1973.Hurewicz.cubeHomologyClass_homotopic : ∀ {m : ℕ} {X : Type} [inst : TopologicalSpace X] {x : X}
  {p q : ↑(GenLoop (Fin (m + 2)) X x)},
  GenLoop.Homotopic p q → Mathoverflow1973.Hurewicz.cubeHomologyClass p = Mathoverflow1973.Hurewicz.cubeHomologyClass q
@Mathoverflow1973.Hurewicz.cubeHomologyClass_transAt : ∀ {m : ℕ} {X : Type} [inst : TopologicalSpace X] {x : X}
  (i : Fin (m + 2)) (p q : ↑(GenLoop (Fin (m + 2)) X x)),
  Mathoverflow1973.Hurewicz.cubeHomologyClass (GenLoop.transAt i p q) =
    Mathoverflow1973.Hurewicz.cubeHomologyClass p + Mathoverflow1973.Hurewicz.cubeHomologyClass q
@Mathoverflow1973.Hurewicz.cubeHomologyClass_transAt_two : ∀ {X : Type} [inst : TopologicalSpace X] {x : X}
  (p q : ↑(GenLoop (Fin 2) X x)),
  Mathoverflow1973.Hurewicz.cubeHomologyClass (GenLoop.transAt 0 p q) =
    Mathoverflow1973.Hurewicz.cubeHomologyClass p + Mathoverflow1973.Hurewicz.cubeHomologyClass q
@Mathoverflow1973.Hurewicz.cubeHomologyClass_transAt_two_coord : ∀ {X : Type} [inst : TopologicalSpace X] {x : X}
  (i : Fin 2) (p q : ↑(GenLoop (Fin 2) X x)),
  Mathoverflow1973.Hurewicz.cubeHomologyClass (GenLoop.transAt i p q) =
    Mathoverflow1973.Hurewicz.cubeHomologyClass p + Mathoverflow1973.Hurewicz.cubeHomologyClass q
@Mathoverflow1973.Hurewicz.cubeHomologyClass_transAt_zero : ∀ {m : ℕ} {X : Type} [inst : TopologicalSpace X] {x : X}
  (p q : ↑(GenLoop (Fin (m + 2)) X x)),
  Mathoverflow1973.Hurewicz.cubeHomologyClass (GenLoop.transAt 0 p q) =
    Mathoverflow1973.Hurewicz.cubeHomologyClass p + Mathoverflow1973.Hurewicz.cubeHomologyClass q
@Mathoverflow1973.Hurewicz.cubeMap : {n : ℕ} →
  {X : Type} →
    [inst : TopologicalSpace X] → {x : X} → ↑(GenLoop (Fin (n + 1)) X x) → C(↑unitInterval × (Fin n → ↑unitInterval), X)
Mathoverflow1973.Hurewicz.cubeRemainingCoordinates : (n : ℕ) → C(Fin n → ↑unitInterval, { j // j ≠ 0 } → ↑unitInterval)
@Mathoverflow1973.Hurewicz.cubeScaleLeft : {n : ℕ} → Fin n → C(Fin n → ↑unitInterval, Fin n → ↑unitInterval)
Mathoverflow1973.Hurewicz.cubeScaleLeft_zero_comp_cubeCoordinates : ∀ (n : ℕ),
  (Mathoverflow1973.Hurewicz.cubeScaleLeft 0).comp (Mathoverflow1973.Hurewicz.cubeCoordinates n) =
    (Mathoverflow1973.Hurewicz.cubeCoordinates n).comp
      (Mathoverflow1973.Hurewicz.intervalScaleLeft.prodMap (ContinuousMap.id (Fin n → ↑unitInterval)))
@Mathoverflow1973.Hurewicz.cubeScaleRight : {n : ℕ} → Fin n → C(Fin n → ↑unitInterval, Fin n → ↑unitInterval)
Mathoverflow1973.Hurewicz.cubeScaleRight_zero_comp_cubeCoordinates : ∀ (n : ℕ),
  (Mathoverflow1973.Hurewicz.cubeScaleRight 0).comp (Mathoverflow1973.Hurewicz.cubeCoordinates n) =
    (Mathoverflow1973.Hurewicz.cubeCoordinates n).comp
      (Mathoverflow1973.Hurewicz.intervalScaleRight.prodMap (ContinuousMap.id (Fin n → ↑unitInterval)))
Mathoverflow1973.Hurewicz.cubeScale_zero_sum_fundamentalCubeChain : ∀ (n : ℕ),
  (inducedChain (Mathoverflow1973.Hurewicz.cubeScaleLeft 0) (n + 2))
          (Mathoverflow1973.Hurewicz.fundamentalCubeChain (n + 2)) +
        (inducedChain (Mathoverflow1973.Hurewicz.cubeScaleRight 0) (n + 2))
          (Mathoverflow1973.Hurewicz.fundamentalCubeChain (n + 2)) -
      Mathoverflow1973.Hurewicz.fundamentalCubeChain (n + 2) =
    (inducedChain (Mathoverflow1973.Hurewicz.cubeCoordinates (n + 1)) (n + 2))
      (((Mathoverflow1973.PeriodTorusHigherHomology.crossProductEdge (↑unitInterval) (Fin (n + 1) → ↑unitInterval)
            (n + 1))
          ((ModuleCat.Hom.hom ((singularComplex ↑unitInterval).d 2 1))
            (concatChain Mathoverflow1973.Hurewicz.intervalPathLeft Mathoverflow1973.Hurewicz.intervalPathRight)))
        (Mathoverflow1973.Hurewicz.fundamentalCubeChain (n + 1)))
@Mathoverflow1973.Hurewicz.cubeSimplex_coordinate_equality_boundary : ∀ {n : ℕ} (e : Equiv.Perm (Fin n))
  (s : ↑(Simplex n)) {i j : Fin n},
  i ≠ j →
    (Mathoverflow1973.Hurewicz.CubeTriangulation.cubeSimplex e) s i =
        (Mathoverflow1973.Hurewicz.CubeTriangulation.cubeSimplex e) s j →
      s ∈ Mathoverflow1973.SecondHurewicz.SimplyConnected.simplexBoundary n
@Mathoverflow1973.Hurewicz.cubeSimplex_ordered_coordinate_equality_boundary : ∀ {n : ℕ} (e : Equiv.Perm (Fin n))
  (s : ↑(Simplex n)) {i j : Fin n},
  i ≠ j →
    (Mathoverflow1973.Hurewicz.CubeTriangulation.cubeSimplex e) s (e i) =
        (Mathoverflow1973.Hurewicz.CubeTriangulation.cubeSimplex e) s (e j) →
      s ∈ Mathoverflow1973.SecondHurewicz.SimplyConnected.simplexBoundary n
@Mathoverflow1973.Hurewicz.curryLoop : {n : ℕ} →
  {X : Type} →
    [inst : TopologicalSpace X] →
      {x : X} →
        ↑(GenLoop (Fin (n + 1)) X x) → ↑(GenLoop (Fin n) C(↑unitInterval, X) (ContinuousMap.const (↑unitInterval) x))
@Mathoverflow1973.Hurewicz.edgeTower : {X : Type} →
  [inst : TopologicalSpace X] → [SimplyConnectedSpace X] → (x : X) → (k : ℕ) → Mathoverflow1973.Hurewicz.TowerPair x k
@Mathoverflow1973.Hurewicz.edgeTower_high_const : ∀ {X : Type} [inst : TopologicalSpace X]
  [inst_1 : SimplyConnectedSpace X] (x : X) (k : ℕ),
  (Mathoverflow1973.Hurewicz.edgeTower x k).high (ContinuousMap.const (↑(Simplex (k + 1))) x) =
    ContinuousMap.const (↑unitInterval × ↑(Simplex (k + 1))) x
@Mathoverflow1973.Hurewicz.edgeTower_low_const : ∀ {X : Type} [inst : TopologicalSpace X]
  [inst_1 : SimplyConnectedSpace X] (x : X) (k : ℕ),
  (Mathoverflow1973.Hurewicz.edgeTower x k).low (ContinuousMap.const (↑(Simplex k)) x) =
    ContinuousMap.const (↑unitInterval × ↑(Simplex k)) x
@Mathoverflow1973.Hurewicz.edgeTower_two_verticesBased : ∀ {X : Type} [inst : TopologicalSpace X]
  [inst_1 : SimplyConnectedSpace X] (x : X) (τ : SingularSimplex X 2),
  Mathoverflow1973.SecondHurewicz.SimplyConnected.VerticesBased x 2 τ →
    Mathoverflow1973.SecondHurewicz.SimplyConnected.VerticesBased x 2
      (Mathoverflow1973.SecondHurewicz.SimplyConnected.timeSlice ((Mathoverflow1973.Hurewicz.edgeTower x 2).low τ) 1)
@Mathoverflow1973.Hurewicz.evalLeft_comp_curryLoop : ∀ {n : ℕ} {X : Type} [inst : TopologicalSpace X] {x : X}
  (p : ↑(GenLoop (Fin (n + 1)) X x)),
  (Mathoverflow1973.Hurewicz.CubeSubdivision.evalLeft X).comp
      ((ContinuousMap.id ↑unitInterval).prodMap ↑(Mathoverflow1973.Hurewicz.curryLoop p)) =
    Mathoverflow1973.Hurewicz.cubeMap p
@Mathoverflow1973.Hurewicz.evalLeft_crossProductEdge_intervalChain_simplex : ∀ {n : ℕ} {X : Type}
  [inst : TopologicalSpace X] {x : X} (p : ↑(GenLoop (Fin (n + 1)) X x)) (e : Equiv.Perm (Fin n)),
  (inducedChain (Mathoverflow1973.Hurewicz.CubeSubdivision.evalLeft X) (n + 1))
      (((Mathoverflow1973.PeriodTorusHigherHomology.crossProductEdge ↑unitInterval C(↑unitInterval, X) n)
          Mathoverflow1973.SecondHurewicz.intervalChain)
        (simplexChain C(↑unitInterval, X) n
          ((↑(Mathoverflow1973.Hurewicz.curryLoop p)).comp
            (Mathoverflow1973.Hurewicz.CubeTriangulation.cubeSimplex e)))) =
    (Mathoverflow1973.Hurewicz.CubeSubdivision.prismCubeRealization (↑p) e (n + 1))
      (((Mathoverflow1973.PeriodTorusHigherHomology.formalEdgeCrossProduct n)
          (Mathoverflow1973.SingularMayerVietoris.formalSimplex fun i => i))
        (Mathoverflow1973.SingularMayerVietoris.formalSimplex fun j => j))
Mathoverflow1973.Hurewicz.exists_ambientSimplexCubeHomeomorph : ∀ (n : ℕ),
  ∃ e,
    ⇑e '' Mathoverflow1973.Hurewicz.flatSimplexSet n = Mathoverflow1973.Hurewicz.realCubeSet n ∧
      ⇑e '' frontier (Mathoverflow1973.Hurewicz.flatSimplexSet n) = frontier (Mathoverflow1973.Hurewicz.realCubeSet n)
@Mathoverflow1973.Hurewicz.exists_basepoint_adjustment : ∀ {n : ℕ},
  0 < n →
    ∀ {Y : Type u_1} [inst : TopologicalSpace Y] {y : Y} (u : C(↑(Mathoverflow1973.Degree.SphereCube.Sphere n), Y))
      (P : Path (u (Mathoverflow1973.Degree.SphereCube.point n)) y),
      ∃ v, v (Mathoverflow1973.Degree.SphereCube.point n) = y ∧ u.Homotopic v
@Mathoverflow1973.Hurewicz.factorMap_basedSphereCube : ∀ {n : ℕ} (hn : 0 < n) {X : Type} [inst : TopologicalSpace X]
  {x : X} (f : C(↑(Mathoverflow1973.Degree.SphereCube.Sphere n), X))
  (hf : f (Mathoverflow1973.Degree.SphereCube.point n) = x),
  Mathoverflow1973.Degree.SphereCube.factorMap hn (Mathoverflow1973.Hurewicz.basedSphereCube f hf) = f
@Mathoverflow1973.Hurewicz.factorMap_homotopyRel : {n : ℕ} →
  (hn : 0 < n) →
    {X : Type u_1} →
      [inst : TopologicalSpace X] →
        {x : X} →
          {p q : ↑(GenLoop (Fin n) X x)} →
            (↑p).HomotopyRel (↑q) (Cube.boundary (Fin n)) →
              (Mathoverflow1973.Degree.SphereCube.factorMap hn p).HomotopyRel
                (Mathoverflow1973.Degree.SphereCube.factorMap hn q) {Mathoverflow1973.Degree.SphereCube.point n}
@Mathoverflow1973.Hurewicz.factorMap_homotopy_apply : ∀ {n : ℕ} (hn : 0 < n) {X : Type u_1} [inst : TopologicalSpace X]
  {x : X} {p q : ↑(GenLoop (Fin n) X x)} (H : (↑p).HomotopyRel (↑q) (Cube.boundary (Fin n))) (t : ↑unitInterval)
  (u : Fin n → ↑unitInterval),
  (Mathoverflow1973.Degree.SphereCube.factorMap_homotopy hn H) (t, (Mathoverflow1973.Degree.SphereCube.quotient n) u) =
    H (t, u)
Mathoverflow1973.Hurewicz.flatCubeHomeomorph : (n : ℕ) →
  ↑(Mathoverflow1973.Hurewicz.flatSimplexSet n) ≃ₜ ↑(Mathoverflow1973.Hurewicz.realCubeSet n)
Mathoverflow1973.Hurewicz.flatSimplex : (n : ℕ) → ↑(Mathoverflow1973.Hurewicz.flatSimplexSet n) → ↑(Simplex n)
Mathoverflow1973.Hurewicz.flatSimplexSet : (n : ℕ) → Set (Fin n → ℝ)
Mathoverflow1973.Hurewicz.flatSimplexSet_subset_Icc : ∀ (n : ℕ),
  Mathoverflow1973.Hurewicz.flatSimplexSet n ⊆ Set.Icc 0 1
Mathoverflow1973.Hurewicz.flatSimplex_simplexFlat : ∀ (n : ℕ) (s : ↑(Simplex n)),
  Mathoverflow1973.Hurewicz.flatSimplex n (Mathoverflow1973.Hurewicz.simplexFlat n s) = s
Mathoverflow1973.Hurewicz.funUniqueSymm_pathSimplex_eq_cubeSimplex_one : (↑(Homeomorph.funUnique (Fin 1)
            ↑unitInterval).symm).comp
    (pathSimplex Path.id) =
  Mathoverflow1973.Hurewicz.CubeTriangulation.cubeSimplex 1
Mathoverflow1973.Hurewicz.fundamentalCubeChain : (n : ℕ) → ↑(Chains (Fin n → ↑unitInterval) n)
Mathoverflow1973.Hurewicz.fundamentalCubeChain_boundary_supported : ∀ (n : ℕ),
  (ModuleCat.Hom.hom ((singularComplex (Fin (n + 1) → ↑unitInterval)).d (n + 1) n))
      (Mathoverflow1973.Hurewicz.fundamentalCubeChain (n + 1)) ∈
    Mathoverflow1973.SingularMayerVietoris.supportedChainSubmodule (Cube.boundary (Fin (n + 1))) n
Mathoverflow1973.Hurewicz.fundamentalCubeChain_succ : ∀ (n : ℕ),
  Mathoverflow1973.Hurewicz.fundamentalCubeChain (n + 2) =
    (inducedChain (Mathoverflow1973.Hurewicz.cubeCoordinates (n + 1)) (n + 2))
      (((Mathoverflow1973.PeriodTorusHigherHomology.crossProductEdge (↑unitInterval) (Fin (n + 1) → ↑unitInterval)
            (n + 1))
          Mathoverflow1973.SecondHurewicz.intervalChain)
        (Mathoverflow1973.Hurewicz.fundamentalCubeChain (n + 1)))
Mathoverflow1973.Hurewicz.fundamentalCubeChain_two : Mathoverflow1973.Hurewicz.fundamentalCubeChain 2 =
  Mathoverflow1973.SecondHurewicz.fundamentalSquareChain
@Mathoverflow1973.Hurewicz.hurewiczFunction : {m : ℕ} →
  {X : Type} →
    [inst : TopologicalSpace X] →
      (x : X) → HomotopyGroup.Pi (m + 2) X x → ↑(Mathoverflow1973.SingularMayerVietoris.SingularHomology X (m + 2))
@Mathoverflow1973.Hurewicz.hurewiczInverse : {X : Type} →
  [inst : TopologicalSpace X] →
    [SimplyConnectedSpace X] →
      (x : X) →
        {m : ℕ} →
          (∀ (j : ℕ), 2 ≤ j → j < m + 3 → Subsingleton (HomotopyGroup.Pi j X x)) →
            ↑(Mathoverflow1973.SingularMayerVietoris.SingularHomology X (m + 3)) →ₗ[ℤ]
              Additive (HomotopyGroup.Pi (m + 3) X x)
@Mathoverflow1973.Hurewicz.hurewiczInverse_comp_hurewiczMap : ∀ {X : Type} [inst : TopologicalSpace X]
  [inst_1 : SimplyConnectedSpace X] (x : X) {m : ℕ}
  (hpi : ∀ (j : ℕ), 2 ≤ j → j < m + 3 → Subsingleton (HomotopyGroup.Pi j X x)),
  Mathoverflow1973.Hurewicz.hurewiczInverse x hpi ∘ₗ Mathoverflow1973.Hurewicz.hurewiczMap x = LinearMap.id
@Mathoverflow1973.Hurewicz.hurewiczInverse_cycleClass : ∀ {X : Type} [inst : TopologicalSpace X]
  [inst_1 : SimplyConnectedSpace X] (x : X) {m : ℕ}
  (hpi : ∀ (j : ℕ), 2 ≤ j → j < m + 3 → Subsingleton (HomotopyGroup.Pi j X x))
  (c : ↥(Mathoverflow1973.SingularMayerVietoris.ModuleHomology.Cycle (singularComplex X) (m + 3))),
  (Mathoverflow1973.Hurewicz.hurewiczInverse x hpi)
      ((Mathoverflow1973.SingularMayerVietoris.ModuleHomology.cycleClass (singularComplex X) (m + 3)) c) =
    (Mathoverflow1973.Hurewicz.classOperator x (m + 3) hpi) ↑c
@Mathoverflow1973.Hurewicz.hurewiczInverse_hurewiczMap : ∀ {X : Type} [inst : TopologicalSpace X]
  [inst_1 : SimplyConnectedSpace X] (x : X) {m : ℕ}
  (hpi : ∀ (j : ℕ), 2 ≤ j → j < m + 3 → Subsingleton (HomotopyGroup.Pi j X x))
  (a : Additive (HomotopyGroup.Pi (m + 3) X x)),
  (Mathoverflow1973.Hurewicz.hurewiczInverse x hpi) ((Mathoverflow1973.Hurewicz.hurewiczMap x) a) = a
@Mathoverflow1973.Hurewicz.hurewiczInverse_hurewiczMap_mk : ∀ {X : Type} [inst : TopologicalSpace X]
  [inst_1 : SimplyConnectedSpace X] (x : X) {m : ℕ}
  (hpi : ∀ (j : ℕ), 2 ≤ j → j < m + 3 → Subsingleton (HomotopyGroup.Pi j X x)) (p : ↑(GenLoop (Fin (m + 3)) X x)),
  (Mathoverflow1973.Hurewicz.hurewiczInverse x hpi) ((Mathoverflow1973.Hurewicz.hurewiczMap x) (Additive.ofMul ⟦p⟧)) =
    Additive.ofMul ⟦p⟧
@Mathoverflow1973.Hurewicz.hurewiczLinearEquiv : {X : Type} →
  [inst : TopologicalSpace X] →
    [SimplyConnectedSpace X] →
      (x : X) →
        {m : ℕ} →
          (∀ (j : ℕ), 2 ≤ j → j < m + 3 → Subsingleton (HomotopyGroup.Pi j X x)) →
            Additive (HomotopyGroup.Pi (m + 3) X x) ≃ₗ[ℤ]
              ↑(Mathoverflow1973.SingularMayerVietoris.SingularHomology X (m + 3))
@Mathoverflow1973.Hurewicz.hurewiczLinearEquivOfTwoLE : {X : Type} →
  [inst : TopologicalSpace X] →
    [SimplyConnectedSpace X] →
      (x : X) →
        (n : ℕ) →
          (hn : 2 ≤ n) →
            (∀ (j : ℕ), 2 ≤ j → j < n → Subsingleton (HomotopyGroup.Pi j X x)) →
              Additive (HomotopyGroup.Pi n X x) ≃ₗ[ℤ] ↑(Mathoverflow1973.SingularMayerVietoris.SingularHomology X n)
@Mathoverflow1973.Hurewicz.hurewiczMap : {m : ℕ} →
  {X : Type} →
    [inst : TopologicalSpace X] →
      (x : X) →
        Additive (HomotopyGroup.Pi (m + 2) X x) →ₗ[ℤ]
          ↑(Mathoverflow1973.SingularMayerVietoris.SingularHomology X (m + 2))
@Mathoverflow1973.Hurewicz.hurewiczMap_classOperator_cycle : ∀ {X : Type} [inst : TopologicalSpace X]
  [inst_1 : SimplyConnectedSpace X] (x : X) {m : ℕ}
  (hpi : ∀ (j : ℕ), 2 ≤ j → j < m + 3 → Subsingleton (HomotopyGroup.Pi j X x))
  (c : ↥(Mathoverflow1973.SingularMayerVietoris.ModuleHomology.Cycle (singularComplex X) (m + 3))),
  (Mathoverflow1973.Hurewicz.hurewiczMap x) ((Mathoverflow1973.Hurewicz.classOperator x (m + 3) hpi) ↑c) =
    (Mathoverflow1973.SingularMayerVietoris.ModuleHomology.cycleClass (singularComplex X) (m + 3)) c
@Mathoverflow1973.Hurewicz.hurewiczMap_comp_hurewiczInverse : ∀ {X : Type} [inst : TopologicalSpace X]
  [inst_1 : SimplyConnectedSpace X] (x : X) {m : ℕ}
  (hpi : ∀ (j : ℕ), 2 ≤ j → j < m + 3 → Subsingleton (HomotopyGroup.Pi j X x)),
  Mathoverflow1973.Hurewicz.hurewiczMap x ∘ₗ Mathoverflow1973.Hurewicz.hurewiczInverse x hpi = LinearMap.id
@Mathoverflow1973.Hurewicz.hurewiczMap_eq_second : ∀ {X : Type} [inst : TopologicalSpace X] (x : X),
  Mathoverflow1973.Hurewicz.hurewiczMap x = Mathoverflow1973.SecondHurewicz.hurewiczMap x
@Mathoverflow1973.Hurewicz.hurewiczMap_hurewiczInverse : ∀ {X : Type} [inst : TopologicalSpace X]
  [inst_1 : SimplyConnectedSpace X] (x : X) {m : ℕ}
  (hpi : ∀ (j : ℕ), 2 ≤ j → j < m + 3 → Subsingleton (HomotopyGroup.Pi j X x))
  (c : ↑(Mathoverflow1973.SingularMayerVietoris.SingularHomology X (m + 3))),
  (Mathoverflow1973.Hurewicz.hurewiczMap x) ((Mathoverflow1973.Hurewicz.hurewiczInverse x hpi) c) = c
@Mathoverflow1973.Hurewicz.hurewiczMap_injective : ∀ {X : Type} [inst : TopologicalSpace X] [SimplyConnectedSpace X]
  (x : X) {m : ℕ},
  (∀ (j : ℕ), 2 ≤ j → j < m + 2 → Subsingleton (HomotopyGroup.Pi j X x)) →
    Function.Injective ⇑(Mathoverflow1973.Hurewicz.hurewiczMap x)
@Mathoverflow1973.Hurewicz.hurewiczMap_representative : ∀ {m : ℕ} {X : Type} [inst : TopologicalSpace X] (x : X)
  (p : ↑(GenLoop (Fin (m + 2)) X x)),
  (Mathoverflow1973.Hurewicz.hurewiczMap x) (Additive.ofMul ⟦p⟧) = Mathoverflow1973.Hurewicz.cubeHomologyClass p
@Mathoverflow1973.Hurewicz.hurewiczPi : {m : ℕ} →
  {X : Type} →
    [inst : TopologicalSpace X] →
      (x : X) →
        HomotopyGroup.Pi (m + 2) X x →*
          Multiplicative ↑(Mathoverflow1973.SingularMayerVietoris.SingularHomology X (m + 2))
@Mathoverflow1973.Hurewicz.hurewicz_basedSimplexClass : ∀ {n : ℕ} {X : Type} [inst : TopologicalSpace X] {x : X}
  (τ : Mathoverflow1973.Hurewicz.SimplexGeometry.BasedSimplex (n + 2) x),
  (Mathoverflow1973.Hurewicz.hurewiczMap x) (Mathoverflow1973.Hurewicz.SimplexGeometry.basedSimplexClass τ) =
    (Mathoverflow1973.SingularMayerVietoris.ModuleHomology.cycleClass (singularComplex X) (n + 2))
      (Mathoverflow1973.Hurewicz.correctedSimplexCycle (n + 1) x ↑τ ⋯)
Mathoverflow1973.Hurewicz.interior_flatSimplexSet : ∀ (n : ℕ),
  interior (Mathoverflow1973.Hurewicz.flatSimplexSet n) = {v | (∀ (i : Fin n), 0 < v i) ∧ ∑ i, v i < 1}
Mathoverflow1973.Hurewicz.interior_flatSimplexSet_nonempty : ∀ (n : ℕ),
  (interior (Mathoverflow1973.Hurewicz.flatSimplexSet n)).Nonempty
Mathoverflow1973.Hurewicz.interior_realCubeSet_nonempty : ∀ (n : ℕ),
  (interior (Mathoverflow1973.Hurewicz.realCubeSet n)).Nonempty
Mathoverflow1973.Hurewicz.intervalChain_split : (inducedChain Mathoverflow1973.Hurewicz.intervalScaleLeft 1)
        Mathoverflow1973.SecondHurewicz.intervalChain +
      (inducedChain Mathoverflow1973.Hurewicz.intervalScaleRight 1) Mathoverflow1973.SecondHurewicz.intervalChain -
    Mathoverflow1973.SecondHurewicz.intervalChain =
  (ModuleCat.Hom.hom ((singularComplex ↑unitInterval).d 2 1))
    (concatChain Mathoverflow1973.Hurewicz.intervalPathLeft Mathoverflow1973.Hurewicz.intervalPathRight)
Mathoverflow1973.Hurewicz.intervalPathLeft : Path 0 ⟨1 / 2, ⋯⟩
Mathoverflow1973.Hurewicz.intervalPathLeft_trans_intervalPathRight : Mathoverflow1973.Hurewicz.intervalPathLeft.trans
    Mathoverflow1973.Hurewicz.intervalPathRight =
  Path.id
Mathoverflow1973.Hurewicz.intervalPathRight : Path ⟨1 / 2, ⋯⟩ 1
Mathoverflow1973.Hurewicz.intervalScaleLeft : C(↑unitInterval, ↑unitInterval)
Mathoverflow1973.Hurewicz.intervalScaleRight : C(↑unitInterval, ↑unitInterval)
Mathoverflow1973.Hurewicz.isClosed_flatSimplexSet : ∀ (n : ℕ), IsClosed (Mathoverflow1973.Hurewicz.flatSimplexSet n)
Mathoverflow1973.Hurewicz.isClosed_realCubeSet : ∀ (n : ℕ), IsClosed (Mathoverflow1973.Hurewicz.realCubeSet n)
Mathoverflow1973.Hurewicz.isCompact_flatSimplexSet : ∀ (n : ℕ), IsCompact (Mathoverflow1973.Hurewicz.flatSimplexSet n)
Mathoverflow1973.Hurewicz.isCompact_realCubeSet : ∀ (n : ℕ), IsCompact (Mathoverflow1973.Hurewicz.realCubeSet n)
Mathoverflow1973.Hurewicz.lowerSquareTriangle_eq_cubeSimplex_one : Mathoverflow1973.SecondHurewicz.SimplyConnected.lowerSquareTriangle =
  Mathoverflow1973.Hurewicz.CubeTriangulation.cubeSimplex 1
Mathoverflow1973.Hurewicz.mem_interior_realCubeSet : ∀ (n : ℕ) (v : Fin n → ℝ),
  v ∈ interior (Mathoverflow1973.Hurewicz.realCubeSet n) ↔ ∀ (i : Fin n), 0 < v i ∧ v i < 1
@Mathoverflow1973.Hurewicz.nativeCubeNullHomotopy : {n : ℕ} →
  {X : Type u_1} →
    [inst : TopologicalSpace X] →
      {x : X} →
        [hπ : Subsingleton (HomotopyGroup.Pi n X x)] →
          (p : ↑(GenLoop (Fin n) X x)) →
            (↑p).HomotopyRel (ContinuousMap.const (Fin n → ↑unitInterval) x) (Cube.boundary (Fin n))
@Mathoverflow1973.Hurewicz.nativeCubeNullHomotopy_comp : {n : ℕ} →
  {X : Type u_1} →
    [inst : TopologicalSpace X] →
      {x : X} →
        {A : Type u_2} →
          [inst_1 : TopologicalSpace A] →
            [Subsingleton (HomotopyGroup.Pi n X x)] →
              (p : ↑(GenLoop (Fin n) X x)) →
                (r : C(A, Fin n → ↑unitInterval)) →
                  (S : Set A) →
                    Set.MapsTo (⇑r) S (Cube.boundary (Fin n)) → ((↑p).comp r).HomotopyRel (ContinuousMap.const A x) S
@Mathoverflow1973.Hurewicz.normalizationBaseTwo : {X : Type} →
  [inst : TopologicalSpace X] →
    [SimplyConnectedSpace X] →
      (x : X) → Subsingleton (HomotopyGroup.Pi 2 X x) → Mathoverflow1973.Hurewicz.NormalizationState x 2
@Mathoverflow1973.Hurewicz.normalizationCubeHomotopy : {X : Type} →
  [inst : TopologicalSpace X] →
    [inst_1 : SimplyConnectedSpace X] →
      (x : X) →
        {m : ℕ} →
          (hpi : ∀ (j : ℕ), 2 ≤ j → j < m + 3 → Subsingleton (HomotopyGroup.Pi j X x)) →
            (p : ↑(GenLoop (Fin (m + 3)) X x)) →
              (↑p).HomotopyRel (↑(Mathoverflow1973.Hurewicz.normalizedCube x hpi p)) (Cube.boundary (Fin (m + 3)))
@Mathoverflow1973.Hurewicz.normalizationHomotopy : {X : Type} →
  [inst : TopologicalSpace X] →
    [SimplyConnectedSpace X] →
      (x : X) →
        (n : ℕ) →
          (∀ (j : ℕ), 2 ≤ j → j < n → Subsingleton (HomotopyGroup.Pi j X x)) →
            SingularSimplex X n → C(↑unitInterval × ↑(Simplex n), X)
@Mathoverflow1973.Hurewicz.normalizationHomotopy_endpoint : ∀ {X : Type} [inst : TopologicalSpace X]
  [inst_1 : SimplyConnectedSpace X] (x : X) (n : ℕ)
  (hpi : ∀ (j : ℕ), 2 ≤ j → j < n → Subsingleton (HomotopyGroup.Pi j X x)) (smp : SingularSimplex X n),
  ∀ s ∈ Mathoverflow1973.SecondHurewicz.SimplyConnected.simplexBoundary n,
    (Mathoverflow1973.Hurewicz.normalizationHomotopy x n hpi smp) (1, s) = x
@Mathoverflow1973.Hurewicz.normalizationHomotopy_zero : ∀ {X : Type} [inst : TopologicalSpace X]
  [inst_1 : SimplyConnectedSpace X] (x : X) (n : ℕ)
  (hpi : ∀ (j : ℕ), 2 ≤ j → j < n → Subsingleton (HomotopyGroup.Pi j X x)) (smp : SingularSimplex X n)
  (s : ↑(Simplex n)), (Mathoverflow1973.Hurewicz.normalizationHomotopy x n hpi smp) (0, s) = smp s
@Mathoverflow1973.Hurewicz.normalizationStep : {X : Type} →
  [inst : TopologicalSpace X] →
    [SimplyConnectedSpace X] →
      (x : X) →
        {k : ℕ} →
          Subsingleton (HomotopyGroup.Pi (k + 1) X x) →
            Mathoverflow1973.Hurewicz.NormalizationState x k → Mathoverflow1973.Hurewicz.NormalizationState x (k + 1)
@Mathoverflow1973.Hurewicz.normalizationTower : {X : Type} →
  [inst : TopologicalSpace X] →
    [SimplyConnectedSpace X] →
      (x : X) →
        (k : ℕ) →
          (∀ (j : ℕ), 2 ≤ j → j ≤ k + 2 → Subsingleton (HomotopyGroup.Pi j X x)) →
            Mathoverflow1973.Hurewicz.NormalizationState x (k + 2)
@Mathoverflow1973.Hurewicz.normalizationTower_const : ∀ {X : Type} [inst : TopologicalSpace X]
  [inst_1 : SimplyConnectedSpace X] (x : X) (k : ℕ)
  (hpi : ∀ (j : ℕ), 2 ≤ j → j ≤ k + 2 → Subsingleton (HomotopyGroup.Pi j X x)),
  (Mathoverflow1973.Hurewicz.normalizationTower x k hpi).aug (ContinuousMap.const (↑(Simplex (k + 2))) x) =
      ContinuousMap.const (↑unitInterval × ↑(Simplex (k + 2))) x ∧
    (Mathoverflow1973.Hurewicz.normalizationTower x k hpi).nxt (ContinuousMap.const (↑(Simplex (k + 3))) x) =
      ContinuousMap.const (↑unitInterval × ↑(Simplex (k + 3))) x
@Mathoverflow1973.Hurewicz.normalizedCube : {X : Type} →
  [inst : TopologicalSpace X] →
    [SimplyConnectedSpace X] →
      (x : X) →
        {m : ℕ} →
          (∀ (j : ℕ), 2 ≤ j → j < m + 3 → Subsingleton (HomotopyGroup.Pi j X x)) →
            ↑(GenLoop (Fin (m + 3)) X x) → ↑(GenLoop (Fin (m + 3)) X x)
@Mathoverflow1973.Hurewicz.normalizedCube_cell : ∀ {X : Type} [inst : TopologicalSpace X]
  [inst_1 : SimplyConnectedSpace X] (x : X) {m : ℕ}
  (hpi : ∀ (j : ℕ), 2 ≤ j → j < m + 3 → Subsingleton (HomotopyGroup.Pi j X x)) (p : ↑(GenLoop (Fin (m + 3)) X x))
  (e : Equiv.Perm (Fin (m + 3))),
  (↑(Mathoverflow1973.Hurewicz.normalizedCube x hpi p)).comp
      (Mathoverflow1973.Hurewicz.CubeTriangulation.cubeSimplex e) =
    ↑(Mathoverflow1973.Hurewicz.normalizedSimplex x (m + 3) hpi
        ((↑p).comp (Mathoverflow1973.Hurewicz.CubeTriangulation.cubeSimplex e)))
@Mathoverflow1973.Hurewicz.normalizedCube_internalBased : ∀ {X : Type} [inst : TopologicalSpace X]
  [inst_1 : SimplyConnectedSpace X] (x : X) {m : ℕ}
  (hpi : ∀ (j : ℕ), 2 ≤ j → j < m + 3 → Subsingleton (HomotopyGroup.Pi j X x)) (p : ↑(GenLoop (Fin (m + 3)) X x)),
  Mathoverflow1973.Hurewicz.NativeSubdivision.NativeCubeInternalBased (Mathoverflow1973.Hurewicz.normalizedCube x hpi p)
@Mathoverflow1973.Hurewicz.normalizedCube_simplex : ∀ {X : Type} [inst : TopologicalSpace X]
  [inst_1 : SimplyConnectedSpace X] (x : X) {m : ℕ}
  (hpi : ∀ (j : ℕ), 2 ≤ j → j < m + 3 → Subsingleton (HomotopyGroup.Pi j X x)) (p : ↑(GenLoop (Fin (m + 3)) X x))
  (e : Equiv.Perm (Fin (m + 3))),
  Mathoverflow1973.Hurewicz.NativeSubdivision.nativeBasedCubeSimplex (Mathoverflow1973.Hurewicz.normalizedCube x hpi p)
      ⋯ e =
    Mathoverflow1973.Hurewicz.normalizedSimplex x (m + 3) hpi
      ((↑p).comp (Mathoverflow1973.Hurewicz.CubeTriangulation.cubeSimplex e))
@Mathoverflow1973.Hurewicz.normalizedCycleAssignment : {X : Type} →
  [inst : TopologicalSpace X] →
    (n : ℕ) →
      (x : X) →
        (SingularSimplex X (n + 1) → Mathoverflow1973.Hurewicz.SimplexGeometry.BasedSimplex (n + 1) x) →
          ↑(Chains X (n + 1)) →ₗ[ℤ]
            ↥(Mathoverflow1973.SingularMayerVietoris.ModuleHomology.Cycle (singularComplex X) (n + 1))
@Mathoverflow1973.Hurewicz.normalizedCycleAssignment_class : ∀ {X : Type} [inst : TopologicalSpace X] (n : ℕ) (x : X)
  (f : SingularSimplex X (n + 1) → Mathoverflow1973.Hurewicz.SimplexGeometry.BasedSimplex (n + 1) x)
  (H : SingularSimplex X n → C(↑unitInterval × ↑(Simplex n), X))
  (H' : SingularSimplex X (n + 1) → C(↑unitInterval × ↑(Simplex (n + 1)), X)),
  Mathoverflow1973.SecondHurewicz.SimplyConnected.FaceCompatibleHomotopies n H H' →
    (∀ (smp : SingularSimplex X (n + 1)), Mathoverflow1973.SecondHurewicz.SimplyConnected.timeSlice (H' smp) 0 = smp) →
      (∀ (smp : SingularSimplex X (n + 1)),
          ↑(f smp) = Mathoverflow1973.SecondHurewicz.SimplyConnected.timeSlice (H' smp) 1) →
        ∀ (c : ↥(Mathoverflow1973.SingularMayerVietoris.ModuleHomology.Cycle (singularComplex X) (n + 1))),
          (Mathoverflow1973.SingularMayerVietoris.ModuleHomology.cycleClass (singularComplex X) (n + 1))
              ((Mathoverflow1973.Hurewicz.normalizedCycleAssignment n x f) ↑c) =
            (Mathoverflow1973.SingularMayerVietoris.ModuleHomology.cycleClass (singularComplex X) (n + 1)) c
@Mathoverflow1973.Hurewicz.normalizedCycleAssignment_evenCycle : ∀ {X : Type} [inst : TopologicalSpace X] (n : ℕ)
  (x : X) (f : SingularSimplex X (n + 1) → Mathoverflow1973.Hurewicz.SimplexGeometry.BasedSimplex (n + 1) x)
  (H : SingularSimplex X n → C(↑unitInterval × ↑(Simplex n), X))
  (H' : SingularSimplex X (n + 1) → C(↑unitInterval × ↑(Simplex (n + 1)), X))
  (hface : Mathoverflow1973.SecondHurewicz.SimplyConnected.FaceCompatibleHomotopies n H H'),
  (∀ (smp : SingularSimplex X (n + 1)),
      ↑(f smp) = Mathoverflow1973.SecondHurewicz.SimplyConnected.timeSlice (H' smp) 1) →
    Even (n + 1) →
      ∀ (c : ↥(Mathoverflow1973.SingularMayerVietoris.ModuleHomology.Cycle (singularComplex X) (n + 1))),
        (Mathoverflow1973.Hurewicz.normalizedCycleAssignment n x f) ↑c =
          Mathoverflow1973.Hurewicz.straightenedCycle n H H' hface c
@Mathoverflow1973.Hurewicz.normalizedCycleAssignment_oddCycle : ∀ {X : Type} [inst : TopologicalSpace X] (n : ℕ) (x : X)
  (f : SingularSimplex X (n + 1) → Mathoverflow1973.Hurewicz.SimplexGeometry.BasedSimplex (n + 1) x)
  (H : SingularSimplex X n → C(↑unitInterval × ↑(Simplex n), X))
  (H' : SingularSimplex X (n + 1) → C(↑unitInterval × ↑(Simplex (n + 1)), X))
  (hface : Mathoverflow1973.SecondHurewicz.SimplyConnected.FaceCompatibleHomotopies n H H'),
  (∀ (smp : SingularSimplex X (n + 1)),
      ↑(f smp) = Mathoverflow1973.SecondHurewicz.SimplyConnected.timeSlice (H' smp) 1) →
    ∀ (hodd : Odd (n + 1))
      (c : ↥(Mathoverflow1973.SingularMayerVietoris.ModuleHomology.Cycle (singularComplex X) (n + 1))),
      (Mathoverflow1973.Hurewicz.normalizedCycleAssignment n x f) ↑c =
        Mathoverflow1973.Hurewicz.straightenedCycle n H H' hface c -
          (Mathoverflow1973.SecondHurewicz.SimplyConnected.chainAugmentation X (n + 1)) ↑c •
            Mathoverflow1973.Hurewicz.constantSimplexCycle (n + 1) x hodd
@Mathoverflow1973.Hurewicz.normalizedCycleAssignment_simplex : ∀ {X : Type} [inst : TopologicalSpace X] (n : ℕ) (x : X)
  (f : SingularSimplex X (n + 1) → Mathoverflow1973.Hurewicz.SimplexGeometry.BasedSimplex (n + 1) x)
  (smp : SingularSimplex X (n + 1)),
  (Mathoverflow1973.Hurewicz.normalizedCycleAssignment n x f) (simplexChain X (n + 1) smp) =
    Mathoverflow1973.Hurewicz.correctedSimplexCycle n x ↑(f smp) ⋯
@Mathoverflow1973.Hurewicz.normalizedCycleAssignment_val : ∀ {X : Type} [inst : TopologicalSpace X] (n : ℕ) (x : X)
  (f : SingularSimplex X (n + 1) → Mathoverflow1973.Hurewicz.SimplexGeometry.BasedSimplex (n + 1) x)
  (c : ↑(Chains X (n + 1))),
  ↑((Mathoverflow1973.Hurewicz.normalizedCycleAssignment n x f) c) =
    (chainLift X (n + 1) fun smp =>
        simplexChain X (n + 1) ↑(f smp) - Mathoverflow1973.Hurewicz.constantSimplexChain (n + 1) x)
      c
@Mathoverflow1973.Hurewicz.normalizedCycleAssignment_val_endpoint : ∀ {X : Type} [inst : TopologicalSpace X] (n : ℕ)
  (x : X) (f : SingularSimplex X (n + 1) → Mathoverflow1973.Hurewicz.SimplexGeometry.BasedSimplex (n + 1) x)
  (H' : SingularSimplex X (n + 1) → C(↑unitInterval × ↑(Simplex (n + 1)), X)),
  (∀ (smp : SingularSimplex X (n + 1)),
      ↑(f smp) = Mathoverflow1973.SecondHurewicz.SimplyConnected.timeSlice (H' smp) 1) →
    ∀ (c : ↑(Chains X (n + 1))),
      ↑((Mathoverflow1973.Hurewicz.normalizedCycleAssignment n x f) c) =
        (Mathoverflow1973.SecondHurewicz.SimplyConnected.simplexEndpointOperator (n + 1) H' 1) c -
          (Mathoverflow1973.SecondHurewicz.SimplyConnected.chainAugmentation X (n + 1)) c •
            Mathoverflow1973.Hurewicz.constantSimplexChain (n + 1) x
@Mathoverflow1973.Hurewicz.normalizedSimplex : {X : Type} →
  [inst : TopologicalSpace X] →
    [SimplyConnectedSpace X] →
      (x : X) →
        (n : ℕ) →
          (∀ (j : ℕ), 2 ≤ j → j < n → Subsingleton (HomotopyGroup.Pi j X x)) →
            SingularSimplex X n → Mathoverflow1973.Hurewicz.SimplexGeometry.BasedSimplex n x
@Mathoverflow1973.Hurewicz.normalizedSimplex_boundary_relation : ∀ {X : Type} [inst : TopologicalSpace X]
  [inst_1 : SimplyConnectedSpace X] (x : X) {m : ℕ}
  (hpi : ∀ (j : ℕ), 2 ≤ j → j < m + 3 → Subsingleton (HomotopyGroup.Pi j X x)) (σ : SingularSimplex X (m + 4)),
  ∑ i,
      (-1) ^ ↑i •
        Mathoverflow1973.Hurewicz.SimplexGeometry.basedSimplexClass
          (Mathoverflow1973.Hurewicz.normalizedSimplex x (m + 3) hpi (ContinuousMap.comp σ (simplexFace (m + 3) i))) =
    0
@Mathoverflow1973.Hurewicz.normalizedTopSimplex : {X : Type} →
  [inst : TopologicalSpace X] →
    [SimplyConnectedSpace X] →
      (x : X) →
        {m : ℕ} →
          (∀ (j : ℕ), 2 ≤ j → j < m + 3 → Subsingleton (HomotopyGroup.Pi j X x)) →
            SingularSimplex X (m + 4) → Mathoverflow1973.Hurewicz.SimplexGeometry.BasedSimplexBoundary (m + 4) x
@Mathoverflow1973.Hurewicz.normalizedTopSimplex_class_face : ∀ {X : Type} [inst : TopologicalSpace X]
  [inst_1 : SimplyConnectedSpace X] (x : X) {m : ℕ}
  (hpi : ∀ (j : ℕ), 2 ≤ j → j < m + 3 → Subsingleton (HomotopyGroup.Pi j X x)) (σ : SingularSimplex X (m + 4))
  (i : Fin (m + 5)),
  Mathoverflow1973.Hurewicz.SimplexGeometry.basedSimplexClass
      (Mathoverflow1973.Hurewicz.SimplexGeometry.basedSimplexBoundaryFace
        (Mathoverflow1973.Hurewicz.normalizedTopSimplex x hpi σ) i) =
    Mathoverflow1973.Hurewicz.SimplexGeometry.basedSimplexClass
      (Mathoverflow1973.Hurewicz.normalizedSimplex x (m + 3) hpi (ContinuousMap.comp σ (simplexFace (m + 3) i)))
@Mathoverflow1973.Hurewicz.pi_subsingleton_of_homology_vanishing : ∀ {X : Type} [inst : TopologicalSpace X]
  [SimplyConnectedSpace X] (x : X) (n : ℕ),
  (∀ (k : ℕ), 2 ≤ k → k < n → Subsingleton ↑(Mathoverflow1973.SingularMayerVietoris.SingularHomology X k)) →
    ∀ (k : ℕ), 2 ≤ k → k < n → Subsingleton (HomotopyGroup.Pi k X x)
Mathoverflow1973.Hurewicz.realCubeHomeomorph : (n : ℕ) →
  ↑(Mathoverflow1973.Hurewicz.realCubeSet n) ≃ₜ (Fin n → ↑unitInterval)
Mathoverflow1973.Hurewicz.realCubeHomeomorph_mem_boundary_iff : ∀ (n : ℕ)
  (v : ↑(Mathoverflow1973.Hurewicz.realCubeSet n)),
  (Mathoverflow1973.Hurewicz.realCubeHomeomorph n) v ∈ Cube.boundary (Fin n) ↔
    ↑v ∈ frontier (Mathoverflow1973.Hurewicz.realCubeSet n)
Mathoverflow1973.Hurewicz.realCubeSet : (n : ℕ) → Set (Fin n → ℝ)
Mathoverflow1973.Hurewicz.realCubeSet_mem_frontier_iff : ∀ (n : ℕ) (v : ↑(Mathoverflow1973.Hurewicz.realCubeSet n)),
  ↑v ∈ frontier (Mathoverflow1973.Hurewicz.realCubeSet n) ↔ ∃ i, ↑v i = 0 ∨ ↑v i = 1
@Mathoverflow1973.Hurewicz.right_inverse_is_left_inverse : ∀ {m : ℕ} {X : Type} [inst : TopologicalSpace X]
  (F : C(↑(Mathoverflow1973.Degree.SphereCube.Sphere (m + 2)), X))
  (g : C(X, ↑(Mathoverflow1973.Degree.SphereCube.Sphere (m + 2)))),
  Function.Injective ⇑(Mathoverflow1973.SingularMayerVietoris.singularHomologyMap F (m + 2)) →
    (F.comp g).Homotopic (ContinuousMap.id X) →
      (g.comp F).Homotopic (ContinuousMap.id ↑(Mathoverflow1973.Degree.SphereCube.Sphere (m + 2)))
Mathoverflow1973.Hurewicz.simplexCubeHomeomorph : (n : ℕ) → ↑(Simplex n) ≃ₜ (Fin n → ↑unitInterval)
Mathoverflow1973.Hurewicz.simplexCubeHomeomorph_boundary_iff : ∀ (n : ℕ) (s : ↑(Simplex n)),
  (Mathoverflow1973.Hurewicz.simplexCubeHomeomorph n) s ∈ Cube.boundary (Fin n) ↔
    s ∈ Mathoverflow1973.SecondHurewicz.SimplyConnected.simplexBoundary n
Mathoverflow1973.Hurewicz.simplexCubeHomeomorph_symm_boundary_iff : ∀ (n : ℕ) (u : Fin n → ↑unitInterval),
  (Mathoverflow1973.Hurewicz.simplexCubeHomeomorph n).symm u ∈
      Mathoverflow1973.SecondHurewicz.SimplyConnected.simplexBoundary n ↔
    u ∈ Cube.boundary (Fin n)
@Mathoverflow1973.Hurewicz.simplexEndpoint_boundary : ∀ {X : Type} [inst : TopologicalSpace X] {n : ℕ}
  (H : SingularSimplex X n → C(↑unitInterval × ↑(Simplex n), X))
  (H' : SingularSimplex X (n + 1) → C(↑unitInterval × ↑(Simplex (n + 1)), X)),
  Mathoverflow1973.SecondHurewicz.SimplyConnected.FaceCompatibleHomotopies n H H' →
    ∀ (x : X),
      (∀ (smp : SingularSimplex X n),
          Mathoverflow1973.SecondHurewicz.SimplyConnected.timeSlice (H smp) 1 = ContinuousMap.const (↑(Simplex n)) x) →
        ∀ (smp : SingularSimplex X (n + 1)),
          ∀ s ∈ Mathoverflow1973.SecondHurewicz.SimplyConnected.simplexBoundary (n + 1),
            (Mathoverflow1973.SecondHurewicz.SimplyConnected.timeSlice (H' smp) 1) s = x
@Mathoverflow1973.Hurewicz.simplexEndpoint_face_constant : ∀ {X : Type} [inst : TopologicalSpace X] {n : ℕ}
  (H : SingularSimplex X n → C(↑unitInterval × ↑(Simplex n), X))
  (H' : SingularSimplex X (n + 1) → C(↑unitInterval × ↑(Simplex (n + 1)), X)),
  Mathoverflow1973.SecondHurewicz.SimplyConnected.FaceCompatibleHomotopies n H H' →
    ∀ (x : X),
      (∀ (smp : SingularSimplex X n),
          Mathoverflow1973.SecondHurewicz.SimplyConnected.timeSlice (H smp) 1 = ContinuousMap.const (↑(Simplex n)) x) →
        ∀ (smp : SingularSimplex X (n + 1)) (i : Fin (n + 2)),
          (Mathoverflow1973.SecondHurewicz.SimplyConnected.timeSlice (H' smp) 1).comp (simplexFace n i) =
            ContinuousMap.const (↑(Simplex n)) x
Mathoverflow1973.Hurewicz.simplexFlat : (n : ℕ) → ↑(Simplex n) → ↑(Mathoverflow1973.Hurewicz.flatSimplexSet n)
Mathoverflow1973.Hurewicz.simplexFlatHomeomorph : (n : ℕ) →
  ↑(Simplex n) ≃ₜ ↑(Mathoverflow1973.Hurewicz.flatSimplexSet n)
Mathoverflow1973.Hurewicz.simplexFlatHomeomorph_mem_frontier_iff : ∀ (n : ℕ) (s : ↑(Simplex n)),
  ↑((Mathoverflow1973.Hurewicz.simplexFlatHomeomorph n) s) ∈ frontier (Mathoverflow1973.Hurewicz.flatSimplexSet n) ↔
    s ∈ Mathoverflow1973.SecondHurewicz.SimplyConnected.simplexBoundary n
Mathoverflow1973.Hurewicz.simplexFlatHomeomorph_mem_interior_iff : ∀ (n : ℕ) (s : ↑(Simplex n)),
  ↑((Mathoverflow1973.Hurewicz.simplexFlatHomeomorph n) s) ∈ interior (Mathoverflow1973.Hurewicz.flatSimplexSet n) ↔
    ∀ (i : Fin (n + 1)), 0 < s i
Mathoverflow1973.Hurewicz.simplexFlat_flatSimplex : ∀ (n : ℕ) (v : ↑(Mathoverflow1973.Hurewicz.flatSimplexSet n)),
  Mathoverflow1973.Hurewicz.simplexFlat n (Mathoverflow1973.Hurewicz.flatSimplex n v) = v
@Mathoverflow1973.Hurewicz.simplexNullHomotopy : {n : ℕ} →
  {X : Type} →
    [inst : TopologicalSpace X] →
      {x : X} →
        [Subsingleton (HomotopyGroup.Pi n X x)] →
          (τ : Mathoverflow1973.Hurewicz.BasedSimplex n x) →
            (↑τ).HomotopyRel (ContinuousMap.const (↑(Simplex n)) x)
              (Mathoverflow1973.SecondHurewicz.SimplyConnected.simplexBoundary n)
@Mathoverflow1973.Hurewicz.simplexNullHomotopyUnnormalized : {n : ℕ} →
  {X : Type} →
    [inst : TopologicalSpace X] →
      {x : X} →
        [Subsingleton (HomotopyGroup.Pi n X x)] →
          (τ : Mathoverflow1973.Hurewicz.BasedSimplex n x) →
            (↑τ).HomotopyRel (ContinuousMap.const (↑(Simplex n)) x)
              (Mathoverflow1973.SecondHurewicz.SimplyConnected.simplexBoundary n)
@Mathoverflow1973.Hurewicz.simplexNullHomotopy_constant : ∀ {X : Type} [inst : TopologicalSpace X] (n : ℕ) (x : X)
  [inst_1 : Subsingleton (HomotopyGroup.Pi n X x)],
  Mathoverflow1973.Hurewicz.simplexNullHomotopy (Mathoverflow1973.Hurewicz.constantBasedSimplex n x) =
    ContinuousMap.HomotopyRel.refl (ContinuousMap.const (↑(Simplex n)) x)
      (Mathoverflow1973.SecondHurewicz.SimplyConnected.simplexBoundary n)
@Mathoverflow1973.Hurewicz.simplexNullHomotopy_constant_toContinuousMap : ∀ {X : Type} [inst : TopologicalSpace X]
  (n : ℕ) (x : X) [inst_1 : Subsingleton (HomotopyGroup.Pi n X x)],
  (Mathoverflow1973.Hurewicz.simplexNullHomotopy (Mathoverflow1973.Hurewicz.constantBasedSimplex n x)).toContinuousMap =
    ContinuousMap.const (↑unitInterval × ↑(Simplex n)) x
@Mathoverflow1973.Hurewicz.simplexNullHomotopy_one : ∀ {n : ℕ} {X : Type} [inst : TopologicalSpace X] {x : X}
  [inst_1 : Subsingleton (HomotopyGroup.Pi n X x)] (τ : Mathoverflow1973.Hurewicz.BasedSimplex n x) (s : ↑(Simplex n)),
  (Mathoverflow1973.Hurewicz.simplexNullHomotopy τ) (1, s) = x
@Mathoverflow1973.Hurewicz.simplexNullHomotopy_zero : ∀ {n : ℕ} {X : Type} [inst : TopologicalSpace X] {x : X}
  [inst_1 : Subsingleton (HomotopyGroup.Pi n X x)] (τ : Mathoverflow1973.Hurewicz.BasedSimplex n x) (s : ↑(Simplex n)),
  (Mathoverflow1973.Hurewicz.simplexNullHomotopy τ) (0, s) = ↑τ s
@Mathoverflow1973.Hurewicz.simplexStraighteningHomotopy : {X : Type} →
  [inst : TopologicalSpace X] →
    (n : ℕ) →
      (x : X) → [Subsingleton (HomotopyGroup.Pi n X x)] → SingularSimplex X n → C(↑unitInterval × ↑(Simplex n), X)
@Mathoverflow1973.Hurewicz.simplexStraighteningHomotopy_boundary : ∀ {X : Type} [inst : TopologicalSpace X] (n : ℕ)
  (x : X) [inst_1 : Subsingleton (HomotopyGroup.Pi n X x)] (smp : SingularSimplex X n) (r : ↑unitInterval),
  ∀ s ∈ Mathoverflow1973.SecondHurewicz.SimplyConnected.simplexBoundary n,
    (Mathoverflow1973.Hurewicz.simplexStraighteningHomotopy n x smp) (r, s) = smp s
@Mathoverflow1973.Hurewicz.simplexStraighteningHomotopy_const : ∀ {X : Type} [inst : TopologicalSpace X] (n : ℕ) (x : X)
  [inst_1 : Subsingleton (HomotopyGroup.Pi n X x)],
  Mathoverflow1973.Hurewicz.simplexStraighteningHomotopy n x (ContinuousMap.const (↑(Simplex n)) x) =
    ContinuousMap.const (↑unitInterval × ↑(Simplex n)) x
@Mathoverflow1973.Hurewicz.simplexStraighteningHomotopy_face : ∀ {X : Type} [inst : TopologicalSpace X] (n : ℕ) (x : X)
  [inst_1 : Subsingleton (HomotopyGroup.Pi (n + 1) X x)],
  Mathoverflow1973.SecondHurewicz.SimplyConnected.FaceCompatibleHomotopies n
    (Mathoverflow1973.SecondHurewicz.SimplyConnected.stationarySimplexHomotopy n)
    (Mathoverflow1973.Hurewicz.simplexStraighteningHomotopy (n + 1) x)
@Mathoverflow1973.Hurewicz.simplexStraighteningHomotopy_one : ∀ {X : Type} [inst : TopologicalSpace X] (n : ℕ) (x : X)
  [inst_1 : Subsingleton (HomotopyGroup.Pi n X x)] (smp : SingularSimplex X n),
  (∀ s ∈ Mathoverflow1973.SecondHurewicz.SimplyConnected.simplexBoundary n, smp s = x) →
    ∀ (s : ↑(Simplex n)), (Mathoverflow1973.Hurewicz.simplexStraighteningHomotopy n x smp) (1, s) = x
@Mathoverflow1973.Hurewicz.simplexStraighteningHomotopy_zero : ∀ {X : Type} [inst : TopologicalSpace X] (n : ℕ) (x : X)
  [inst_1 : Subsingleton (HomotopyGroup.Pi n X x)] (smp : SingularSimplex X n) (s : ↑(Simplex n)),
  (Mathoverflow1973.Hurewicz.simplexStraighteningHomotopy n x smp) (0, s) = smp s
@Mathoverflow1973.Hurewicz.simplex_coordinate_zero_of_tail_eq : ∀ {n : ℕ} (s : ↑(Simplex n)) {i j : Fin n},
  i < j → ((∑ k, if ↑i < ↑k then s k else 0) = ∑ k, if ↑j < ↑k then s k else 0) → s i.succ = 0
@Mathoverflow1973.Hurewicz.singularHomologyDesc : {X : Type} →
  [inst : TopologicalSpace X] →
    {M : Type u_1} →
      [inst_1 : AddCommGroup M] →
        [inst_2 : Module ℤ M] →
          (n : ℕ) →
            (F : ↑(Chains X n) →ₗ[ℤ] M) →
              (∀ (b : ↑(Chains X (n + 1))), F ((ModuleCat.Hom.hom ((singularComplex X).d (n + 1) n)) b) = 0) →
                ↑(Mathoverflow1973.SingularMayerVietoris.SingularHomology X n) →ₗ[ℤ] M
@Mathoverflow1973.Hurewicz.singularHomologyDesc_cycleClass : ∀ {X : Type} [inst : TopologicalSpace X] {M : Type u_1}
  [inst_1 : AddCommGroup M] [inst_2 : Module ℤ M] (n : ℕ) (F : ↑(Chains X n) →ₗ[ℤ] M)
  (hF : ∀ (b : ↑(Chains X (n + 1))), F ((ModuleCat.Hom.hom ((singularComplex X).d (n + 1) n)) b) = 0)
  (c : ↥(Mathoverflow1973.SingularMayerVietoris.ModuleHomology.Cycle (singularComplex X) n)),
  (Mathoverflow1973.Hurewicz.singularHomologyDesc n F hF)
      ((Mathoverflow1973.SingularMayerVietoris.ModuleHomology.cycleClass (singularComplex X) n) c) =
    F ↑c
@Mathoverflow1973.Hurewicz.sphere_homotopicRel_of_topClass_eq : ∀ {m : ℕ} {X : Type} [inst : TopologicalSpace X]
  [SimplyConnectedSpace X] {x : X},
  (∀ (j : ℕ), 2 ≤ j → j < m + 2 → Subsingleton (HomotopyGroup.Pi j X x)) →
    ∀ (f g : C(↑(Mathoverflow1973.Degree.SphereCube.Sphere (m + 2)), X)),
      f (Mathoverflow1973.Degree.SphereCube.point (m + 2)) = x →
        g (Mathoverflow1973.Degree.SphereCube.point (m + 2)) = x →
          (Mathoverflow1973.SingularMayerVietoris.singularHomologyMap f (m + 2))
                (Mathoverflow1973.Hurewicz.cubeHomologyClass
                  (Mathoverflow1973.Degree.SphereCube.quotientLoop (m + 2))) =
              (Mathoverflow1973.SingularMayerVietoris.singularHomologyMap g (m + 2))
                (Mathoverflow1973.Hurewicz.cubeHomologyClass
                  (Mathoverflow1973.Degree.SphereCube.quotientLoop (m + 2))) →
            f.HomotopicRel g {Mathoverflow1973.Degree.SphereCube.point (m + 2)}
@Mathoverflow1973.Hurewicz.sphere_homotopic_id_of_topClass : ∀ {m : ℕ}
  (g : C(↑(Mathoverflow1973.Degree.SphereCube.Sphere (m + 2)), ↑(Mathoverflow1973.Degree.SphereCube.Sphere (m + 2)))),
  (Mathoverflow1973.SingularMayerVietoris.singularHomologyMap g (m + 2))
        (Mathoverflow1973.Hurewicz.cubeHomologyClass (Mathoverflow1973.Degree.SphereCube.quotientLoop (m + 2))) =
      Mathoverflow1973.Hurewicz.cubeHomologyClass (Mathoverflow1973.Degree.SphereCube.quotientLoop (m + 2)) →
    g.Homotopic (ContinuousMap.id ↑(Mathoverflow1973.Degree.SphereCube.Sphere (m + 2)))
Mathoverflow1973.Hurewicz.sphere_pi_subsingleton_of_lt : ∀ (n k : ℕ),
  2 ≤ k →
    k < n →
      ∀ (x : ↑(Mathoverflow1973.Degree.SphereCube.Sphere n)),
        Subsingleton (HomotopyGroup.Pi k (↑(Mathoverflow1973.Degree.SphereCube.Sphere n)) x)
@Mathoverflow1973.Hurewicz.straightenedCycle : {X : Type} →
  [inst : TopologicalSpace X] →
    (n : ℕ) →
      (H : SingularSimplex X n → C(↑unitInterval × ↑(Simplex n), X)) →
        (H' : SingularSimplex X (n + 1) → C(↑unitInterval × ↑(Simplex (n + 1)), X)) →
          Mathoverflow1973.SecondHurewicz.SimplyConnected.FaceCompatibleHomotopies n H H' →
            ↥(Mathoverflow1973.SingularMayerVietoris.ModuleHomology.Cycle (singularComplex X) (n + 1)) →
              ↥(Mathoverflow1973.SingularMayerVietoris.ModuleHomology.Cycle (singularComplex X) (n + 1))
@Mathoverflow1973.Hurewicz.straightenedCycle_boundary : ∀ {X : Type} [inst : TopologicalSpace X] (n : ℕ)
  (H : SingularSimplex X n → C(↑unitInterval × ↑(Simplex n), X))
  (H' : SingularSimplex X (n + 1) → C(↑unitInterval × ↑(Simplex (n + 1)), X))
  (h : Mathoverflow1973.SecondHurewicz.SimplyConnected.FaceCompatibleHomotopies n H H'),
  (∀ (smp : SingularSimplex X (n + 1)), Mathoverflow1973.SecondHurewicz.SimplyConnected.timeSlice (H' smp) 0 = smp) →
    ∀ (c : ↥(Mathoverflow1973.SingularMayerVietoris.ModuleHomology.Cycle (singularComplex X) (n + 1))),
      (ModuleCat.Hom.hom ((singularComplex X).d (n + 2) (n + 1)))
          ((Mathoverflow1973.SecondHurewicz.SimplyConnected.simplexPrismOperator (n + 1) H') ↑c) =
        ↑(Mathoverflow1973.Hurewicz.straightenedCycle n H H' h c) - ↑c
@Mathoverflow1973.Hurewicz.straightenedCycle_class : ∀ {X : Type} [inst : TopologicalSpace X] (n : ℕ)
  (H : SingularSimplex X n → C(↑unitInterval × ↑(Simplex n), X))
  (H' : SingularSimplex X (n + 1) → C(↑unitInterval × ↑(Simplex (n + 1)), X))
  (h : Mathoverflow1973.SecondHurewicz.SimplyConnected.FaceCompatibleHomotopies n H H'),
  (∀ (smp : SingularSimplex X (n + 1)), Mathoverflow1973.SecondHurewicz.SimplyConnected.timeSlice (H' smp) 0 = smp) →
    ∀ (c : ↥(Mathoverflow1973.SingularMayerVietoris.ModuleHomology.Cycle (singularComplex X) (n + 1))),
      (Mathoverflow1973.SingularMayerVietoris.ModuleHomology.cycleClass (singularComplex X) (n + 1))
          (Mathoverflow1973.Hurewicz.straightenedCycle n H H' h c) =
        (Mathoverflow1973.SingularMayerVietoris.ModuleHomology.cycleClass (singularComplex X) (n + 1)) c
@Mathoverflow1973.Hurewicz.straightenedCycle_val : ∀ {X : Type} [inst : TopologicalSpace X] (n : ℕ)
  (H : SingularSimplex X n → C(↑unitInterval × ↑(Simplex n), X))
  (H' : SingularSimplex X (n + 1) → C(↑unitInterval × ↑(Simplex (n + 1)), X))
  (h : Mathoverflow1973.SecondHurewicz.SimplyConnected.FaceCompatibleHomotopies n H H')
  (c : ↥(Mathoverflow1973.SingularMayerVietoris.ModuleHomology.Cycle (singularComplex X) (n + 1))),
  ↑(Mathoverflow1973.Hurewicz.straightenedCycle n H H' h c) =
    (Mathoverflow1973.SecondHurewicz.SimplyConnected.simplexEndpointOperator (n + 1) H' 1) ↑c
@Mathoverflow1973.Hurewicz.topNormalization : {X : Type} →
  [inst : TopologicalSpace X] →
    [SimplyConnectedSpace X] →
      (x : X) →
        (n : ℕ) →
          2 ≤ n →
            (∀ (j : ℕ), 2 ≤ j → j < n → Subsingleton (HomotopyGroup.Pi j X x)) →
              SingularSimplex X (n + 1) → C(↑unitInterval × ↑(Simplex (n + 1)), X)
@Mathoverflow1973.Hurewicz.topNormalization_endpoint : ∀ {X : Type} [inst : TopologicalSpace X]
  [inst_1 : SimplyConnectedSpace X] (x : X) {m : ℕ} [inst_2 : Subsingleton (HomotopyGroup.Pi (m + 2) X x)]
  (hn : 2 ≤ m + 3) (hpi : ∀ (j : ℕ), 2 ≤ j → j < m + 3 → Subsingleton (HomotopyGroup.Pi j X x))
  (σ : SingularSimplex X (m + 4)),
  Mathoverflow1973.SecondHurewicz.SimplyConnected.timeSlice
      (Mathoverflow1973.Hurewicz.topNormalization x (m + 3) hn hpi σ) 1 =
    Mathoverflow1973.SecondHurewicz.SimplyConnected.timeSlice
      (Mathoverflow1973.SecondHurewicz.SimplyConnected.extendCoherentSimplexHomotopy
        (Mathoverflow1973.Hurewicz.simplexStraighteningHomotopy (m + 2) x)
        (Mathoverflow1973.Hurewicz.topStorey x (m + 1)) ⋯ ⋯
        (Mathoverflow1973.SecondHurewicz.SimplyConnected.timeSlice
          (Mathoverflow1973.SecondHurewicz.SimplyConnected.extendCoherentSimplexHomotopy
            (Mathoverflow1973.Hurewicz.towerBelow x hn hpi).aug (Mathoverflow1973.Hurewicz.towerBelow x hn hpi).nxt ⋯ ⋯
            σ)
          1))
      1
@Mathoverflow1973.Hurewicz.topNormalization_endpoint_face : ∀ {X : Type} [inst : TopologicalSpace X]
  [inst_1 : SimplyConnectedSpace X] (x : X) {m : ℕ} [inst_2 : Subsingleton (HomotopyGroup.Pi (m + 2) X x)]
  (hn : 2 ≤ m + 3) (hpi : ∀ (j : ℕ), 2 ≤ j → j < m + 3 → Subsingleton (HomotopyGroup.Pi j X x))
  (σ : SingularSimplex X (m + 4)) (i : Fin (m + 5)),
  (Mathoverflow1973.SecondHurewicz.SimplyConnected.timeSlice
          (Mathoverflow1973.Hurewicz.topNormalization x (m + 3) hn hpi σ) 1).comp
      (simplexFace (m + 3) i) =
    Mathoverflow1973.SecondHurewicz.SimplyConnected.timeSlice
      (Mathoverflow1973.Hurewicz.topStorey x (m + 1)
        (Mathoverflow1973.SecondHurewicz.SimplyConnected.timeSlice
          (Mathoverflow1973.Hurewicz.normalizationHomotopy x (m + 3) hpi (ContinuousMap.comp σ (simplexFace (m + 3) i)))
          1))
      1
@Mathoverflow1973.Hurewicz.topNormalization_zero : ∀ {X : Type} [inst : TopologicalSpace X]
  [inst_1 : SimplyConnectedSpace X] (x : X) (n : ℕ) (hn : 2 ≤ n)
  (hpi : ∀ (j : ℕ), 2 ≤ j → j < n → Subsingleton (HomotopyGroup.Pi j X x)) (smp : SingularSimplex X (n + 1))
  (s : ↑(Simplex (n + 1))), (Mathoverflow1973.Hurewicz.topNormalization x n hn hpi smp) (0, s) = smp s
@Mathoverflow1973.Hurewicz.topStorey : {X : Type} →
  [inst : TopologicalSpace X] →
    (x : X) →
      (n : ℕ) →
        [Subsingleton (HomotopyGroup.Pi (n + 1) X x)] →
          SingularSimplex X (n + 2) → C(↑unitInterval × ↑(Simplex (n + 2)), X)
@Mathoverflow1973.Hurewicz.topStorey_face : ∀ {X : Type} [inst : TopologicalSpace X] (x : X) (n : ℕ)
  [inst_1 : Subsingleton (HomotopyGroup.Pi (n + 1) X x)],
  Mathoverflow1973.SecondHurewicz.SimplyConnected.FaceCompatibleHomotopies (n + 1)
    (Mathoverflow1973.Hurewicz.simplexStraighteningHomotopy (n + 1) x) (Mathoverflow1973.Hurewicz.topStorey x n)
@Mathoverflow1973.Hurewicz.topStorey_relBoundary : ∀ {X : Type} [inst : TopologicalSpace X] {x : X} {m : ℕ}
  [inst_1 : Subsingleton (HomotopyGroup.Pi (m + 2) X x)]
  (τ : Mathoverflow1973.Hurewicz.SimplexGeometry.BasedSimplex (m + 3) x) (r : ↑unitInterval),
  ∀ s ∈ Mathoverflow1973.SecondHurewicz.SimplyConnected.simplexBoundary (m + 3),
    (Mathoverflow1973.Hurewicz.topStorey x (m + 1) ↑τ) (r, s) = ↑τ s
@Mathoverflow1973.Hurewicz.topStorey_zero : ∀ {X : Type} [inst : TopologicalSpace X] (x : X) (n : ℕ)
  [inst_1 : Subsingleton (HomotopyGroup.Pi (n + 1) X x)] (smp : SingularSimplex X (n + 2)) (s : ↑(Simplex (n + 2))),
  (Mathoverflow1973.Hurewicz.topStorey x n smp) (0, s) = smp s
@Mathoverflow1973.Hurewicz.towerBelow : {X : Type} →
  [inst : TopologicalSpace X] →
    [SimplyConnectedSpace X] →
      (x : X) →
        {n : ℕ} →
          2 ≤ n →
            (∀ (j : ℕ), 2 ≤ j → j < n → Subsingleton (HomotopyGroup.Pi j X x)) →
              Mathoverflow1973.Hurewicz.NormalizationState x (n - 1)
@Mathoverflow1973.Hurewicz.towerBelow_nxt_eq : ∀ {X : Type} [inst : TopologicalSpace X]
  [inst_1 : SimplyConnectedSpace X] (x : X) {m : ℕ} (hn : 2 ≤ m + 3)
  (hpi : ∀ (j : ℕ), 2 ≤ j → j < m + 3 → Subsingleton (HomotopyGroup.Pi j X x)),
  (Mathoverflow1973.Hurewicz.towerBelow x hn hpi).nxt = Mathoverflow1973.Hurewicz.normalizationHomotopy x (m + 3) hpi
@Mathoverflow1973.Hurewicz.transAt_comp_cubeScaleLeft : ∀ {n : ℕ} [inst : DecidableEq (Fin n)] {X : Type}
  [inst_1 : TopologicalSpace X] {x : X} (i : Fin n) (p q : ↑(GenLoop (Fin n) X x)),
  (↑(GenLoop.transAt i p q)).comp (Mathoverflow1973.Hurewicz.cubeScaleLeft i) = ↑p
@Mathoverflow1973.Hurewicz.transAt_comp_cubeScaleRight : ∀ {n : ℕ} [inst : DecidableEq (Fin n)] {X : Type}
  [inst_1 : TopologicalSpace X] {x : X} (i : Fin n) (p q : ↑(GenLoop (Fin n) X x)),
  (↑(GenLoop.transAt i p q)).comp (Mathoverflow1973.Hurewicz.cubeScaleRight i) = ↑q
@Mathoverflow1973.Hurewicz.transAt_cubeCoordinates_of_mem_boundary : ∀ {n : ℕ} {X : Type} [inst : TopologicalSpace X]
  {x : X} (p q : ↑(GenLoop (Fin (n + 2)) X x)) (s : ↑unitInterval) {u : Fin (n + 1) → ↑unitInterval},
  u ∈ Cube.boundary (Fin (n + 1)) →
    ↑(GenLoop.transAt 0 p q) ((Mathoverflow1973.Hurewicz.cubeCoordinates (n + 1)) (s, u)) = x
Mathoverflow1973.Hurewicz.upperSquareTriangle_eq_cubeSimplex_swap : Mathoverflow1973.SecondHurewicz.SimplyConnected.upperSquareTriangle =
  Mathoverflow1973.Hurewicz.CubeTriangulation.cubeSimplex (Equiv.swap 0 1)
@Mathoverflow1973.Hurewicz.vertexEdgeHomotopy : {X : Type} →
  [inst : TopologicalSpace X] →
    [SimplyConnectedSpace X] → X → (k : ℕ) → SingularSimplex X k → C(↑unitInterval × ↑(Simplex k), X)
@Mathoverflow1973.Hurewicz.vertexEdgeHomotopy_const : ∀ {X : Type} [inst : TopologicalSpace X]
  [inst_1 : SimplyConnectedSpace X] (x : X) (k : ℕ),
  Mathoverflow1973.Hurewicz.vertexEdgeHomotopy x k (ContinuousMap.const (↑(Simplex k)) x) =
    ContinuousMap.const (↑unitInterval × ↑(Simplex k)) x
@Mathoverflow1973.Hurewicz.vertexEdgeHomotopy_endpoint_boundary : ∀ {X : Type} [inst : TopologicalSpace X]
  [inst_1 : SimplyConnectedSpace X] (x : X) (k : ℕ),
  (∀ (smp : SingularSimplex X k),
      Mathoverflow1973.SecondHurewicz.SimplyConnected.timeSlice (Mathoverflow1973.Hurewicz.vertexEdgeHomotopy x k smp)
          1 =
        ContinuousMap.const (↑(Simplex k)) x) →
    ∀ (smp : SingularSimplex X (k + 1)),
      ∀ s ∈ Mathoverflow1973.SecondHurewicz.SimplyConnected.simplexBoundary (k + 1),
        (Mathoverflow1973.SecondHurewicz.SimplyConnected.timeSlice
              (Mathoverflow1973.Hurewicz.vertexEdgeHomotopy x (k + 1) smp) 1)
            s =
          x
@Mathoverflow1973.Hurewicz.vertexEdgeHomotopy_face : ∀ {X : Type} [inst : TopologicalSpace X]
  [inst_1 : SimplyConnectedSpace X] (x : X) (k : ℕ),
  Mathoverflow1973.SecondHurewicz.SimplyConnected.FaceCompatibleHomotopies k
    (Mathoverflow1973.Hurewicz.vertexEdgeHomotopy x k) (Mathoverflow1973.Hurewicz.vertexEdgeHomotopy x (k + 1))
@Mathoverflow1973.Hurewicz.vertexEdgeHomotopy_one_endpoint : ∀ {X : Type} [inst : TopologicalSpace X]
  [inst_1 : SimplyConnectedSpace X] (x : X) (smp : SingularSimplex X 1),
  Mathoverflow1973.SecondHurewicz.SimplyConnected.timeSlice (Mathoverflow1973.Hurewicz.vertexEdgeHomotopy x 1 smp) 1 =
    ContinuousMap.const (↑(Simplex 1)) x
@Mathoverflow1973.Hurewicz.vertexEdgeHomotopy_two_endpoint_boundary : ∀ {X : Type} [inst : TopologicalSpace X]
  [inst_1 : SimplyConnectedSpace X] (x : X) (smp : SingularSimplex X 2),
  ∀ s ∈ Mathoverflow1973.SecondHurewicz.SimplyConnected.simplexBoundary 2,
    (Mathoverflow1973.SecondHurewicz.SimplyConnected.timeSlice (Mathoverflow1973.Hurewicz.vertexEdgeHomotopy x 2 smp) 1)
        s =
      x
@Mathoverflow1973.Hurewicz.vertexEdgeHomotopy_zero : ∀ {X : Type} [inst : TopologicalSpace X]
  [inst_1 : SimplyConnectedSpace X] (x : X) (k : ℕ) (smp : SingularSimplex X k) (s : ↑(Simplex k)),
  (Mathoverflow1973.Hurewicz.vertexEdgeHomotopy x k smp) (0, s) = smp s
@Mathoverflow1973.SingularChains.simplexFace_comp : ∀ {n : ℕ} {i j : Fin (n + 2)},
  i ≤ j → (simplexFace (n + 1) j.succ).comp (simplexFace n i) = (simplexFace (n + 1) i.castSucc).comp (simplexFace n j)
@Mathoverflow1973.SingularChains.singularSimplex_face_face : ∀ {X : Type u_1} [inst : TopologicalSpace X] {n : ℕ}
  (σ : C(↑(Simplex (n + 2)), X)) {i j : Fin (n + 2)},
  i ≤ j →
    (σ.comp (simplexFace (n + 1) j.succ)).comp (simplexFace n i) =
      (σ.comp (simplexFace (n + 1) i.castSucc)).comp (simplexFace n j)
@Mathoverflow1973.SecondHurewicz.SimplyConnected.hurewiczLinearEquiv : {X : Type} →
  [inst : TopologicalSpace X] →
    [SimplyConnectedSpace X] →
      (x : X) → Additive (HomotopyGroup.Pi 2 X x) ≃ₗ[ℤ] ↑(Mathoverflow1973.SingularMayerVietoris.SingularHomology X 2)
Mathoverflow1973.Hurewicz.CubeSphere.CubeInteriorN : ℕ → Type
Mathoverflow1973.Hurewicz.CubeSphere.OpenUnitInterval : Set ℝ
Mathoverflow1973.Hurewicz.CubeSphere.cubeBoundary_eq_iUnion : ∀ (n : ℕ),
  Cube.boundary (Fin n) = ⋃ i, {u | u i = 0} ∪ {u | u i = 1}
Mathoverflow1973.Hurewicz.CubeSphere.cubeInteriorCoordinates : (n : ℕ) →
  Mathoverflow1973.Hurewicz.CubeSphere.CubeInteriorN n ≃ₜ
    (Fin n → ↑Mathoverflow1973.Hurewicz.CubeSphere.OpenUnitInterval)
Mathoverflow1973.Hurewicz.CubeSphere.cubeInteriorEuclideanHomeomorph : (n : ℕ) →
  Mathoverflow1973.Hurewicz.CubeSphere.CubeInteriorN n ≃ₜ EuclideanSpace ℝ (Fin n)
Mathoverflow1973.Hurewicz.CubeSphere.isClosed_cubeBoundaryN : ∀ (n : ℕ), IsClosed (Cube.boundary (Fin n))
@Mathoverflow1973.Hurewicz.CubeSphere.not_mem_cubeBoundary_iff : ∀ {n : ℕ} (u : Fin n → ↑unitInterval),
  u ∉ Cube.boundary (Fin n) ↔ ∀ (i : Fin n), 0 < ↑(u i) ∧ ↑(u i) < 1
Mathoverflow1973.Hurewicz.CubeSphere.openUnitIntervalAffineOrderIso : ↑Mathoverflow1973.Hurewicz.CubeSphere.OpenUnitInterval ≃o
  ↑(Set.Ioo (-1) 1)
Mathoverflow1973.Hurewicz.CubeSphere.openUnitIntervalHomeomorph : ↑Mathoverflow1973.Hurewicz.CubeSphere.OpenUnitInterval ≃ₜ
  ℝ
@Mathoverflow1973.Hurewicz.coherentFaceBoundaryHomotopy_const : ∀ {X : Type} [inst : TopologicalSpace X] {n : ℕ}
  (H : SingularSimplex X n → C(↑unitInterval × ↑(Simplex n), X))
  (H' : SingularSimplex X (n + 1) → C(↑unitInterval × ↑(Simplex (n + 1)), X))
  (h : Mathoverflow1973.SecondHurewicz.SimplyConnected.FaceCompatibleHomotopies n H H') (x : X),
  H' (ContinuousMap.const (↑(Simplex (n + 1))) x) = ContinuousMap.const (↑unitInterval × ↑(Simplex (n + 1))) x →
    Mathoverflow1973.SecondHurewicz.SimplyConnected.coherentFaceBoundaryHomotopy H H' h
        (ContinuousMap.const (↑(Simplex (n + 2))) x) =
      ContinuousMap.const (↑unitInterval × Mathoverflow1973.SecondHurewicz.SimplyConnected.SimplexBoundary (n + 2)) x
@Mathoverflow1973.Hurewicz.composeSimplexHomotopies : {X : Type} →
  [inst : TopologicalSpace X] →
    {n : ℕ} →
      (H G : SingularSimplex X n → C(↑unitInterval × ↑(Simplex n), X)) →
        (∀ (smp : SingularSimplex X n) (s : ↑(Simplex n)), (H smp) (0, s) = smp s) →
          (∀ (smp : SingularSimplex X n) (s : ↑(Simplex n)), (G smp) (0, s) = smp s) →
            SingularSimplex X n → C(↑unitInterval × ↑(Simplex n), X)
@Mathoverflow1973.Hurewicz.composeSimplexHomotopies_const : ∀ {X : Type} [inst : TopologicalSpace X] {n : ℕ}
  (H G : SingularSimplex X n → C(↑unitInterval × ↑(Simplex n), X))
  (hH₀ : ∀ (smp : SingularSimplex X n) (s : ↑(Simplex n)), (H smp) (0, s) = smp s)
  (hG₀ : ∀ (smp : SingularSimplex X n) (s : ↑(Simplex n)), (G smp) (0, s) = smp s) (x : X),
  H (ContinuousMap.const (↑(Simplex n)) x) = ContinuousMap.const (↑unitInterval × ↑(Simplex n)) x →
    G (ContinuousMap.const (↑(Simplex n)) x) = ContinuousMap.const (↑unitInterval × ↑(Simplex n)) x →
      Mathoverflow1973.Hurewicz.composeSimplexHomotopies H G hH₀ hG₀ (ContinuousMap.const (↑(Simplex n)) x) =
        ContinuousMap.const (↑unitInterval × ↑(Simplex n)) x
@Mathoverflow1973.Hurewicz.composeSimplexHomotopies_face : ∀ {X : Type} [inst : TopologicalSpace X] {n : ℕ}
  (H G : SingularSimplex X n → C(↑unitInterval × ↑(Simplex n), X))
  (H' G' : SingularSimplex X (n + 1) → C(↑unitInterval × ↑(Simplex (n + 1)), X))
  (hH₀ : ∀ (smp : SingularSimplex X n) (s : ↑(Simplex n)), (H smp) (0, s) = smp s)
  (hG₀ : ∀ (smp : SingularSimplex X n) (s : ↑(Simplex n)), (G smp) (0, s) = smp s)
  (hH'₀ : ∀ (smp : SingularSimplex X (n + 1)) (s : ↑(Simplex (n + 1))), (H' smp) (0, s) = smp s)
  (hG'₀ : ∀ (smp : SingularSimplex X (n + 1)) (s : ↑(Simplex (n + 1))), (G' smp) (0, s) = smp s),
  Mathoverflow1973.SecondHurewicz.SimplyConnected.FaceCompatibleHomotopies n H H' →
    Mathoverflow1973.SecondHurewicz.SimplyConnected.FaceCompatibleHomotopies n G G' →
      Mathoverflow1973.SecondHurewicz.SimplyConnected.FaceCompatibleHomotopies n
        (Mathoverflow1973.Hurewicz.composeSimplexHomotopies H G hH₀ hG₀)
        (Mathoverflow1973.Hurewicz.composeSimplexHomotopies H' G' hH'₀ hG'₀)
@Mathoverflow1973.Hurewicz.composeSimplexHomotopies_one : ∀ {X : Type} [inst : TopologicalSpace X] {n : ℕ}
  (H G : SingularSimplex X n → C(↑unitInterval × ↑(Simplex n), X))
  (hH₀ : ∀ (smp : SingularSimplex X n) (s : ↑(Simplex n)), (H smp) (0, s) = smp s)
  (hG₀ : ∀ (smp : SingularSimplex X n) (s : ↑(Simplex n)), (G smp) (0, s) = smp s) (smp : SingularSimplex X n)
  (s : ↑(Simplex n)),
  (Mathoverflow1973.Hurewicz.composeSimplexHomotopies H G hH₀ hG₀ smp) (1, s) =
    (G (Mathoverflow1973.SecondHurewicz.SimplyConnected.timeSlice (H smp) 1)) (1, s)
@Mathoverflow1973.Hurewicz.composeSimplexHomotopies_zero : ∀ {X : Type} [inst : TopologicalSpace X] {n : ℕ}
  (H G : SingularSimplex X n → C(↑unitInterval × ↑(Simplex n), X))
  (hH₀ : ∀ (smp : SingularSimplex X n) (s : ↑(Simplex n)), (H smp) (0, s) = smp s)
  (hG₀ : ∀ (smp : SingularSimplex X n) (s : ↑(Simplex n)), (G smp) (0, s) = smp s) (smp : SingularSimplex X n)
  (s : ↑(Simplex n)), (Mathoverflow1973.Hurewicz.composeSimplexHomotopies H G hH₀ hG₀ smp) (0, s) = smp s
@Mathoverflow1973.Hurewicz.cylinderHomotopy : {A X : Type} →
  [inst : TopologicalSpace A] →
    [inst_1 : TopologicalSpace X] →
      (H : C(↑unitInterval × A, X)) →
        (Mathoverflow1973.SecondHurewicz.SimplyConnected.timeSlice H 0).Homotopy
          (Mathoverflow1973.SecondHurewicz.SimplyConnected.timeSlice H 1)
@Mathoverflow1973.Hurewicz.extendCoherentSimplexHomotopy_const : ∀ {X : Type} [inst : TopologicalSpace X] {n : ℕ}
  (H : SingularSimplex X n → C(↑unitInterval × ↑(Simplex n), X))
  (H' : SingularSimplex X (n + 1) → C(↑unitInterval × ↑(Simplex (n + 1)), X))
  (h : Mathoverflow1973.SecondHurewicz.SimplyConnected.FaceCompatibleHomotopies n H H')
  (h₀ : ∀ (smp : SingularSimplex X (n + 1)) (s : ↑(Simplex (n + 1))), (H' smp) (0, s) = smp s) (x : X),
  H' (ContinuousMap.const (↑(Simplex (n + 1))) x) = ContinuousMap.const (↑unitInterval × ↑(Simplex (n + 1))) x →
    Mathoverflow1973.SecondHurewicz.SimplyConnected.extendCoherentSimplexHomotopy H H' h h₀
        (ContinuousMap.const (↑(Simplex (n + 2))) x) =
      ContinuousMap.const (↑unitInterval × ↑(Simplex (n + 2))) x
@Mathoverflow1973.Hurewicz.gluedBoundaryMap_constant_value : ∀ {X : Type} [inst : TopologicalSpace X] {n : ℕ}
  (f : C(↑(Simplex n), X)) (g : C(↑unitInterval × Mathoverflow1973.SecondHurewicz.SimplyConnected.SimplexBoundary n, X))
  (h₀ : ∀ (s : Mathoverflow1973.SecondHurewicz.SimplyConnected.SimplexBoundary n), g (0, s) = f ↑s) (x : X),
  (∀ (s : ↑(Simplex n)), f s = x) →
    (∀ (u : ↑unitInterval × Mathoverflow1973.SecondHurewicz.SimplyConnected.SimplexBoundary n), g u = x) →
      ∀ (u : ↑(Mathoverflow1973.SecondHurewicz.SimplyConnected.bottomOrSide n)),
        (Mathoverflow1973.SecondHurewicz.SimplyConnected.gluedBoundaryMap f g h₀) u = x
@Mathoverflow1973.Hurewicz.homotopyTrans_compContinuousMap : ∀ {A B X : Type} [inst : TopologicalSpace A]
  [inst_1 : TopologicalSpace B] [inst_2 : TopologicalSpace X] {f₀ f₁ f₂ : C(A, X)} (F : f₀.Homotopy f₁)
  (G : f₁.Homotopy f₂) (f : C(B, A)),
  (F.trans G).comp ((ContinuousMap.id ↑unitInterval).prodMap f) =
    ((F.compContinuousMap f).trans (G.compContinuousMap f)).toContinuousMap
@Mathoverflow1973.Hurewicz.homotopyTrans_congr : ∀ {A X : Type} [inst : TopologicalSpace A]
  [inst_1 : TopologicalSpace X] {f₀ f₁ f₂ g₀ g₁ g₂ : C(A, X)} (F : f₀.Homotopy f₁) (G : f₁.Homotopy f₂)
  (F' : g₀.Homotopy g₁) (G' : g₁.Homotopy g₂),
  F.toContinuousMap = F'.toContinuousMap →
    G.toContinuousMap = G'.toContinuousMap → (F.trans G).toContinuousMap = (F'.trans G').toContinuousMap
@Mathoverflow1973.Hurewicz.homotopyTrans_const : ∀ {A X : Type} [inst : TopologicalSpace A]
  [inst_1 : TopologicalSpace X] {f₀ f₁ f₂ : C(A, X)} (F : f₀.Homotopy f₁) (G : f₁.Homotopy f₂) (x : X),
  F.toContinuousMap = ContinuousMap.const (↑unitInterval × A) x →
    G.toContinuousMap = ContinuousMap.const (↑unitInterval × A) x →
      (F.trans G).toContinuousMap = ContinuousMap.const (↑unitInterval × A) x
@Mathoverflow1973.Hurewicz.simplexFamilyHomotopy : {X : Type} →
  [inst : TopologicalSpace X] →
    {n : ℕ} →
      (H : SingularSimplex X n → C(↑unitInterval × ↑(Simplex n), X)) →
        (∀ (smp : SingularSimplex X n) (s : ↑(Simplex n)), (H smp) (0, s) = smp s) →
          (smp : SingularSimplex X n) →
            ContinuousMap.Homotopy smp (Mathoverflow1973.SecondHurewicz.SimplyConnected.timeSlice (H smp) 1)
@Mathoverflow1973.Hurewicz.timeSlice_composeSimplexHomotopies_one : ∀ {X : Type} [inst : TopologicalSpace X] {n : ℕ}
  (H G : SingularSimplex X n → C(↑unitInterval × ↑(Simplex n), X))
  (hH₀ : ∀ (smp : SingularSimplex X n) (s : ↑(Simplex n)), (H smp) (0, s) = smp s)
  (hG₀ : ∀ (smp : SingularSimplex X n) (s : ↑(Simplex n)), (G smp) (0, s) = smp s) (smp : SingularSimplex X n),
  Mathoverflow1973.SecondHurewicz.SimplyConnected.timeSlice
      (Mathoverflow1973.Hurewicz.composeSimplexHomotopies H G hH₀ hG₀ smp) 1 =
    Mathoverflow1973.SecondHurewicz.SimplyConnected.timeSlice
      (G (Mathoverflow1973.SecondHurewicz.SimplyConnected.timeSlice (H smp) 1)) 1
'Mathoverflow1973.Hurewicz.hurewiczLinearEquiv' depends on axioms: [propext, Classical.choice, Quot.sound]
'Mathoverflow1973.Hurewicz.sphere_homotopic_id_of_topClass' depends on axioms: [propext, Classical.choice, Quot.sound]
END: 1789255072 Sun Sep 13 01:17:52 CEST 2026
EXIT: 0
