CMD: lake env lean C16_OldNamesProbe.lean — #check each of the 597 frozen names from C16-old-names.log
start 05:42:31
Mathoverflow1973.SecondHurewicz.SimplyConnected.normalizedTetrahedron.congr_simp {X : Type} [TopologicalSpace X]
  [SimplyConnectedSpace X] (x : X) (smp smp✝ : SingularSimplex X 3) (e_smp : smp = smp✝) :
  Mathoverflow1973.Hurewicz.DegreeTwo.SimplyConnected.normalizedTetrahedron x smp =
    Mathoverflow1973.Hurewicz.DegreeTwo.SimplyConnected.normalizedTetrahedron x smp✝
Mathoverflow1973.Hurewicz.DegreeTwo.SimplyConnected.straightenedTwoCycle_class {X : Type} [TopologicalSpace X]
  (H₁ : SingularSimplex X 1 → C(↑unitInterval × ↑(Simplex 1), X))
  (H₂ : SingularSimplex X 2 → C(↑unitInterval × ↑(Simplex 2), X))
  (h : Mathoverflow1973.Hurewicz.DegreeTwo.SimplyConnected.FaceCompatibleHomotopies 1 H₁ H₂)
  (h₀ : ∀ (smp : SingularSimplex X 2), Mathoverflow1973.Hurewicz.DegreeTwo.SimplyConnected.timeSlice (H₂ smp) 0 = smp)
  (c : ↥(Mathoverflow1973.SingularMayerVietoris.ModuleHomology.Cycle (singularComplex X) 2)) :
  (Mathoverflow1973.SingularMayerVietoris.ModuleHomology.cycleClass (singularComplex X) 2)
      (Mathoverflow1973.Hurewicz.DegreeTwo.SimplyConnected.straightenedTwoCycle H₁ H₂ h c) =
    (Mathoverflow1973.SingularMayerVietoris.ModuleHomology.cycleClass (singularComplex X) 2) c
Mathoverflow1973.Hurewicz.DegreeTwo.SimplyConnected.cylinderDenominator_ne_zero {n : ℕ}
  (u : ↑unitInterval × ↑(Simplex n)) : Mathoverflow1973.Hurewicz.DegreeTwo.SimplyConnected.cylinderDenominator u ≠ 0
Mathoverflow1973.Hurewicz.DegreeTwo.SimplyConnected.tetrahedronQuadrilateralA_boundary (u : Fin 2 → ↑unitInterval)
  (hu : u ∈ Cube.boundary (Fin 2)) :
  Mathoverflow1973.Hurewicz.DegreeTwo.SimplyConnected.tetrahedronQuadrilateralA u ∈
    Mathoverflow1973.Hurewicz.DegreeTwo.SimplyConnected.tetrahedronOneSkeleton
Mathoverflow1973.Hurewicz.DegreeTwo.SimplyConnected.cyclicTriangleQuotient_blend_boundary (t : ↑unitInterval)
  (u : Fin 2 → ↑unitInterval) (hu : u ∈ Cube.boundary (Fin 2)) :
  Mathoverflow1973.Hurewicz.DegreeTwo.SimplyConnected.tetrahedronSimplexBlend t
      (Mathoverflow1973.Hurewicz.DegreeTwo.SimplyConnected.triangleCyclicPermutation
        (Mathoverflow1973.Hurewicz.DegreeTwo.SimplyConnected.triangleCubeQuotient u))
      (Mathoverflow1973.Hurewicz.DegreeTwo.SimplyConnected.triangleCubeQuotient
        (Mathoverflow1973.Hurewicz.DegreeTwo.SimplyConnected.quarterTurn u)) ∈
    Mathoverflow1973.Hurewicz.DegreeTwo.SimplyConnected.triangleBoundary
Mathoverflow1973.SecondHurewicz.SimplyConnected.subdivisionUpperNegativeMap.eq_1 :
  Mathoverflow1973.Hurewicz.DegreeTwo.SimplyConnected.subdivisionUpperNegativeMap =
    { toFun := fun u => ![min (u 0) (u 1), u 0],
      continuous_toFun := Mathoverflow1973.Hurewicz.DegreeTwo.SimplyConnected.subdivisionUpperNegativeMap._proof_1 }
Mathoverflow1973.Hurewicz.DegreeTwo.SimplyConnected.triangleQuotient_one (z : ↑unitInterval × ↑unitInterval) :
  (Mathoverflow1973.Hurewicz.DegreeTwo.SimplyConnected.triangleQuotient z) 1 = ↑z.1 - min ↑z.1 ↑z.2
Mathoverflow1973.SecondHurewicz.SimplyConnected.upperSquareTriangle.eq_1 :
  Mathoverflow1973.Hurewicz.DegreeTwo.SimplyConnected.upperSquareTriangle =
    Mathoverflow1973.Hurewicz.DegreeTwo.squareCoordinates.comp
      Mathoverflow1973.Hurewicz.DegreeTwo.SimplyConnected.upperProductTriangle
Mathoverflow1973.Hurewicz.DegreeTwo.SimplyConnected.subdivisionWarpCoordinate_zero (u : ↑unitInterval) :
  Mathoverflow1973.Hurewicz.DegreeTwo.SimplyConnected.subdivisionWarpCoordinate (u, 0) = 0
Mathoverflow1973.Hurewicz.DegreeTwo.SimplyConnected.minimumCoordinate_le {n : ℕ} (s : ↑(Simplex n)) (i : Fin (n + 1)) :
  Mathoverflow1973.Hurewicz.DegreeTwo.SimplyConnected.minimumCoordinate s ≤ s i
Mathoverflow1973.Hurewicz.DegreeTwo.squareHomologyClass_transAt {X : Type} [TopologicalSpace X] {x : X}
  (p q : ↑(GenLoop (Fin 2) X x)) :
  Mathoverflow1973.Hurewicz.DegreeTwo.squareHomologyClass (GenLoop.transAt 0 p q) =
    Mathoverflow1973.Hurewicz.DegreeTwo.squareHomologyClass p +
      Mathoverflow1973.Hurewicz.DegreeTwo.squareHomologyClass q
Mathoverflow1973.Hurewicz.DegreeTwo.SimplyConnected.basedTriangleCycle_val {X : Type} [TopologicalSpace X] {x : X}
  (τ : Mathoverflow1973.Hurewicz.DegreeTwo.SimplyConnected.BasedTriangle x) :
  ↑(Mathoverflow1973.Hurewicz.DegreeTwo.SimplyConnected.basedTriangleCycle τ) =
    simplexChain X 2 ↑τ - simplexChain X 2 (ContinuousMap.const (↑(Simplex 2)) x)
Mathoverflow1973.Hurewicz.DegreeTwo.SimplyConnected.normalizedTetrahedronMap_face {X : Type} [TopologicalSpace X]
  [SimplyConnectedSpace X] (x : X) (smp : SingularSimplex X 3) (i : Fin 4) :
  ContinuousMap.comp (Mathoverflow1973.Hurewicz.DegreeTwo.SimplyConnected.normalizedTetrahedronMap x smp)
      (simplexFace 2 i) =
    ↑(Mathoverflow1973.Hurewicz.DegreeTwo.SimplyConnected.normalizedTriangle x
        (ContinuousMap.comp smp (simplexFace 2 i)))
Mathoverflow1973.Hurewicz.DegreeTwo.SimplyConnected.rotationVector (v : ℝ × ℝ) : ℝ × ℝ
Mathoverflow1973.Hurewicz.DegreeTwo.SimplyConnected.tetrahedronSimplexBlend_one {n : ℕ} (a b : ↑(Simplex n)) :
  Mathoverflow1973.Hurewicz.DegreeTwo.SimplyConnected.tetrahedronSimplexBlend 1 a b = b
Mathoverflow1973.Hurewicz.DegreeTwo.SimplyConnected.cylinderRetraction_val_of_mem {n : ℕ}
  {u : ↑unitInterval × ↑(Simplex n)} (hu : u ∈ Mathoverflow1973.Hurewicz.DegreeTwo.SimplyConnected.bottomOrSide n) :
  ↑((Mathoverflow1973.Hurewicz.DegreeTwo.SimplyConnected.cylinderRetraction n) u) = u
Mathoverflow1973.Hurewicz.DegreeTwo.SimplyConnected.hurewiczInverse_comp_hurewiczMap {X : Type} [TopologicalSpace X]
  [SimplyConnectedSpace X] (x : X) :
  Mathoverflow1973.Hurewicz.DegreeTwo.SimplyConnected.hurewiczInverse x ∘ₗ
      Mathoverflow1973.Hurewicz.DegreeTwo.hurewiczMap x =
    LinearMap.id
Mathoverflow1973.Hurewicz.DegreeTwo.SimplyConnected.quarterTurnHomotopyMap_zero (u : Fin 2 → ↑unitInterval) :
  Mathoverflow1973.Hurewicz.DegreeTwo.SimplyConnected.quarterTurnHomotopyMap (0, u) = u
Mathoverflow1973.Hurewicz.DegreeTwo.SimplyConnected.squareTriangles_diagonal {X : Type} [TopologicalSpace X] {x : X}
  (p : ↑(GenLoop (Fin 2) X x)) :
  ((↑p).comp Mathoverflow1973.Hurewicz.DegreeTwo.SimplyConnected.lowerSquareTriangle).comp (simplexFace 1 1) =
    ((↑p).comp Mathoverflow1973.Hurewicz.DegreeTwo.SimplyConnected.upperSquareTriangle).comp (simplexFace 1 1)
Mathoverflow1973.Hurewicz.DegreeTwo.SimplyConnected.simplexFaceInverse (n : ℕ) (i : Fin (n + 2)) :
  C({ s // s i = 0 }, ↑(Simplex n))
Mathoverflow1973.Hurewicz.DegreeTwo.SimplyConnected.triangleEdgeStraighteningHomotopy_one_boundary {X : Type}
  [TopologicalSpace X] [SimplyConnectedSpace X] (x : X) (smp : SingularSimplex X 2)
  (h : Mathoverflow1973.Hurewicz.DegreeTwo.SimplyConnected.VerticesBased x 2 smp) (s : ↑(Simplex 2))
  (hs : s ∈ Mathoverflow1973.Hurewicz.DegreeTwo.SimplyConnected.triangleBoundary) :
  (Mathoverflow1973.Hurewicz.DegreeTwo.SimplyConnected.timeSlice
        (Mathoverflow1973.Hurewicz.DegreeTwo.SimplyConnected.triangleEdgeStraighteningHomotopy x smp) 1)
      s =
    x
Mathoverflow1973.SecondHurewicz.SimplyConnected.normalizedTwoChain.congr_simp {X : Type} [TopologicalSpace X]
  [SimplyConnectedSpace X] (x x✝ : X) (e_x : x = x✝) :
  Mathoverflow1973.Hurewicz.DegreeTwo.SimplyConnected.normalizedTwoChain x =
    Mathoverflow1973.Hurewicz.DegreeTwo.SimplyConnected.normalizedTwoChain x✝
Mathoverflow1973.Hurewicz.DegreeTwo.SimplyConnected.subdivisionUpperProductLoop.{u_1} {X : Type u_1}
  [TopologicalSpace X] {x : X} (p : ↑(GenLoop (Fin 2) X x)) (hd : ∀ (t : ↑unitInterval), p ![t, t] = x) :
  ↑(GenLoop (Fin 2) X x)
Mathoverflow1973.Hurewicz.DegreeTwo.SimplyConnected.vertexNormalizedTwoCycle_class {X : Type} [TopologicalSpace X]
  [SimplyConnectedSpace X] (x : X)
  (c : ↥(Mathoverflow1973.SingularMayerVietoris.ModuleHomology.Cycle (singularComplex X) 2)) :
  (Mathoverflow1973.SingularMayerVietoris.ModuleHomology.cycleClass (singularComplex X) 2)
      (Mathoverflow1973.Hurewicz.DegreeTwo.SimplyConnected.vertexNormalizedTwoCycle x c) =
    (Mathoverflow1973.SingularMayerVietoris.ModuleHomology.cycleClass (singularComplex X) 2) c
Mathoverflow1973.Hurewicz.DegreeTwo.SimplyConnected.simplexFace_range (n : ℕ) (i : Fin (n + 2)) :
  Set.range ⇑(simplexFace n i) = {s | s i = 0}
Mathoverflow1973.SecondHurewicz.SimplyConnected.normalizedTriangleCycleOperator.congr_simp {X : Type}
  [TopologicalSpace X] [SimplyConnectedSpace X] (x x✝ : X) (e_x : x = x✝) :
  Mathoverflow1973.Hurewicz.DegreeTwo.SimplyConnected.normalizedTriangleCycleOperator x =
    Mathoverflow1973.Hurewicz.DegreeTwo.SimplyConnected.normalizedTriangleCycleOperator x✝
Mathoverflow1973.Hurewicz.DegreeTwo.SimplyConnected.normalizedTriangle_boundary_relation {X : Type} [TopologicalSpace X]
  [SimplyConnectedSpace X] (x : X) (smp : SingularSimplex X 3) :
  ∑ i,
      (-1) ^ ↑i •
        Mathoverflow1973.Hurewicz.DegreeTwo.SimplyConnected.basedTriangleClass
          (Mathoverflow1973.Hurewicz.DegreeTwo.SimplyConnected.normalizedTriangle x
            (ContinuousMap.comp smp (simplexFace 2 i))) =
    0
Mathoverflow1973.Hurewicz.DegreeTwo.SimplyConnected.subdivisionUpperConeTriangle_sides
  (u : Mathoverflow1973.Hurewicz.DegreeTwo.SimplyConnected.SubdivisionSquare) (hu : u ∈ Cube.boundary (Fin 2)) :
  Mathoverflow1973.Hurewicz.DegreeTwo.SimplyConnected.SubdivisionSameSide
    (Mathoverflow1973.Hurewicz.DegreeTwo.SimplyConnected.subdivisionUpperConeMap u)
    (Mathoverflow1973.Hurewicz.DegreeTwo.SimplyConnected.subdivisionUpperTriangleMap u)
Mathoverflow1973.Hurewicz.DegreeTwo.SimplyConnected.rotationNormalized_norm_boundary (t : ↑unitInterval)
  (u : Fin 2 → ↑unitInterval) (hu : u ∈ Cube.boundary (Fin 2)) :
  ‖Mathoverflow1973.Hurewicz.DegreeTwo.SimplyConnected.rotationNormalized t u‖ = 1
Mathoverflow1973.Hurewicz.DegreeTwo.SimplyConnected.edgeNullHomotopy_vertex_zero {X : Type} [TopologicalSpace X]
  [SimplyConnectedSpace X] (x : X) (smp : C(↑(Simplex 1), X)) (h₀ : smp (stdSimplex.vertex 0) = x)
  (h₁ : smp (stdSimplex.vertex 1) = x) (t : ↑unitInterval) :
  (Mathoverflow1973.Hurewicz.DegreeTwo.SimplyConnected.edgeNullHomotopy x smp h₀ h₁) (t, stdSimplex.vertex 0) = x
Mathoverflow1973.Hurewicz.DegreeTwo.SimplyConnected.cylinderRetraction_side (n : ℕ) (t : ↑unitInterval)
  (s : Mathoverflow1973.Hurewicz.DegreeTwo.SimplyConnected.SimplexBoundary n) :
  (Mathoverflow1973.Hurewicz.DegreeTwo.SimplyConnected.cylinderRetraction n) (t, ↑s) =
    (Mathoverflow1973.Hurewicz.DegreeTwo.SimplyConnected.sideInclusion n) (t, s)
Mathoverflow1973.SecondHurewicz.SimplyConnected.triangleEdgeStraighteningHomotopy.congr_simp {X : Type}
  [TopologicalSpace X] [SimplyConnectedSpace X] (x x✝ : X) (e_x : x = x✝) (smp smp✝ : SingularSimplex X 2)
  (e_smp : smp = smp✝) :
  Mathoverflow1973.Hurewicz.DegreeTwo.SimplyConnected.triangleEdgeStraighteningHomotopy x smp =
    Mathoverflow1973.Hurewicz.DegreeTwo.SimplyConnected.triangleEdgeStraighteningHomotopy x✝ smp✝
Mathoverflow1973.Hurewicz.DegreeTwo.SimplyConnected.subdivisionUpperNegativeReversedMap :
  C(Mathoverflow1973.Hurewicz.DegreeTwo.SimplyConnected.SubdivisionSquare,
    Mathoverflow1973.Hurewicz.DegreeTwo.SimplyConnected.SubdivisionSquare)
Mathoverflow1973.Hurewicz.DegreeTwo.SimplyConnected.tetrahedronShiftedLowerLoop_eq_face {X : Type} [TopologicalSpace X]
  {x : X} (τ : Mathoverflow1973.Hurewicz.DegreeTwo.SimplyConnected.BasedTetrahedron x) :
  Mathoverflow1973.Hurewicz.DegreeTwo.SimplyConnected.subdivisionLowerTriangleLoop
      (Mathoverflow1973.Hurewicz.DegreeTwo.SimplyConnected.tetrahedronShiftedQuadrilateralLoop τ) ⋯ =
    Mathoverflow1973.Hurewicz.DegreeTwo.SimplyConnected.basedTriangleLoop
      (Mathoverflow1973.Hurewicz.DegreeTwo.SimplyConnected.basedTetrahedronFace τ 0)
Mathoverflow1973.Hurewicz.DegreeTwo.SimplyConnected.triangleCyclicPermutation : C(↑(Simplex 2), ↑(Simplex 2))
Mathoverflow1973.SecondHurewicz.SimplyConnected.chosenBasePath.eq_1 {X : Type} [TopologicalSpace X]
  [SimplyConnectedSpace X] (x y : X) :
  Mathoverflow1973.Hurewicz.DegreeTwo.SimplyConnected.chosenBasePath x y =
    if h : y = x then (Path.refl x).cast h ⋯ else PathConnectedSpace.somePath y x
Mathoverflow1973.Hurewicz.DegreeTwo.SimplyConnected.normalizedTriangleCycleOperator {X : Type} [TopologicalSpace X]
  [SimplyConnectedSpace X] (x : X) :
  ↑(Chains X 2) →ₗ[ℤ] ↥(Mathoverflow1973.SingularMayerVietoris.ModuleHomology.Cycle (singularComplex X) 2)
Mathoverflow1973.Hurewicz.DegreeTwo.SimplyConnected.lowerProductTriangle :
  C(↑(Simplex 2), ↑unitInterval × ↑unitInterval)
Mathoverflow1973.Hurewicz.DegreeTwo.suspensionOne_toLoop {X : Type} [TopologicalSpace X] {x : X}
  (p : ↑(GenLoop (Fin 2) X x)) :
  (Mathoverflow1973.Hurewicz.DegreeTwo.suspensionOne x) (pathChain (GenLoop.toLoop 0 p)) =
    (inducedChain (Mathoverflow1973.Hurewicz.DegreeTwo.squareMap p) 2)
      Mathoverflow1973.Hurewicz.DegreeTwo.productSquareChain
Mathoverflow1973.Hurewicz.DegreeTwo.SimplyConnected.retractedCoordinate_nonneg {n : ℕ}
  (u : ↑unitInterval × ↑(Simplex n)) (i : Fin (n + 1)) :
  0 ≤
    (u.2 i +
        (Mathoverflow1973.Hurewicz.DegreeTwo.SimplyConnected.cylinderDenominator u - 1) *
          Mathoverflow1973.Hurewicz.DegreeTwo.SimplyConnected.barycenterCoordinate n) /
      Mathoverflow1973.Hurewicz.DegreeTwo.SimplyConnected.cylinderDenominator u
Mathoverflow1973.Hurewicz.DegreeTwo.SimplyConnected.rotationUncenter_boundary (v : ℝ × ℝ) (hv : ‖v‖ ≤ 1)
  (he : ‖v‖ = 1) : Mathoverflow1973.Hurewicz.DegreeTwo.SimplyConnected.rotationUncenter v hv ∈ Cube.boundary (Fin 2)
Mathoverflow1973.Hurewicz.DegreeTwo.SimplyConnected.squareUpperNormalization_outerFace {X : Type} [TopologicalSpace X]
  [SimplyConnectedSpace X] {x : X} (p : ↑(GenLoop (Fin 2) X x)) (r : ↑unitInterval) (i : Fin 3) (hi : i ≠ 1)
  (s : ↑(Simplex 1)) :
  (Mathoverflow1973.Hurewicz.DegreeTwo.SimplyConnected.squareUpperNormalizationHomotopy p) (r, (simplexFace 1 i) s) = x
Mathoverflow1973.Hurewicz.DegreeTwo.SimplyConnected.rotationBlend_ne_zero (t : ℝ) {v : ℝ × ℝ} (hv : v ≠ 0) :
  Mathoverflow1973.Hurewicz.DegreeTwo.SimplyConnected.rotationBlend t v ≠ 0
Mathoverflow1973.SecondHurewicz.SimplyConnected.rotationBlend.eq_1 (t : ℝ) (v : ℝ × ℝ) :
  Mathoverflow1973.Hurewicz.DegreeTwo.SimplyConnected.rotationBlend t v =
    ((1 - t) * v.1 + t * v.2, (1 - t) * v.2 - t * v.1)
Mathoverflow1973.Hurewicz.DegreeTwo.SimplyConnected.quarterTurn : C(Fin 2 → ↑unitInterval, Fin 2 → ↑unitInterval)
Mathoverflow1973.Hurewicz.DegreeTwo.pathSquareCycle {X : Type} [TopologicalSpace X] (x : X)
  (p : Path GenLoop.const GenLoop.const) :
  ↥(Mathoverflow1973.SingularMayerVietoris.ModuleHomology.Cycle (singularComplex X) 2)
Mathoverflow1973.Hurewicz.DegreeTwo.SimplyConnected.tetrahedronEdgeStraighteningHomotopy_face {X : Type}
  [TopologicalSpace X] [SimplyConnectedSpace X] (x : X) :
  Mathoverflow1973.Hurewicz.DegreeTwo.SimplyConnected.FaceCompatibleHomotopies 2
    (Mathoverflow1973.Hurewicz.DegreeTwo.SimplyConnected.triangleEdgeStraighteningHomotopy x)
    (Mathoverflow1973.Hurewicz.DegreeTwo.SimplyConnected.tetrahedronEdgeStraighteningHomotopy x)
Mathoverflow1973.Hurewicz.DegreeTwo.SimplyConnected.rotatedSquareLoop_class.{u_1} {X : Type u_1} [TopologicalSpace X]
  {x : X} (p : ↑(GenLoop (Fin 2) X x)) : ⟦Mathoverflow1973.Hurewicz.DegreeTwo.SimplyConnected.rotatedSquareLoop p⟧ = ⟦p⟧
Mathoverflow1973.Hurewicz.DegreeTwo.evaluation_one {X : Type} [TopologicalSpace X] (x : X)
  (p : ↑(Mathoverflow1973.Hurewicz.DegreeTwo.BasedLoopSpace x)) :
  (Mathoverflow1973.Hurewicz.DegreeTwo.evaluation x) (p, 1) = x
Mathoverflow1973.Hurewicz.DegreeTwo.SimplyConnected.glueFaceHomotopies {X : Type} [TopologicalSpace X] {n : ℕ}
  (F : Fin (n + 2) → C(↑unitInterval × ↑(Simplex n), X))
  (hF : Mathoverflow1973.Hurewicz.DegreeTwo.SimplyConnected.FaceCompatible F) :
  C(↑unitInterval × Mathoverflow1973.Hurewicz.DegreeTwo.SimplyConnected.SimplexBoundary (n + 1), X)
Mathoverflow1973.Hurewicz.DegreeTwo.SimplyConnected.cylinderRetraction_bottom (n : ℕ) (s : ↑(Simplex n)) :
  (Mathoverflow1973.Hurewicz.DegreeTwo.SimplyConnected.cylinderRetraction n) (0, s) =
    (Mathoverflow1973.Hurewicz.DegreeTwo.SimplyConnected.bottomInclusion n) s
Mathoverflow1973.Hurewicz.DegreeTwo.SimplyConnected.subdivisionUpperNegativeMap_based.{u_1} {X : Type u_1}
  [TopologicalSpace X] {x : X} (p : ↑(GenLoop (Fin 2) X x)) (hd : ∀ (t : ↑unitInterval), p ![t, t] = x)
  (u : Mathoverflow1973.Hurewicz.DegreeTwo.SimplyConnected.SubdivisionSquare) (hu : u ∈ Cube.boundary (Fin 2)) :
  p (Mathoverflow1973.Hurewicz.DegreeTwo.SimplyConnected.subdivisionUpperNegativeMap u) = x
Mathoverflow1973.Hurewicz.DegreeTwo.SimplyConnected.basedTrianglesLoop_apply {X : Type} [TopologicalSpace X] {x : X}
  (τ υ : Mathoverflow1973.Hurewicz.DegreeTwo.SimplyConnected.BasedTriangle x) (t : Fin 2 → ↑unitInterval) :
  (Mathoverflow1973.Hurewicz.DegreeTwo.SimplyConnected.basedTrianglesLoop τ υ) t =
    if ↑(t 1) ≤ ↑(t 0) then ↑τ (Mathoverflow1973.Hurewicz.DegreeTwo.SimplyConnected.triangleQuotient (t 0, t 1))
    else ↑υ (Mathoverflow1973.Hurewicz.DegreeTwo.SimplyConnected.triangleQuotient (t 1, t 0))
Mathoverflow1973.SecondHurewicz.SimplyConnected.simplexPrism.eq_1 {X : Type} [TopologicalSpace X] (n : ℕ)
  (H : C(↑unitInterval × ↑(Simplex n), X)) :
  Mathoverflow1973.Hurewicz.DegreeTwo.SimplyConnected.simplexPrism n H =
    (Mathoverflow1973.Hurewicz.DegreeTwo.SimplyConnected.prismOperator n H)
      (simplexChain (↑(Simplex n)) n (ContinuousMap.id ↑(Simplex n)))
Mathoverflow1973.Hurewicz.DegreeTwo.SimplyConnected.prismOperator_domain {A B X : Type} [TopologicalSpace A]
  [TopologicalSpace B] [TopologicalSpace X] (n : ℕ) (f : C(A, B)) (H : C(↑unitInterval × B, X)) (c : ↑(Chains A n)) :
  (Mathoverflow1973.Hurewicz.DegreeTwo.SimplyConnected.prismOperator n
        (H.comp ((ContinuousMap.id ↑unitInterval).prodMap f)))
      c =
    (Mathoverflow1973.Hurewicz.DegreeTwo.SimplyConnected.prismOperator n H) ((inducedChain f n) c)
Mathoverflow1973.Hurewicz.DegreeTwo.SimplyConnected.triangleCyclicPermutation_boundary (s : ↑(Simplex 2))
  (hs : s ∈ Mathoverflow1973.Hurewicz.DegreeTwo.SimplyConnected.triangleBoundary) :
  Mathoverflow1973.Hurewicz.DegreeTwo.SimplyConnected.triangleCyclicPermutation s ∈
    Mathoverflow1973.Hurewicz.DegreeTwo.SimplyConnected.triangleBoundary
Mathoverflow1973.Hurewicz.DegreeTwo.SimplyConnected.lowerSquareTriangle_one (s : ↑(Simplex 2)) :
  ↑(Mathoverflow1973.Hurewicz.DegreeTwo.SimplyConnected.lowerSquareTriangle s 1) = s 2
Mathoverflow1973.Hurewicz.DegreeTwo.SimplyConnected.triangleClassOperator_squareChain {X : Type} [TopologicalSpace X]
  [SimplyConnectedSpace X] (x : X) (p : ↑(GenLoop (Fin 2) X x)) :
  (Mathoverflow1973.Hurewicz.DegreeTwo.SimplyConnected.triangleClassOperator x)
      (Mathoverflow1973.Hurewicz.DegreeTwo.squareChain p) =
    Additive.ofMul ⟦p⟧
Mathoverflow1973.SecondHurewicz.squareChain.eq_1 {X : Type} [TopologicalSpace X] {x : X} (p : ↑(GenLoop (Fin 2) X x)) :
  Mathoverflow1973.Hurewicz.DegreeTwo.squareChain p =
    (Mathoverflow1973.Hurewicz.DegreeTwo.suspensionOne x) (pathChain (GenLoop.toLoop 0 p))
Mathoverflow1973.Hurewicz.DegreeTwo.SimplyConnected.lowerProductTriangle_fst (s : ↑(Simplex 2)) :
  ↑(Mathoverflow1973.Hurewicz.DegreeTwo.SimplyConnected.lowerProductTriangle s).1 = s 1 + s 2
Mathoverflow1973.Hurewicz.DegreeTwo.SimplyConnected.vertexStraighteningHomotopy_timeSlice_zero {X : Type}
  [TopologicalSpace X] [SimplyConnectedSpace X] (x : X) (n : ℕ) (smp : C(↑(Simplex n), X)) :
  Mathoverflow1973.Hurewicz.DegreeTwo.SimplyConnected.timeSlice
      (Mathoverflow1973.Hurewicz.DegreeTwo.SimplyConnected.vertexStraighteningHomotopy x n smp) 0 =
    smp
Mathoverflow1973.Hurewicz.DegreeTwo.SimplyConnected.rotatedSquareLoop_homotopy.{u_1} {X : Type u_1} [TopologicalSpace X]
  {x : X} (p : ↑(GenLoop (Fin 2) X x)) :
  (↑p).HomotopyRel (↑(Mathoverflow1973.Hurewicz.DegreeTwo.SimplyConnected.rotatedSquareLoop p)) (Cube.boundary (Fin 2))
Mathoverflow1973.Hurewicz.DegreeTwo.SimplyConnected.normalizedTwoChain {X : Type} [TopologicalSpace X]
  [SimplyConnectedSpace X] (x : X) : ↑(Chains X 2) →ₗ[ℤ] ↑(Chains X 2)
Mathoverflow1973.SecondHurewicz.SimplyConnected.upperProductTriangle.eq_1 :
  Mathoverflow1973.Hurewicz.DegreeTwo.SimplyConnected.upperProductTriangle =
    Mathoverflow1973.Hurewicz.DegreeTwo.SimplyConnected.squareAffineTriangle ![(0, 0), (0, 1), (1, 1)]
Mathoverflow1973.Hurewicz.DegreeTwo.SimplyConnected.normalizedTetrahedronMap {X : Type} [TopologicalSpace X]
  [SimplyConnectedSpace X] (x : X) (smp : SingularSimplex X 3) : SingularSimplex X 3
Mathoverflow1973.Hurewicz.DegreeTwo.SimplyConnected.subdivisionLowerSquareTriangle_based {X : Type} [TopologicalSpace X]
  {x : X} (p : ↑(GenLoop (Fin 2) X x)) (hd : ∀ (t : ↑unitInterval), p ![t, t] = x) (s : ↑(Simplex 2))
  (hs : s ∈ Mathoverflow1973.Hurewicz.DegreeTwo.SimplyConnected.triangleBoundary) :
  p (Mathoverflow1973.Hurewicz.DegreeTwo.SimplyConnected.lowerSquareTriangle s) = x
Mathoverflow1973.Hurewicz.DegreeTwo.SimplyConnected.retracted_mem_bottomOrSide {n : ℕ}
  (u : ↑unitInterval × ↑(Simplex n)) :
  (Mathoverflow1973.Hurewicz.DegreeTwo.SimplyConnected.retractedTime u,
      Mathoverflow1973.Hurewicz.DegreeTwo.SimplyConnected.retractedSimplex u) ∈
    Mathoverflow1973.Hurewicz.DegreeTwo.SimplyConnected.bottomOrSide n
Mathoverflow1973.Hurewicz.DegreeTwo.SimplyConnected.subdivisionSubMin (u v : ↑unitInterval) : ↑unitInterval
Mathoverflow1973.SecondHurewicz.SimplyConnected.subdivisionPullbackLoop.eq_1.{u_1} {X : Type u_1} [TopologicalSpace X]
  {x : X} (p : ↑(GenLoop (Fin 2) X x))
  (f :
    C(Mathoverflow1973.Hurewicz.DegreeTwo.SimplyConnected.SubdivisionSquare,
      Mathoverflow1973.Hurewicz.DegreeTwo.SimplyConnected.SubdivisionSquare))
  (hf : ∀ u ∈ Cube.boundary (Fin 2), p (f u) = x) :
  Mathoverflow1973.Hurewicz.DegreeTwo.SimplyConnected.subdivisionPullbackLoop p f hf = ⟨(↑p).comp f, hf⟩
Mathoverflow1973.SecondHurewicz.intervalChain.eq_1 :
  Mathoverflow1973.Hurewicz.DegreeTwo.intervalChain = pathChain Path.id
Mathoverflow1973.Hurewicz.DegreeTwo.fundamentalSquareChain : ↑(Chains (Fin 2 → ↑unitInterval) 2)
Mathoverflow1973.Hurewicz.DegreeTwo.SimplyConnected.basedTriangleLoop {X : Type} [TopologicalSpace X] {x : X}
  (τ : Mathoverflow1973.Hurewicz.DegreeTwo.SimplyConnected.BasedTriangle x) : ↑(GenLoop (Fin 2) X x)
Mathoverflow1973.Hurewicz.DegreeTwo.SimplyConnected.edgeStraighteningHomotopy_one {X : Type} [TopologicalSpace X]
  [SimplyConnectedSpace X] (x : X) (smp : C(↑(Simplex 1), X)) (h₀ : smp (stdSimplex.vertex 0) = x)
  (h₁ : smp (stdSimplex.vertex 1) = x) (s : ↑(Simplex 1)) :
  (Mathoverflow1973.Hurewicz.DegreeTwo.SimplyConnected.edgeStraighteningHomotopy x smp) (1, s) = x
Mathoverflow1973.Hurewicz.DegreeTwo.SimplyConnected.subdivisionSquare_boundary_cases
  (u : Mathoverflow1973.Hurewicz.DegreeTwo.SimplyConnected.SubdivisionSquare) (hu : u ∈ Cube.boundary (Fin 2)) :
  u 0 = 0 ∨ u 0 = 1 ∨ u 1 = 0 ∨ u 1 = 1
Mathoverflow1973.Hurewicz.DegreeTwo.SimplyConnected.subdivisionSubMin_zero_left (v : ↑unitInterval) :
  Mathoverflow1973.Hurewicz.DegreeTwo.SimplyConnected.subdivisionSubMin 0 v = 0
Mathoverflow1973.Hurewicz.DegreeTwo.SimplyConnected.chosenBasePath {X : Type} [TopologicalSpace X]
  [SimplyConnectedSpace X] (x y : X) : Path y x
Mathoverflow1973.Hurewicz.DegreeTwo.SimplyConnected.edgeNullHomotopy_zero {X : Type} [TopologicalSpace X]
  [SimplyConnectedSpace X] (x : X) (smp : C(↑(Simplex 1), X)) (h₀ : smp (stdSimplex.vertex 0) = x)
  (h₁ : smp (stdSimplex.vertex 1) = x) (s : ↑(Simplex 1)) :
  (Mathoverflow1973.Hurewicz.DegreeTwo.SimplyConnected.edgeNullHomotopy x smp h₀ h₁) (0, s) = smp s
Mathoverflow1973.Hurewicz.DegreeTwo.SimplyConnected.CofaceCompatible {X : Type} [TopologicalSpace X] {n : ℕ}
  (F : Fin (n + 3) → C(↑unitInterval × ↑(Simplex (n + 1)), X)) : Prop
Mathoverflow1973.Hurewicz.DegreeTwo.SimplyConnected.subdivision_basedTriangleClass_sum {X : Type} [TopologicalSpace X]
  {x : X} (p : ↑(GenLoop (Fin 2) X x)) (hd : ∀ (t : ↑unitInterval), p ![t, t] = x) :
  Additive.ofMul ⟦p⟧ =
    Mathoverflow1973.Hurewicz.DegreeTwo.SimplyConnected.basedTriangleClass
        (Mathoverflow1973.Hurewicz.DegreeTwo.SimplyConnected.subdivisionLowerBasedTriangle p hd) +
      Mathoverflow1973.Hurewicz.DegreeTwo.SimplyConnected.basedTriangleClass
        (Mathoverflow1973.Hurewicz.DegreeTwo.SimplyConnected.subdivisionUpperPositiveBasedTriangle p hd)
Mathoverflow1973.Hurewicz.DegreeTwo.SimplyConnected.basedTriangleCycle {X : Type} [TopologicalSpace X] {x : X}
  (τ : Mathoverflow1973.Hurewicz.DegreeTwo.SimplyConnected.BasedTriangle x) :
  ↥(Mathoverflow1973.SingularMayerVietoris.ModuleHomology.Cycle (singularComplex X) 2)
Mathoverflow1973.Hurewicz.DegreeTwo.mapGenLoop_homotopic {N X Y : Type} [TopologicalSpace X] [TopologicalSpace Y]
  (f : C(X, Y)) (x : X) {p q : ↑(GenLoop N X x)} (h : GenLoop.Homotopic p q) :
  GenLoop.Homotopic ((Mathoverflow1973.Hurewicz.DegreeTwo.mapGenLoop f x) p)
    ((Mathoverflow1973.Hurewicz.DegreeTwo.mapGenLoop f x) q)
Mathoverflow1973.Hurewicz.DegreeTwo.SimplyConnected.squareAffineTriangle_fst_coe (v : Fin 3 → Fin 2 × Fin 2)
  (s : ↑(Simplex 2)) :
  ↑((Mathoverflow1973.Hurewicz.DegreeTwo.SimplyConnected.squareAffineTriangle v) s).1 =
    ∑ i, s i * (Mathoverflow1973.SingularMayerVietoris.stdVertices 1 (v i).1) 1
Mathoverflow1973.Hurewicz.DegreeTwo.SimplyConnected.subdivisionUpperConeMap :
  C(Mathoverflow1973.Hurewicz.DegreeTwo.SimplyConnected.SubdivisionSquare,
    Mathoverflow1973.Hurewicz.DegreeTwo.SimplyConnected.SubdivisionSquare)
Mathoverflow1973.Hurewicz.DegreeTwo.SimplyConnected.hurewiczPi2Equiv {X : Type} [TopologicalSpace X]
  [SimplyConnectedSpace X] (x : X) :
  HomotopyGroup.Pi 2 X x ≃* Multiplicative ↑(Mathoverflow1973.SingularMayerVietoris.SingularHomology X 2)
Mathoverflow1973.SecondHurewicz.SimplyConnected.subdivisionUpperPositiveSquareTriangle.eq_1 :
  Mathoverflow1973.Hurewicz.DegreeTwo.SimplyConnected.subdivisionUpperPositiveSquareTriangle =
    Mathoverflow1973.Hurewicz.DegreeTwo.squareCoordinates.comp
      (Mathoverflow1973.Hurewicz.DegreeTwo.SimplyConnected.squareAffineTriangle ![(0, 0), (1, 1), (0, 1)])
Mathoverflow1973.Hurewicz.DegreeTwo.SimplyConnected.subdivisionUpperPositiveBasedTriangle {X : Type}
  [TopologicalSpace X] {x : X} (p : ↑(GenLoop (Fin 2) X x)) (hd : ∀ (t : ↑unitInterval), p ![t, t] = x) :
  Mathoverflow1973.Hurewicz.DegreeTwo.SimplyConnected.BasedTriangle x
Mathoverflow1973.SecondHurewicz.SimplyConnected.triangleClassOperator.congr_simp {X : Type} [TopologicalSpace X]
  [SimplyConnectedSpace X] (x : X) :
  Mathoverflow1973.Hurewicz.DegreeTwo.SimplyConnected.triangleClassOperator x =
    Mathoverflow1973.Hurewicz.DegreeTwo.SimplyConnected.triangleClassOperator x
Mathoverflow1973.Hurewicz.DegreeTwo.SimplyConnected.VertexHomotopyData.mk.inj {X : Type} {inst✝ : TopologicalSpace X}
  {x : X} {n : ℕ} {homotopy : C(↑(Simplex n), X) → C(↑unitInterval × ↑(Simplex n), X)}
  {zero : ∀ (smp : C(↑(Simplex n), X)) (s : ↑(Simplex n)), (homotopy smp) (0, s) = smp s}
  {one_verticesBased :
    ∀ (smp : C(↑(Simplex n), X)),
      Mathoverflow1973.Hurewicz.DegreeTwo.SimplyConnected.VerticesBased x n
        (Mathoverflow1973.Hurewicz.DegreeTwo.SimplyConnected.timeSlice (homotopy smp) 1)}
  {of_verticesBased :
    ∀ (smp : C(↑(Simplex n), X)),
      Mathoverflow1973.Hurewicz.DegreeTwo.SimplyConnected.VerticesBased x n smp →
        homotopy smp = smp.comp ContinuousMap.snd}
  {face_compatible :
    ∀ (smp : C(↑(Simplex (n + 1)), X)),
      Mathoverflow1973.Hurewicz.DegreeTwo.SimplyConnected.FaceCompatible fun i => homotopy (smp.comp (simplexFace n i))}
  {homotopy✝ : C(↑(Simplex n), X) → C(↑unitInterval × ↑(Simplex n), X)}
  {zero✝ : ∀ (smp : C(↑(Simplex n), X)) (s : ↑(Simplex n)), (homotopy✝ smp) (0, s) = smp s}
  {one_verticesBased✝ :
    ∀ (smp : C(↑(Simplex n), X)),
      Mathoverflow1973.Hurewicz.DegreeTwo.SimplyConnected.VerticesBased x n
        (Mathoverflow1973.Hurewicz.DegreeTwo.SimplyConnected.timeSlice (homotopy✝ smp) 1)}
  {of_verticesBased✝ :
    ∀ (smp : C(↑(Simplex n), X)),
      Mathoverflow1973.Hurewicz.DegreeTwo.SimplyConnected.VerticesBased x n smp →
        homotopy✝ smp = smp.comp ContinuousMap.snd}
  {face_compatible✝ :
    ∀ (smp : C(↑(Simplex (n + 1)), X)),
      Mathoverflow1973.Hurewicz.DegreeTwo.SimplyConnected.FaceCompatible fun i =>
        homotopy✝ (smp.comp (simplexFace n i))} :
  { homotopy := homotopy, zero := zero, one_verticesBased := one_verticesBased, of_verticesBased := of_verticesBased,
        face_compatible := face_compatible } =
      { homotopy := homotopy✝, zero := zero✝, one_verticesBased := one_verticesBased✝,
        of_verticesBased := of_verticesBased✝, face_compatible := face_compatible✝ } →
    homotopy = homotopy✝
Mathoverflow1973.Hurewicz.DegreeTwo.SimplyConnected.triangleBoundary : Set ↑(Simplex 2)
Mathoverflow1973.Hurewicz.DegreeTwo.SimplyConnected.vertexNormalizedSimplex_verticesBased {X : Type}
  [TopologicalSpace X] [SimplyConnectedSpace X] (x : X) (n : ℕ) (smp : SingularSimplex X n) :
  Mathoverflow1973.Hurewicz.DegreeTwo.SimplyConnected.VerticesBased x n
    (Mathoverflow1973.Hurewicz.DegreeTwo.SimplyConnected.vertexNormalizedSimplex x n smp)
Mathoverflow1973.SecondHurewicz.SimplyConnected.subdivisionUpperProductMap.eq_1 :
  Mathoverflow1973.Hurewicz.DegreeTwo.SimplyConnected.subdivisionUpperProductMap =
    { toFun := fun u => ![u 0, Set.Icc.convexComb (u 0) 1 (u 1)],
      continuous_toFun := Mathoverflow1973.Hurewicz.DegreeTwo.SimplyConnected.subdivisionUpperProductMap._proof_1 }
Mathoverflow1973.Hurewicz.DegreeTwo.SimplyConnected.rotatedSquareLoop.{u_1} {X : Type u_1} [TopologicalSpace X] {x : X}
  (p : ↑(GenLoop (Fin 2) X x)) : ↑(GenLoop (Fin 2) X x)
Mathoverflow1973.Hurewicz.DegreeTwo.pathSquare_homotopy_boundary {X : Type} [TopologicalSpace X] (x : X)
  {p q : Path GenLoop.const GenLoop.const} (H : p.Homotopy q) :
  (ModuleCat.Hom.hom ((singularComplex X).d 3 2))
      ((Mathoverflow1973.Hurewicz.DegreeTwo.suspensionTwo x) (homotopyChain H)) =
    ↑(Mathoverflow1973.Hurewicz.DegreeTwo.pathSquareCycle x p) -
      ↑(Mathoverflow1973.Hurewicz.DegreeTwo.pathSquareCycle x q)
Mathoverflow1973.Hurewicz.DegreeTwo.crossProductTriangle_point_right (X Y : Type) [TopologicalSpace X]
  [TopologicalSpace Y] (a : ↑(Chains X 2)) (y : Y) :
  ((Mathoverflow1973.SingularHomology.crossProductTriangle X Y 0) a) (pointChain y) =
    (inducedChain (Mathoverflow1973.SingularHomology.crossInsertRight y) 2) a
Mathoverflow1973.Hurewicz.DegreeTwo.SimplyConnected.gluedBoundaryMap_bottomInclusion.{u_1} {n : ℕ} {X : Type u_1}
  [TopologicalSpace X] (f : C(↑(Simplex n), X))
  (h : C(↑unitInterval × Mathoverflow1973.Hurewicz.DegreeTwo.SimplyConnected.SimplexBoundary n, X))
  (h0 : ∀ (s : Mathoverflow1973.Hurewicz.DegreeTwo.SimplyConnected.SimplexBoundary n), h (0, s) = f ↑s)
  (s : ↑(Simplex n)) :
  (Mathoverflow1973.Hurewicz.DegreeTwo.SimplyConnected.gluedBoundaryMap f h h0)
      ((Mathoverflow1973.Hurewicz.DegreeTwo.SimplyConnected.bottomInclusion n) s) =
    f s
Mathoverflow1973.Hurewicz.DegreeTwo.SimplyConnected.subdivision_transAt_homotopic.{u_1} {X : Type u_1}
  [TopologicalSpace X] {x : X} (i : Fin 2) {a b c d : ↑(GenLoop (Fin 2) X x)} (ha : GenLoop.Homotopic a c)
  (hb : GenLoop.Homotopic b d) : GenLoop.Homotopic (GenLoop.transAt i a b) (GenLoop.transAt i c d)
Mathoverflow1973.Hurewicz.DegreeTwo.SimplyConnected.cylinderDenominator_half_le {n : ℕ}
  (u : ↑unitInterval × ↑(Simplex n)) : 1 / 2 ≤ Mathoverflow1973.Hurewicz.DegreeTwo.SimplyConnected.cylinderDenominator u
Mathoverflow1973.Hurewicz.DegreeTwo.SimplyConnected.vertexStepHomotopy_of_verticesBased {X : Type} [TopologicalSpace X]
  {x : X} {n : ℕ} (D : Mathoverflow1973.Hurewicz.DegreeTwo.SimplyConnected.VertexHomotopyData x n)
  (smp : C(↑(Simplex (n + 1)), X))
  (h : Mathoverflow1973.Hurewicz.DegreeTwo.SimplyConnected.VerticesBased x (n + 1) smp) :
  Mathoverflow1973.Hurewicz.DegreeTwo.SimplyConnected.vertexStepHomotopy D smp = smp.comp ContinuousMap.snd
Mathoverflow1973.Hurewicz.DegreeTwo.SimplyConnected.sideDenominator_le {n : ℕ} (u : ↑unitInterval × ↑(Simplex n)) :
  1 - (↑n + 1) * Mathoverflow1973.Hurewicz.DegreeTwo.SimplyConnected.minimumCoordinate u.2 ≤
    Mathoverflow1973.Hurewicz.DegreeTwo.SimplyConnected.cylinderDenominator u
Mathoverflow1973.Hurewicz.DegreeTwo.SimplyConnected.faceFamilyMap_factorsThrough {X : Type} [TopologicalSpace X] {n : ℕ}
  (F : Fin (n + 2) → C(↑unitInterval × ↑(Simplex n), X))
  (hF : Mathoverflow1973.Hurewicz.DegreeTwo.SimplyConnected.FaceCompatible F) :
  Function.FactorsThrough ⇑(Mathoverflow1973.Hurewicz.DegreeTwo.SimplyConnected.faceFamilyMap F)
    ⇑(Mathoverflow1973.Hurewicz.DegreeTwo.SimplyConnected.simplexFaceCover n)
Mathoverflow1973.Hurewicz.DegreeTwo.SimplyConnected.lowerSquareTriangle_outerFace {X : Type} [TopologicalSpace X]
  {x : X} (p : ↑(GenLoop (Fin 2) X x)) (i : Fin 3) (hi : i ≠ 1) :
  ((↑p).comp Mathoverflow1973.Hurewicz.DegreeTwo.SimplyConnected.lowerSquareTriangle).comp (simplexFace 1 i) =
    ContinuousMap.const (↑(Simplex 1)) x
Mathoverflow1973.Hurewicz.DegreeTwo.SimplyConnected.simplexBoundary_exists_face (n : ℕ)
  (s : Mathoverflow1973.Hurewicz.DegreeTwo.SimplyConnected.SimplexBoundary (n + 1)) :
  ∃ i t, (Mathoverflow1973.Hurewicz.DegreeTwo.SimplyConnected.simplexFaceBoundary n i) t = s
Mathoverflow1973.Hurewicz.DegreeTwo.evaluation_right_one_chain {X : Type} [TopologicalSpace X] (x : X) (n : ℕ)
  (a : ↑(Chains (↑(Mathoverflow1973.Hurewicz.DegreeTwo.BasedLoopSpace x)) n)) :
  (inducedChain (Mathoverflow1973.Hurewicz.DegreeTwo.evaluation x) n)
      ((inducedChain (Mathoverflow1973.SingularHomology.crossInsertRight 1) n) a) =
    (inducedChain (ContinuousMap.const (↑(Mathoverflow1973.Hurewicz.DegreeTwo.BasedLoopSpace x)) x) n) a
Mathoverflow1973.Hurewicz.DegreeTwo.SimplyConnected.cylinderDenominator_le_one {n : ℕ}
  (u : ↑unitInterval × ↑(Simplex n)) : Mathoverflow1973.Hurewicz.DegreeTwo.SimplyConnected.cylinderDenominator u ≤ 1
Mathoverflow1973.Hurewicz.DegreeTwo.SimplyConnected.sideInclusion (n : ℕ) :
  C(↑unitInterval × Mathoverflow1973.Hurewicz.DegreeTwo.SimplyConnected.SimplexBoundary n,
    ↑(Mathoverflow1973.Hurewicz.DegreeTwo.SimplyConnected.bottomOrSide n))
Mathoverflow1973.SecondHurewicz.SimplyConnected.rotationCentered.eq_1 (u : Fin 2 → ↑unitInterval) :
  Mathoverflow1973.Hurewicz.DegreeTwo.SimplyConnected.rotationCentered u = (2 * ↑(u 0) - 1, 2 * ↑(u 1) - 1)
Mathoverflow1973.Hurewicz.DegreeTwo.squareMap {X : Type} [TopologicalSpace X] {x : X} (p : ↑(GenLoop (Fin 2) X x)) :
  C(↑unitInterval × ↑unitInterval, X)
Mathoverflow1973.Hurewicz.DegreeTwo.SimplyConnected.quarterTurnHomotopyMap :
  C(↑unitInterval × (Fin 2 → ↑unitInterval), Fin 2 → ↑unitInterval)
Mathoverflow1973.Hurewicz.DegreeTwo.SimplyConnected.chainAugmentation_twoCycle (X : Type) [TopologicalSpace X]
  (c : ↥(Mathoverflow1973.SingularMayerVietoris.ModuleHomology.Cycle (singularComplex X) 2)) :
  (Mathoverflow1973.Hurewicz.DegreeTwo.SimplyConnected.chainAugmentation X 2) ↑c = 0
Mathoverflow1973.Hurewicz.DegreeTwo.SimplyConnected.simplexFaceCover_surjective (n : ℕ) :
  Function.Surjective ⇑(Mathoverflow1973.Hurewicz.DegreeTwo.SimplyConnected.simplexFaceCover n)
Mathoverflow1973.Hurewicz.DegreeTwo.SimplyConnected.subdivisionUpperProductMap :
  C(Mathoverflow1973.Hurewicz.DegreeTwo.SimplyConnected.SubdivisionSquare,
    Mathoverflow1973.Hurewicz.DegreeTwo.SimplyConnected.SubdivisionSquare)
Mathoverflow1973.Hurewicz.DegreeTwo.SimplyConnected.rotationUncenter_centered (u : Fin 2 → ↑unitInterval) :
  Mathoverflow1973.Hurewicz.DegreeTwo.SimplyConnected.rotationUncenter
      (Mathoverflow1973.Hurewicz.DegreeTwo.SimplyConnected.rotationCentered u) ⋯ =
    u
Mathoverflow1973.Hurewicz.DegreeTwo.SimplyConnected.squareUpperNormalizationHomotopy {X : Type} [TopologicalSpace X]
  [SimplyConnectedSpace X] {x : X} (p : ↑(GenLoop (Fin 2) X x)) :
  ((↑p).comp Mathoverflow1973.Hurewicz.DegreeTwo.SimplyConnected.upperSquareTriangle).Homotopy
    ↑(Mathoverflow1973.Hurewicz.DegreeTwo.SimplyConnected.squareNormalizedUpperTriangle p)
Mathoverflow1973.Hurewicz.DegreeTwo.evaluation_right_zero_chain {X : Type} [TopologicalSpace X] (x : X) (n : ℕ)
  (a : ↑(Chains (↑(Mathoverflow1973.Hurewicz.DegreeTwo.BasedLoopSpace x)) n)) :
  (inducedChain (Mathoverflow1973.Hurewicz.DegreeTwo.evaluation x) n)
      ((inducedChain (Mathoverflow1973.SingularHomology.crossInsertRight 0) n) a) =
    (inducedChain (ContinuousMap.const (↑(Mathoverflow1973.Hurewicz.DegreeTwo.BasedLoopSpace x)) x) n) a
Mathoverflow1973.Hurewicz.DegreeTwo.SimplyConnected.normalizedTetrahedron {X : Type} [TopologicalSpace X]
  [SimplyConnectedSpace X] (x : X) (smp : SingularSimplex X 3) :
  Mathoverflow1973.Hurewicz.DegreeTwo.SimplyConnected.BasedTetrahedron x
Mathoverflow1973.Hurewicz.DegreeTwo.SimplyConnected.tetrahedronSimplexBlend {n : ℕ} (t : ↑unitInterval)
  (a b : ↑(Simplex n)) : ↑(Simplex n)
Mathoverflow1973.Hurewicz.DegreeTwo.SimplyConnected.rotationVector_norm (v : ℝ × ℝ) :
  ‖Mathoverflow1973.Hurewicz.DegreeTwo.SimplyConnected.rotationVector v‖ = ‖v‖
Mathoverflow1973.Hurewicz.DegreeTwo.SimplyConnected.subdivisionUpperPositiveSquareTriangle_one (s : ↑(Simplex 2)) :
  ↑(Mathoverflow1973.Hurewicz.DegreeTwo.SimplyConnected.subdivisionUpperPositiveSquareTriangle s 1) = s 1 + s 2
Mathoverflow1973.Hurewicz.DegreeTwo.SimplyConnected.extendBoundaryHomotopy_bottom.{u_1} {n : ℕ} {X : Type u_1}
  [TopologicalSpace X] (f : C(↑(Simplex n), X))
  (h : C(↑unitInterval × Mathoverflow1973.Hurewicz.DegreeTwo.SimplyConnected.SimplexBoundary n, X))
  (h0 : ∀ (s : Mathoverflow1973.Hurewicz.DegreeTwo.SimplyConnected.SimplexBoundary n), h (0, s) = f ↑s)
  (s : ↑(Simplex n)) : (Mathoverflow1973.Hurewicz.DegreeTwo.SimplyConnected.extendBoundaryHomotopy f h h0) (0, s) = f s
Mathoverflow1973.Hurewicz.DegreeTwo.SimplyConnected.subdivision_basedTriangleClass_sub {X : Type} [TopologicalSpace X]
  {x : X} (p : ↑(GenLoop (Fin 2) X x)) (hd : ∀ (t : ↑unitInterval), p ![t, t] = x) :
  Additive.ofMul ⟦p⟧ =
    Mathoverflow1973.Hurewicz.DegreeTwo.SimplyConnected.basedTriangleClass
        (Mathoverflow1973.Hurewicz.DegreeTwo.SimplyConnected.subdivisionLowerBasedTriangle p hd) -
      Mathoverflow1973.Hurewicz.DegreeTwo.SimplyConnected.basedTriangleClass
        (Mathoverflow1973.Hurewicz.DegreeTwo.SimplyConnected.subdivisionUpperNegativeBasedTriangle p hd)
Mathoverflow1973.Hurewicz.DegreeTwo.SimplyConnected.chosenBasePath_self {X : Type} [TopologicalSpace X]
  [SimplyConnectedSpace X] (x : X) :
  Mathoverflow1973.Hurewicz.DegreeTwo.SimplyConnected.chosenBasePath x x = Path.refl x
Mathoverflow1973.Hurewicz.DegreeTwo.SimplyConnected.simplexPrismOperator {X : Type} [TopologicalSpace X] (n : ℕ)
  (H : SingularSimplex X n → C(↑unitInterval × ↑(Simplex n), X)) : ↑(Chains X n) →ₗ[ℤ] ↑(Chains X (n + 1))
Mathoverflow1973.SecondHurewicz.SimplyConnected.subdivisionLowerTriangleLoop.congr_simp.{u_1} {X : Type u_1}
  [TopologicalSpace X] {x : X} (p p✝ : ↑(GenLoop (Fin 2) X x)) (e_p : p = p✝)
  (hd : ∀ (t : ↑unitInterval), p ![t, t] = x) :
  Mathoverflow1973.Hurewicz.DegreeTwo.SimplyConnected.subdivisionLowerTriangleLoop p hd =
    Mathoverflow1973.Hurewicz.DegreeTwo.SimplyConnected.subdivisionLowerTriangleLoop p✝ ⋯
Mathoverflow1973.Hurewicz.DegreeTwo.squareCoordinates_one (z : ↑unitInterval × ↑unitInterval) :
  Mathoverflow1973.Hurewicz.DegreeTwo.squareCoordinates z 1 = z.2
Mathoverflow1973.Hurewicz.DegreeTwo.SimplyConnected.subdivisionBlend (t : ↑unitInterval)
  (a b : Mathoverflow1973.Hurewicz.DegreeTwo.SimplyConnected.SubdivisionSquare) :
  Mathoverflow1973.Hurewicz.DegreeTwo.SimplyConnected.SubdivisionSquare
Mathoverflow1973.SecondHurewicz.SimplyConnected.extendBoundaryHomotopy.congr_simp.{u_1} {n : ℕ} {X : Type u_1}
  [TopologicalSpace X] (f f✝ : C(↑(Simplex n), X)) (e_f : f = f✝)
  (h h✝ : C(↑unitInterval × Mathoverflow1973.Hurewicz.DegreeTwo.SimplyConnected.SimplexBoundary n, X)) (e_h : h = h✝)
  (h0 : ∀ (s : Mathoverflow1973.Hurewicz.DegreeTwo.SimplyConnected.SimplexBoundary n), h (0, s) = f ↑s) :
  Mathoverflow1973.Hurewicz.DegreeTwo.SimplyConnected.extendBoundaryHomotopy f h h0 =
    Mathoverflow1973.Hurewicz.DegreeTwo.SimplyConnected.extendBoundaryHomotopy f✝ h✝ ⋯
Mathoverflow1973.Hurewicz.DegreeTwo.SimplyConnected.vertexHomotopy_one {X : Type} [TopologicalSpace X]
  [SimplyConnectedSpace X] (x : X) (smp : C(↑(Simplex 0), X)) (s : ↑(Simplex 0)) :
  (Mathoverflow1973.Hurewicz.DegreeTwo.SimplyConnected.vertexHomotopy x smp) (1, s) = x
Mathoverflow1973.SecondHurewicz.SimplyConnected.vertexStepHomotopy.eq_1 {X : Type} [TopologicalSpace X] {x : X} {n : ℕ}
  (D : Mathoverflow1973.Hurewicz.DegreeTwo.SimplyConnected.VertexHomotopyData x n) (smp : C(↑(Simplex (n + 1)), X)) :
  Mathoverflow1973.Hurewicz.DegreeTwo.SimplyConnected.vertexStepHomotopy D smp =
    if Mathoverflow1973.Hurewicz.DegreeTwo.SimplyConnected.VerticesBased x (n + 1) smp then smp.comp ContinuousMap.snd
    else
      Mathoverflow1973.Hurewicz.DegreeTwo.SimplyConnected.extendBoundaryHomotopy smp
        (Mathoverflow1973.Hurewicz.DegreeTwo.SimplyConnected.vertexBoundaryHomotopy D smp) ⋯
Mathoverflow1973.Hurewicz.DegreeTwo.SimplyConnected.rotationCentered_norm_boundary (u : Fin 2 → ↑unitInterval)
  (hu : u ∈ Cube.boundary (Fin 2)) : ‖Mathoverflow1973.Hurewicz.DegreeTwo.SimplyConnected.rotationCentered u‖ = 1
Mathoverflow1973.Hurewicz.DegreeTwo.SimplyConnected.subdivision_toLoop_transAt.{u_1} {X : Type u_1} [TopologicalSpace X]
  {x : X} (i : Fin 2) (a b : ↑(GenLoop (Fin 2) X x)) :
  GenLoop.toLoop i (GenLoop.transAt i a b) = Path.trans (GenLoop.toLoop i a) (GenLoop.toLoop i b)
Mathoverflow1973.Hurewicz.DegreeTwo.SimplyConnected.subdivisionUpperProductCone_sides
  (u : Mathoverflow1973.Hurewicz.DegreeTwo.SimplyConnected.SubdivisionSquare) (hu : u ∈ Cube.boundary (Fin 2)) :
  Mathoverflow1973.Hurewicz.DegreeTwo.SimplyConnected.SubdivisionSameSide
    (Mathoverflow1973.Hurewicz.DegreeTwo.SimplyConnected.subdivisionUpperProductMap u)
    (Mathoverflow1973.Hurewicz.DegreeTwo.SimplyConnected.subdivisionUpperConeMap u)
Mathoverflow1973.Hurewicz.DegreeTwo.SimplyConnected.normalizedTriangle {X : Type} [TopologicalSpace X]
  [SimplyConnectedSpace X] (x : X) (smp : SingularSimplex X 2) :
  Mathoverflow1973.Hurewicz.DegreeTwo.SimplyConnected.BasedTriangle x
Mathoverflow1973.Hurewicz.DegreeTwo.SimplyConnected.VertexHomotopyData.mk.noConfusion.{u} {X : Type}
  {inst✝ : TopologicalSpace X} {x : X} {n : ℕ} {P : Sort u}
  {homotopy : C(↑(Simplex n), X) → C(↑unitInterval × ↑(Simplex n), X)}
  {zero : ∀ (smp : C(↑(Simplex n), X)) (s : ↑(Simplex n)), (homotopy smp) (0, s) = smp s}
  {one_verticesBased :
    ∀ (smp : C(↑(Simplex n), X)),
      Mathoverflow1973.Hurewicz.DegreeTwo.SimplyConnected.VerticesBased x n
        (Mathoverflow1973.Hurewicz.DegreeTwo.SimplyConnected.timeSlice (homotopy smp) 1)}
  {of_verticesBased :
    ∀ (smp : C(↑(Simplex n), X)),
      Mathoverflow1973.Hurewicz.DegreeTwo.SimplyConnected.VerticesBased x n smp →
        homotopy smp = smp.comp ContinuousMap.snd}
  {face_compatible :
    ∀ (smp : C(↑(Simplex (n + 1)), X)),
      Mathoverflow1973.Hurewicz.DegreeTwo.SimplyConnected.FaceCompatible fun i => homotopy (smp.comp (simplexFace n i))}
  {homotopy' : C(↑(Simplex n), X) → C(↑unitInterval × ↑(Simplex n), X)}
  {zero' : ∀ (smp : C(↑(Simplex n), X)) (s : ↑(Simplex n)), (homotopy' smp) (0, s) = smp s}
  {one_verticesBased' :
    ∀ (smp : C(↑(Simplex n), X)),
      Mathoverflow1973.Hurewicz.DegreeTwo.SimplyConnected.VerticesBased x n
        (Mathoverflow1973.Hurewicz.DegreeTwo.SimplyConnected.timeSlice (homotopy' smp) 1)}
  {of_verticesBased' :
    ∀ (smp : C(↑(Simplex n), X)),
      Mathoverflow1973.Hurewicz.DegreeTwo.SimplyConnected.VerticesBased x n smp →
        homotopy' smp = smp.comp ContinuousMap.snd}
  {face_compatible' :
    ∀ (smp : C(↑(Simplex (n + 1)), X)),
      Mathoverflow1973.Hurewicz.DegreeTwo.SimplyConnected.FaceCompatible fun i =>
        homotopy' (smp.comp (simplexFace n i))}
  (eq :
    { homotopy := homotopy, zero := zero, one_verticesBased := one_verticesBased, of_verticesBased := of_verticesBased,
        face_compatible := face_compatible } =
      { homotopy := homotopy', zero := zero', one_verticesBased := one_verticesBased',
        of_verticesBased := of_verticesBased', face_compatible := face_compatible' })
  (k : homotopy ≍ homotopy' → P) : P
Mathoverflow1973.Hurewicz.DegreeTwo.SimplyConnected.tetrahedronQuadrilateralA : C(Fin 2 → ↑unitInterval, ↑(Simplex 3))
Mathoverflow1973.Hurewicz.DegreeTwo.SimplyConnected.cyclicTriangleQuotient_commonZero (u : Fin 2 → ↑unitInterval)
  (hu : u ∈ Cube.boundary (Fin 2)) :
  ∃ i,
    (Mathoverflow1973.Hurewicz.DegreeTwo.SimplyConnected.triangleCyclicPermutation
            (Mathoverflow1973.Hurewicz.DegreeTwo.SimplyConnected.triangleCubeQuotient u))
          i =
        0 ∧
      (Mathoverflow1973.Hurewicz.DegreeTwo.SimplyConnected.triangleCubeQuotient
            (Mathoverflow1973.Hurewicz.DegreeTwo.SimplyConnected.quarterTurn u))
          i =
        0
Mathoverflow1973.Hurewicz.DegreeTwo.SimplyConnected.tetrahedronShiftedUpperLoop_eq_face {X : Type} [TopologicalSpace X]
  {x : X} (τ : Mathoverflow1973.Hurewicz.DegreeTwo.SimplyConnected.BasedTetrahedron x) :
  Mathoverflow1973.Hurewicz.DegreeTwo.SimplyConnected.subdivisionUpperTriangleLoop
      (Mathoverflow1973.Hurewicz.DegreeTwo.SimplyConnected.tetrahedronShiftedQuadrilateralLoop τ) ⋯ =
    Mathoverflow1973.Hurewicz.DegreeTwo.SimplyConnected.basedTriangleLoop
      (Mathoverflow1973.Hurewicz.DegreeTwo.SimplyConnected.cyclicBasedTriangle
        (Mathoverflow1973.Hurewicz.DegreeTwo.SimplyConnected.cyclicBasedTriangle
          (Mathoverflow1973.Hurewicz.DegreeTwo.SimplyConnected.basedTetrahedronFace τ 2)))
Mathoverflow1973.Hurewicz.DegreeTwo.SimplyConnected.basedEdgePath {X : Type} [TopologicalSpace X] (x : X)
  (smp : C(↑(Simplex 1), X)) (h₀ : smp (stdSimplex.vertex 0) = x) (h₁ : smp (stdSimplex.vertex 1) = x) : Path x x
Mathoverflow1973.SecondHurewicz.SimplyConnected.lowerSquareTriangle.eq_1 :
  Mathoverflow1973.Hurewicz.DegreeTwo.SimplyConnected.lowerSquareTriangle =
    Mathoverflow1973.Hurewicz.DegreeTwo.squareCoordinates.comp
      Mathoverflow1973.Hurewicz.DegreeTwo.SimplyConnected.lowerProductTriangle
Mathoverflow1973.Hurewicz.DegreeTwo.SimplyConnected.subdivision_homotopic.{u_1} {X : Type u_1} [TopologicalSpace X]
  {x : X} (p : ↑(GenLoop (Fin 2) X x)) (hd : ∀ (t : ↑unitInterval), p ![t, t] = x) :
  GenLoop.Homotopic p
    (GenLoop.transAt 1 (Mathoverflow1973.Hurewicz.DegreeTwo.SimplyConnected.subdivisionLowerTriangleLoop p hd)
      (Mathoverflow1973.Hurewicz.DegreeTwo.SimplyConnected.subdivisionUpperTriangleLoop p hd))
Mathoverflow1973.Hurewicz.DegreeTwo.SimplyConnected.retractedCoordinate_numerator_nonneg {n : ℕ}
  (u : ↑unitInterval × ↑(Simplex n)) (i : Fin (n + 1)) :
  0 ≤
    u.2 i +
      (Mathoverflow1973.Hurewicz.DegreeTwo.SimplyConnected.cylinderDenominator u - 1) *
        Mathoverflow1973.Hurewicz.DegreeTwo.SimplyConnected.barycenterCoordinate n
Mathoverflow1973.Hurewicz.DegreeTwo.SimplyConnected.extendBoundaryHomotopy_side.{u_1} {n : ℕ} {X : Type u_1}
  [TopologicalSpace X] (f : C(↑(Simplex n), X))
  (h : C(↑unitInterval × Mathoverflow1973.Hurewicz.DegreeTwo.SimplyConnected.SimplexBoundary n, X))
  (h0 : ∀ (s : Mathoverflow1973.Hurewicz.DegreeTwo.SimplyConnected.SimplexBoundary n), h (0, s) = f ↑s)
  (t : ↑unitInterval) (s : Mathoverflow1973.Hurewicz.DegreeTwo.SimplyConnected.SimplexBoundary n) :
  (Mathoverflow1973.Hurewicz.DegreeTwo.SimplyConnected.extendBoundaryHomotopy f h h0) (t, ↑s) = h (t, s)
Mathoverflow1973.Hurewicz.DegreeTwo.SimplyConnected.rotationUncenter (v : ℝ × ℝ) (hv : ‖v‖ ≤ 1) : Fin 2 → ↑unitInterval
Mathoverflow1973.Hurewicz.DegreeTwo.SimplyConnected.rotationCentered_norm_le (u : Fin 2 → ↑unitInterval) :
  ‖Mathoverflow1973.Hurewicz.DegreeTwo.SimplyConnected.rotationCentered u‖ ≤ 1
Mathoverflow1973.Hurewicz.DegreeTwo.SimplyConnected.simplexPrismOperator_boundary {X : Type} [TopologicalSpace X]
  (n : ℕ) (H : SingularSimplex X n → C(↑unitInterval × ↑(Simplex n), X))
  (H' : SingularSimplex X (n + 1) → C(↑unitInterval × ↑(Simplex (n + 1)), X))
  (h : Mathoverflow1973.Hurewicz.DegreeTwo.SimplyConnected.FaceCompatibleHomotopies n H H') (c : ↑(Chains X (n + 1))) :
  (ModuleCat.Hom.hom ((singularComplex X).d (n + 2) (n + 1)))
      ((Mathoverflow1973.Hurewicz.DegreeTwo.SimplyConnected.simplexPrismOperator (n + 1) H') c) =
    (Mathoverflow1973.Hurewicz.DegreeTwo.SimplyConnected.simplexEndpointOperator (n + 1) H' 1) c -
        (Mathoverflow1973.Hurewicz.DegreeTwo.SimplyConnected.simplexEndpointOperator (n + 1) H' 0) c -
      (Mathoverflow1973.Hurewicz.DegreeTwo.SimplyConnected.simplexPrismOperator n H)
        ((ModuleCat.Hom.hom ((singularComplex X).d (n + 1) n)) c)
Mathoverflow1973.Hurewicz.DegreeTwo.SimplyConnected.quarterTurnHomotopyMap_boundary (t : ↑unitInterval)
  (u : Fin 2 → ↑unitInterval) (hu : u ∈ Cube.boundary (Fin 2)) :
  Mathoverflow1973.Hurewicz.DegreeTwo.SimplyConnected.quarterTurnHomotopyMap (t, u) ∈ Cube.boundary (Fin 2)
Mathoverflow1973.Hurewicz.DegreeTwo.SimplyConnected.subdivisionLowerTriangleHomotopy.{u_1} {X : Type u_1}
  [TopologicalSpace X] {x : X} (p : ↑(GenLoop (Fin 2) X x)) (hd : ∀ (t : ↑unitInterval), p ![t, t] = x) :
  (↑(Mathoverflow1973.Hurewicz.DegreeTwo.SimplyConnected.subdivisionLowerProductLoop p hd)).HomotopyRel
    (↑(Mathoverflow1973.Hurewicz.DegreeTwo.SimplyConnected.subdivisionLowerTriangleLoop p hd)) (Cube.boundary (Fin 2))
Mathoverflow1973.Hurewicz.DegreeTwo.SimplyConnected.rotationCentered (u : Fin 2 → ↑unitInterval) : ℝ × ℝ
Mathoverflow1973.Hurewicz.DegreeTwo.SimplyConnected.cyclicTriangleLoopHomotopy {X : Type} [TopologicalSpace X] {x : X}
  (τ : Mathoverflow1973.Hurewicz.DegreeTwo.SimplyConnected.BasedTriangle x) :
  (↑(Mathoverflow1973.Hurewicz.DegreeTwo.SimplyConnected.basedTriangleLoop
          (Mathoverflow1973.Hurewicz.DegreeTwo.SimplyConnected.cyclicBasedTriangle τ))).HomotopyRel
    (↑(Mathoverflow1973.Hurewicz.DegreeTwo.SimplyConnected.rotatedSquareLoop
        (Mathoverflow1973.Hurewicz.DegreeTwo.SimplyConnected.basedTriangleLoop τ)))
    (Cube.boundary (Fin 2))
Mathoverflow1973.Hurewicz.DegreeTwo.SimplyConnected.vertexStraighteningData {X : Type} [TopologicalSpace X]
  [SimplyConnectedSpace X] (x : X) (n : ℕ) : Mathoverflow1973.Hurewicz.DegreeTwo.SimplyConnected.VertexHomotopyData x n
Mathoverflow1973.Hurewicz.DegreeTwo.SimplyConnected.subdivisionUpperNegativeLoop.{u_1} {X : Type u_1}
  [TopologicalSpace X] {x : X} (p : ↑(GenLoop (Fin 2) X x)) (hd : ∀ (t : ↑unitInterval), p ![t, t] = x) :
  ↑(GenLoop (Fin 2) X x)
Mathoverflow1973.Hurewicz.DegreeTwo.SimplyConnected.timeSlice_face {X : Type} [TopologicalSpace X] {n : ℕ}
  {H : SingularSimplex X n → C(↑unitInterval × ↑(Simplex n), X)}
  {H' : SingularSimplex X (n + 1) → C(↑unitInterval × ↑(Simplex (n + 1)), X)}
  (h : Mathoverflow1973.Hurewicz.DegreeTwo.SimplyConnected.FaceCompatibleHomotopies n H H')
  (smp : SingularSimplex X (n + 1)) (i : Fin (n + 2)) (t : ↑unitInterval) :
  (Mathoverflow1973.Hurewicz.DegreeTwo.SimplyConnected.timeSlice (H' smp) t).comp (simplexFace n i) =
    Mathoverflow1973.Hurewicz.DegreeTwo.SimplyConnected.timeSlice (H (ContinuousMap.comp smp (simplexFace n i))) t
Mathoverflow1973.Hurewicz.DegreeTwo.SimplyConnected.VertexHomotopyData.rec.{u} {X : Type} [TopologicalSpace X] {x : X}
  {n : ℕ} {motive : Mathoverflow1973.Hurewicz.DegreeTwo.SimplyConnected.VertexHomotopyData x n → Sort u}
  (mk :
    (homotopy : C(↑(Simplex n), X) → C(↑unitInterval × ↑(Simplex n), X)) →
      (zero : ∀ (smp : C(↑(Simplex n), X)) (s : ↑(Simplex n)), (homotopy smp) (0, s) = smp s) →
        (one_verticesBased :
            ∀ (smp : C(↑(Simplex n), X)),
              Mathoverflow1973.Hurewicz.DegreeTwo.SimplyConnected.VerticesBased x n
                (Mathoverflow1973.Hurewicz.DegreeTwo.SimplyConnected.timeSlice (homotopy smp) 1)) →
          (of_verticesBased :
              ∀ (smp : C(↑(Simplex n), X)),
                Mathoverflow1973.Hurewicz.DegreeTwo.SimplyConnected.VerticesBased x n smp →
                  homotopy smp = smp.comp ContinuousMap.snd) →
            (face_compatible :
                ∀ (smp : C(↑(Simplex (n + 1)), X)),
                  Mathoverflow1973.Hurewicz.DegreeTwo.SimplyConnected.FaceCompatible fun i =>
                    homotopy (smp.comp (simplexFace n i))) →
              motive
                { homotopy := homotopy, zero := zero, one_verticesBased := one_verticesBased,
                  of_verticesBased := of_verticesBased, face_compatible := face_compatible })
  (t : Mathoverflow1973.Hurewicz.DegreeTwo.SimplyConnected.VertexHomotopyData x n) : motive t
Mathoverflow1973.Hurewicz.DegreeTwo.SimplyConnected.vertexStepHomotopy_of_not_verticesBased {X : Type}
  [TopologicalSpace X] {x : X} {n : ℕ} (D : Mathoverflow1973.Hurewicz.DegreeTwo.SimplyConnected.VertexHomotopyData x n)
  (smp : C(↑(Simplex (n + 1)), X))
  (h : ¬Mathoverflow1973.Hurewicz.DegreeTwo.SimplyConnected.VerticesBased x (n + 1) smp) :
  Mathoverflow1973.Hurewicz.DegreeTwo.SimplyConnected.vertexStepHomotopy D smp =
    Mathoverflow1973.Hurewicz.DegreeTwo.SimplyConnected.extendBoundaryHomotopy smp
      (Mathoverflow1973.Hurewicz.DegreeTwo.SimplyConnected.vertexBoundaryHomotopy D smp) ⋯
Mathoverflow1973.Hurewicz.DegreeTwo.SimplyConnected.normalizedTriangleCycleOperator_val {X : Type} [TopologicalSpace X]
  [SimplyConnectedSpace X] (x : X) (c : ↑(Chains X 2)) :
  ↑((Mathoverflow1973.Hurewicz.DegreeTwo.SimplyConnected.normalizedTriangleCycleOperator x) c) =
    (chainLift X 2 fun smp =>
        simplexChain X 2 ↑(Mathoverflow1973.Hurewicz.DegreeTwo.SimplyConnected.normalizedTriangle x smp) -
          simplexChain X 2 (ContinuousMap.const (↑(Simplex 2)) x))
      c
Mathoverflow1973.Hurewicz.DegreeTwo.SimplyConnected.vertexStraighteningHomotopy_one_verticesBased {X : Type}
  [TopologicalSpace X] [SimplyConnectedSpace X] (x : X) (n : ℕ) (smp : C(↑(Simplex n), X)) :
  Mathoverflow1973.Hurewicz.DegreeTwo.SimplyConnected.VerticesBased x n
    (Mathoverflow1973.Hurewicz.DegreeTwo.SimplyConnected.timeSlice
      (Mathoverflow1973.Hurewicz.DegreeTwo.SimplyConnected.vertexStraighteningHomotopy x n smp) 1)
Mathoverflow1973.Hurewicz.DegreeTwo.SimplyConnected.simplexFaceBoundary (n : ℕ) (i : Fin (n + 2)) :
  C(↑(Simplex n), Mathoverflow1973.Hurewicz.DegreeTwo.SimplyConnected.SimplexBoundary (n + 1))
Mathoverflow1973.Hurewicz.DegreeTwo.SimplyConnected.continuous_minimumCoordinate (n : ℕ) :
  Continuous Mathoverflow1973.Hurewicz.DegreeTwo.SimplyConnected.minimumCoordinate
Mathoverflow1973.Hurewicz.DegreeTwo.SimplyConnected.vertexStraighteningHomotopy_face {X : Type} [TopologicalSpace X]
  [SimplyConnectedSpace X] (x : X) (n : ℕ) :
  Mathoverflow1973.Hurewicz.DegreeTwo.SimplyConnected.FaceCompatibleHomotopies n
    (Mathoverflow1973.Hurewicz.DegreeTwo.SimplyConnected.vertexStraighteningHomotopy x n)
    (Mathoverflow1973.Hurewicz.DegreeTwo.SimplyConnected.vertexStraighteningHomotopy x (n + 1))
Mathoverflow1973.Hurewicz.DegreeTwo.SimplyConnected.secondHomologyDesc_cycleClass.{u_1} {X : Type} [TopologicalSpace X]
  {M : Type u_1} [AddCommGroup M] [Module ℤ M] (F : ↑(Chains X 2) →ₗ[ℤ] M)
  (hF : ∀ (b : ↑(Chains X 3)), F ((ModuleCat.Hom.hom ((singularComplex X).d 3 2)) b) = 0)
  (c : ↥(Mathoverflow1973.SingularMayerVietoris.ModuleHomology.Cycle (singularComplex X) 2)) :
  (Mathoverflow1973.Hurewicz.DegreeTwo.SimplyConnected.secondHomologyDesc F hF)
      ((Mathoverflow1973.SingularMayerVietoris.ModuleHomology.cycleClass (singularComplex X) 2) c) =
    F ↑c
Mathoverflow1973.Hurewicz.DegreeTwo.SimplyConnected.vertexBoundaryHomotopy {X : Type} [TopologicalSpace X] {x : X}
  {n : ℕ} (D : Mathoverflow1973.Hurewicz.DegreeTwo.SimplyConnected.VertexHomotopyData x n)
  (smp : C(↑(Simplex (n + 1)), X)) :
  C(↑unitInterval × Mathoverflow1973.Hurewicz.DegreeTwo.SimplyConnected.SimplexBoundary (n + 1), X)
Mathoverflow1973.Hurewicz.DegreeTwo.SimplyConnected.edgeNullHomotopy_one {X : Type} [TopologicalSpace X]
  [SimplyConnectedSpace X] (x : X) (smp : C(↑(Simplex 1), X)) (h₀ : smp (stdSimplex.vertex 0) = x)
  (h₁ : smp (stdSimplex.vertex 1) = x) (s : ↑(Simplex 1)) :
  (Mathoverflow1973.Hurewicz.DegreeTwo.SimplyConnected.edgeNullHomotopy x smp h₀ h₁) (1, s) = x
Mathoverflow1973.Hurewicz.DegreeTwo.SimplyConnected.retractedSimplex_eq_of_mem {n : ℕ}
  {u : ↑unitInterval × ↑(Simplex n)} (hu : u ∈ Mathoverflow1973.Hurewicz.DegreeTwo.SimplyConnected.bottomOrSide n) :
  Mathoverflow1973.Hurewicz.DegreeTwo.SimplyConnected.retractedSimplex u = u.2
Mathoverflow1973.Hurewicz.DegreeTwo.SimplyConnected.squareLowerNormalizationHomotopy {X : Type} [TopologicalSpace X]
  [SimplyConnectedSpace X] {x : X} (p : ↑(GenLoop (Fin 2) X x)) :
  ((↑p).comp Mathoverflow1973.Hurewicz.DegreeTwo.SimplyConnected.lowerSquareTriangle).Homotopy
    ↑(Mathoverflow1973.Hurewicz.DegreeTwo.SimplyConnected.squareNormalizedLowerTriangle p)
Mathoverflow1973.Hurewicz.DegreeTwo.SimplyConnected.continuous_cylinderDenominator (n : ℕ) :
  Continuous Mathoverflow1973.Hurewicz.DegreeTwo.SimplyConnected.cylinderDenominator
Mathoverflow1973.Hurewicz.DegreeTwo.SimplyConnected.barycenterCoordinate (n : ℕ) : ℝ
Mathoverflow1973.Hurewicz.DegreeTwo.SimplyConnected.subdivisionLowerProductMap :
  C(Mathoverflow1973.Hurewicz.DegreeTwo.SimplyConnected.SubdivisionSquare,
    Mathoverflow1973.Hurewicz.DegreeTwo.SimplyConnected.SubdivisionSquare)
Mathoverflow1973.Hurewicz.DegreeTwo.SimplyConnected.BasedTriangle {X : Type} [TopologicalSpace X] (x : X) : Type
Mathoverflow1973.Hurewicz.DegreeTwo.SimplyConnected.squareMap_leftProductDegenerate {X : Type} [TopologicalSpace X]
  {x : X} (p : ↑(GenLoop (Fin 2) X x)) :
  (Mathoverflow1973.Hurewicz.DegreeTwo.squareMap p).comp
      Mathoverflow1973.Hurewicz.DegreeTwo.SimplyConnected.leftProductDegenerate =
    ContinuousMap.const (↑(Simplex 2)) x
Mathoverflow1973.Hurewicz.DegreeTwo.SimplyConnected.chainAugmentation_simplex (X : Type) [TopologicalSpace X] (n : ℕ)
  (smp : SingularSimplex X n) :
  (Mathoverflow1973.Hurewicz.DegreeTwo.SimplyConnected.chainAugmentation X n) (simplexChain X n smp) = 1
Mathoverflow1973.Hurewicz.DegreeTwo.SimplyConnected.hurewiczMap_comp_hurewiczInverse {X : Type} [TopologicalSpace X]
  [SimplyConnectedSpace X] (x : X) :
  Mathoverflow1973.Hurewicz.DegreeTwo.hurewiczMap x ∘ₗ
      Mathoverflow1973.Hurewicz.DegreeTwo.SimplyConnected.hurewiczInverse x =
    LinearMap.id
Mathoverflow1973.Hurewicz.DegreeTwo.SimplyConnected.simplexBoundary (n : ℕ) : Set ↑(Simplex n)
Mathoverflow1973.Hurewicz.DegreeTwo.SimplyConnected.rotationBlend_zero_vector (t : ℝ) :
  Mathoverflow1973.Hurewicz.DegreeTwo.SimplyConnected.rotationBlend t 0 = 0
Mathoverflow1973.Hurewicz.DegreeTwo.SimplyConnected.vertexStraighteningData.match_1.{u_1} (motive : ℕ → Sort u_1)
  (x✝ : ℕ) (h_1 : Unit → motive 0) (h_2 : (n : ℕ) → motive n.succ) : motive x✝
C16_OldNamesProbe.lean:175:7: warning: `Mathoverflow1973.SecondHurewicz.SimplyConnected.vertexStraighteningData.match_1` refers to an auto-generated auxiliary declaration. These are not stable across refactors; consider using a different approach.

Note: This linter can be disabled with `set_option linter.auxLemma false`
Mathoverflow1973.Hurewicz.DegreeTwo.SimplyConnected.edgeStraighteningHomotopy_const {X : Type} [TopologicalSpace X]
  [SimplyConnectedSpace X] (x : X) :
  Mathoverflow1973.Hurewicz.DegreeTwo.SimplyConnected.edgeStraighteningHomotopy x
      (ContinuousMap.const (↑(Simplex 1)) x) =
    ContinuousMap.const (↑unitInterval × ↑(Simplex 1)) x
Mathoverflow1973.Hurewicz.DegreeTwo.SimplyConnected.constantBasedTriangle {X : Type} [TopologicalSpace X] (x : X) :
  Mathoverflow1973.Hurewicz.DegreeTwo.SimplyConnected.BasedTriangle x
Mathoverflow1973.Hurewicz.DegreeTwo.SimplyConnected.basedEdgePath_const {X : Type} [TopologicalSpace X] (x : X) :
  Mathoverflow1973.Hurewicz.DegreeTwo.SimplyConnected.basedEdgePath x (ContinuousMap.const (↑(Simplex 1)) x) ⋯ ⋯ =
    Path.refl x
Mathoverflow1973.Hurewicz.DegreeTwo.SimplyConnected.FaceCompatibleHomotopies {X : Type} [TopologicalSpace X] (n : ℕ)
  (H : SingularSimplex X n → C(↑unitInterval × ↑(Simplex n), X))
  (H' : SingularSimplex X (n + 1) → C(↑unitInterval × ↑(Simplex (n + 1)), X)) : Prop
Mathoverflow1973.Hurewicz.DegreeTwo.SimplyConnected.simplexFace_inverse (n : ℕ) (i : Fin (n + 2))
  (s : { s // s i = 0 }) :
  (simplexFace n i) ((Mathoverflow1973.Hurewicz.DegreeTwo.SimplyConnected.simplexFaceInverse n i) s) = ↑s
Mathoverflow1973.Hurewicz.DegreeTwo.SimplyConnected.triangleEdgeStraighteningHomotopy_zero {X : Type}
  [TopologicalSpace X] [SimplyConnectedSpace X] (x : X) (smp : SingularSimplex X 2) (s : ↑(Simplex 2)) :
  (Mathoverflow1973.Hurewicz.DegreeTwo.SimplyConnected.triangleEdgeStraighteningHomotopy x smp) (0, s) = smp s
Mathoverflow1973.Hurewicz.DegreeTwo.SimplyConnected.subdivisionBlend_one
  (a b : Mathoverflow1973.Hurewicz.DegreeTwo.SimplyConnected.SubdivisionSquare) :
  Mathoverflow1973.Hurewicz.DegreeTwo.SimplyConnected.subdivisionBlend 1 a b = b
Mathoverflow1973.Hurewicz.DegreeTwo.SimplyConnected.lowerSquareTriangle_zero (s : ↑(Simplex 2)) :
  ↑(Mathoverflow1973.Hurewicz.DegreeTwo.SimplyConnected.lowerSquareTriangle s 0) = s 1 + s 2
Mathoverflow1973.Hurewicz.DegreeTwo.SimplyConnected.subdivisionWarpCoordinate_of_half_lt (u v : ↑unitInterval)
  (hv : 1 / 2 < ↑v) :
  Mathoverflow1973.Hurewicz.DegreeTwo.SimplyConnected.subdivisionWarpCoordinate (u, v) =
    Set.Icc.convexComb u 1 (Set.projIcc 0 1 ⋯ (2 * ↑v - 1))
Mathoverflow1973.Hurewicz.DegreeTwo.SimplyConnected.triangleQuotient_zero (z : ↑unitInterval × ↑unitInterval) :
  (Mathoverflow1973.Hurewicz.DegreeTwo.SimplyConnected.triangleQuotient z) 0 = 1 - ↑z.1
Mathoverflow1973.Hurewicz.DegreeTwo.SimplyConnected.gluedBoundaryMap.{u_1} {n : ℕ} {X : Type u_1} [TopologicalSpace X]
  (f : C(↑(Simplex n), X))
  (h : C(↑unitInterval × Mathoverflow1973.Hurewicz.DegreeTwo.SimplyConnected.SimplexBoundary n, X))
  (h0 : ∀ (s : Mathoverflow1973.Hurewicz.DegreeTwo.SimplyConnected.SimplexBoundary n), h (0, s) = f ↑s) :
  C(↑(Mathoverflow1973.Hurewicz.DegreeTwo.SimplyConnected.bottomOrSide n), X)
Mathoverflow1973.Hurewicz.DegreeTwo.SimplyConnected.vertexStepHomotopy_faceCompatible {X : Type} [TopologicalSpace X]
  {x : X} {n : ℕ} (D : Mathoverflow1973.Hurewicz.DegreeTwo.SimplyConnected.VertexHomotopyData x n)
  (smp : C(↑(Simplex (n + 2)), X)) :
  Mathoverflow1973.Hurewicz.DegreeTwo.SimplyConnected.FaceCompatible fun i =>
    Mathoverflow1973.Hurewicz.DegreeTwo.SimplyConnected.vertexStepHomotopy D (smp.comp (simplexFace (n + 1) i))
Mathoverflow1973.Hurewicz.DegreeTwo.SimplyConnected.tetrahedronQuarterShift_face_three (s : ↑(Simplex 2)) :
  Mathoverflow1973.Hurewicz.DegreeTwo.SimplyConnected.tetrahedronQuarterShift ((simplexFace 2 3) s) =
    (simplexFace 2 0) s
Mathoverflow1973.Hurewicz.DegreeTwo.SimplyConnected.simplexPrism {X : Type} [TopologicalSpace X] (n : ℕ)
  (H : C(↑unitInterval × ↑(Simplex n), X)) : ↑(Chains X (n + 1))
Mathoverflow1973.Hurewicz.DegreeTwo.SimplyConnected.hurewiczMap_comp_triangleClassOperator {X : Type}
  [TopologicalSpace X] [SimplyConnectedSpace X] (x : X) :
  Mathoverflow1973.Hurewicz.DegreeTwo.hurewiczMap x ∘ₗ
      Mathoverflow1973.Hurewicz.DegreeTwo.SimplyConnected.triangleClassOperator x =
    Mathoverflow1973.SingularMayerVietoris.ModuleHomology.cycleClass (singularComplex X) 2 ∘ₗ
      Mathoverflow1973.Hurewicz.DegreeTwo.SimplyConnected.normalizedTriangleCycleOperator x
Mathoverflow1973.Hurewicz.DegreeTwo.SimplyConnected.tetrahedronQuadrilateralLoop {X : Type} [TopologicalSpace X] {x : X}
  (τ : Mathoverflow1973.Hurewicz.DegreeTwo.SimplyConnected.BasedTetrahedron x) : ↑(GenLoop (Fin 2) X x)
Mathoverflow1973.Hurewicz.DegreeTwo.SimplyConnected.basedTetrahedron_boundary_relation {X : Type} [TopologicalSpace X]
  {x : X} (τ : Mathoverflow1973.Hurewicz.DegreeTwo.SimplyConnected.BasedTetrahedron x) :
  Mathoverflow1973.Hurewicz.DegreeTwo.SimplyConnected.basedTriangleClass
            (Mathoverflow1973.Hurewicz.DegreeTwo.SimplyConnected.basedTetrahedronFace τ 0) -
          Mathoverflow1973.Hurewicz.DegreeTwo.SimplyConnected.basedTriangleClass
            (Mathoverflow1973.Hurewicz.DegreeTwo.SimplyConnected.basedTetrahedronFace τ 1) +
        Mathoverflow1973.Hurewicz.DegreeTwo.SimplyConnected.basedTriangleClass
          (Mathoverflow1973.Hurewicz.DegreeTwo.SimplyConnected.basedTetrahedronFace τ 2) -
      Mathoverflow1973.Hurewicz.DegreeTwo.SimplyConnected.basedTriangleClass
        (Mathoverflow1973.Hurewicz.DegreeTwo.SimplyConnected.basedTetrahedronFace τ 3) =
    0
Mathoverflow1973.Hurewicz.DegreeTwo.SimplyConnected.basedTriangleClass {X : Type} [TopologicalSpace X] {x : X}
  (τ : Mathoverflow1973.Hurewicz.DegreeTwo.SimplyConnected.BasedTriangle x) : Additive (HomotopyGroup.Pi 2 X x)
Mathoverflow1973.Hurewicz.DegreeTwo.SimplyConnected.subdivisionWarpCoordinate_one (u : ↑unitInterval) :
  Mathoverflow1973.Hurewicz.DegreeTwo.SimplyConnected.subdivisionWarpCoordinate (u, 1) = 1
Mathoverflow1973.Hurewicz.DegreeTwo.SimplyConnected.extendBoundaryHomotopy.{u_1} {n : ℕ} {X : Type u_1}
  [TopologicalSpace X] (f : C(↑(Simplex n), X))
  (h : C(↑unitInterval × Mathoverflow1973.Hurewicz.DegreeTwo.SimplyConnected.SimplexBoundary n, X))
  (h0 : ∀ (s : Mathoverflow1973.Hurewicz.DegreeTwo.SimplyConnected.SimplexBoundary n), h (0, s) = f ↑s) :
  C(↑unitInterval × ↑(Simplex n), X)
Mathoverflow1973.Hurewicz.DegreeTwo.pathSquareCycle_val {X : Type} [TopologicalSpace X] (x : X)
  (p : Path GenLoop.const GenLoop.const) :
  ↑(Mathoverflow1973.Hurewicz.DegreeTwo.pathSquareCycle x p) =
    (Mathoverflow1973.Hurewicz.DegreeTwo.suspensionOne x) (pathChain p)
Mathoverflow1973.Hurewicz.DegreeTwo.SimplyConnected.tetrahedronLowerLoop_eq_face {X : Type} [TopologicalSpace X] {x : X}
  (τ : Mathoverflow1973.Hurewicz.DegreeTwo.SimplyConnected.BasedTetrahedron x) :
  Mathoverflow1973.Hurewicz.DegreeTwo.SimplyConnected.subdivisionLowerTriangleLoop
      (Mathoverflow1973.Hurewicz.DegreeTwo.SimplyConnected.tetrahedronQuadrilateralLoop τ) ⋯ =
    Mathoverflow1973.Hurewicz.DegreeTwo.SimplyConnected.basedTriangleLoop
      (Mathoverflow1973.Hurewicz.DegreeTwo.SimplyConnected.basedTetrahedronFace τ 3)
Mathoverflow1973.Hurewicz.DegreeTwo.SimplyConnected.edgeStraighteningHomotopy_zero {X : Type} [TopologicalSpace X]
  [SimplyConnectedSpace X] (x : X) (smp : C(↑(Simplex 1), X)) (s : ↑(Simplex 1)) :
  (Mathoverflow1973.Hurewicz.DegreeTwo.SimplyConnected.edgeStraighteningHomotopy x smp) (0, s) = smp s
Mathoverflow1973.Hurewicz.DegreeTwo.SimplyConnected.VerticesBased {X : Type} [TopologicalSpace X] (x : X) (n : ℕ)
  (smp : C(↑(Simplex n), X)) : Prop
Mathoverflow1973.Hurewicz.DegreeTwo.SimplyConnected.subdivisionLowerBasedTriangle {X : Type} [TopologicalSpace X]
  {x : X} (p : ↑(GenLoop (Fin 2) X x)) (hd : ∀ (t : ↑unitInterval), p ![t, t] = x) :
  Mathoverflow1973.Hurewicz.DegreeTwo.SimplyConnected.BasedTriangle x
Mathoverflow1973.Hurewicz.DegreeTwo.SimplyConnected.SubdivisionSameSide.diagonal
  {a b : Mathoverflow1973.Hurewicz.DegreeTwo.SimplyConnected.SubdivisionSquare} (ha : a 0 = a 1) (hb : b 0 = b 1) :
  Mathoverflow1973.Hurewicz.DegreeTwo.SimplyConnected.SubdivisionSameSide a b
Mathoverflow1973.Hurewicz.DegreeTwo.SimplyConnected.triangleEdgeStraighteningHomotopy_one_face {X : Type}
  [TopologicalSpace X] [SimplyConnectedSpace X] (x : X) (smp : SingularSimplex X 2)
  (h : Mathoverflow1973.Hurewicz.DegreeTwo.SimplyConnected.VerticesBased x 2 smp) (i : Fin 3) :
  (Mathoverflow1973.Hurewicz.DegreeTwo.SimplyConnected.timeSlice
          (Mathoverflow1973.Hurewicz.DegreeTwo.SimplyConnected.triangleEdgeStraighteningHomotopy x smp) 1).comp
      (simplexFace 1 i) =
    ContinuousMap.const (↑(Simplex 1)) x
Mathoverflow1973.Hurewicz.DegreeTwo.SimplyConnected.gluedTriangleHomotopy {X : Type} [TopologicalSpace X] {x : X}
  {p q : ↑(GenLoop (Fin 2) X x)}
  (L :
    ((↑p).comp Mathoverflow1973.Hurewicz.DegreeTwo.SimplyConnected.lowerSquareTriangle).Homotopy
      ((↑q).comp Mathoverflow1973.Hurewicz.DegreeTwo.SimplyConnected.lowerSquareTriangle))
  (U :
    ((↑p).comp Mathoverflow1973.Hurewicz.DegreeTwo.SimplyConnected.upperSquareTriangle).Homotopy
      ((↑q).comp Mathoverflow1973.Hurewicz.DegreeTwo.SimplyConnected.upperSquareTriangle))
  (hdiag : ∀ (r : ↑unitInterval) (s : ↑(Simplex 2)), s 1 = 0 → L (r, s) = U (r, s))
  (hL : ∀ (r : ↑unitInterval) (s : ↑(Simplex 2)), s 0 = 0 ∨ s 2 = 0 → L (r, s) = x)
  (hU : ∀ (r : ↑unitInterval) (s : ↑(Simplex 2)), s 0 = 0 ∨ s 2 = 0 → U (r, s) = x) :
  (↑p).HomotopyRel (↑q) (Cube.boundary (Fin 2))
Mathoverflow1973.Hurewicz.DegreeTwo.SimplyConnected.rotationBlend_zero (v : ℝ × ℝ) :
  Mathoverflow1973.Hurewicz.DegreeTwo.SimplyConnected.rotationBlend 0 v = v
Mathoverflow1973.Hurewicz.DegreeTwo.SimplyConnected.subdivisionUpperConeLoop.{u_1} {X : Type u_1} [TopologicalSpace X]
  {x : X} (p : ↑(GenLoop (Fin 2) X x)) (hd : ∀ (t : ↑unitInterval), p ![t, t] = x) : ↑(GenLoop (Fin 2) X x)
Mathoverflow1973.Hurewicz.DegreeTwo.SimplyConnected.edgeStraighteningHomotopy {X : Type} [TopologicalSpace X]
  [SimplyConnectedSpace X] (x : X) (smp : C(↑(Simplex 1), X)) : C(↑unitInterval × ↑(Simplex 1), X)
Mathoverflow1973.Hurewicz.DegreeTwo.SimplyConnected.VertexHomotopyData.noConfusion.{u} {P : Sort u} {X : Type}
  {inst✝ : TopologicalSpace X} {x : X} {n : ℕ}
  {t : Mathoverflow1973.Hurewicz.DegreeTwo.SimplyConnected.VertexHomotopyData x n} {X' : Type}
  {inst'✝ : TopologicalSpace X'} {x' : X'} {n' : ℕ}
  {t' : Mathoverflow1973.Hurewicz.DegreeTwo.SimplyConnected.VertexHomotopyData x' n'} (eq_1 : X = X')
  (eq_2 : inst✝ ≍ inst'✝) (eq_3 : x ≍ x') (eq_4 : n = n') (eq_5 : t ≍ t') :
  Mathoverflow1973.Hurewicz.DegreeTwo.SimplyConnected.VertexHomotopyData.noConfusionType P t t'
Mathoverflow1973.Hurewicz.DegreeTwo.SimplyConnected.simplexCard_pos (n : ℕ) : 0 < ↑n + 1
Mathoverflow1973.Hurewicz.DegreeTwo.SimplyConnected.subdivisionUpperOrientationHomotopy.{u_1} {X : Type u_1}
  [TopologicalSpace X] {x : X} (p : ↑(GenLoop (Fin 2) X x)) (hd : ∀ (t : ↑unitInterval), p ![t, t] = x) :
  (↑(Mathoverflow1973.Hurewicz.DegreeTwo.SimplyConnected.subdivisionUpperTriangleLoop p hd)).HomotopyRel
    (↑(Mathoverflow1973.Hurewicz.DegreeTwo.SimplyConnected.subdivisionUpperNegativeReversedLoop p hd))
    (Cube.boundary (Fin 2))
Mathoverflow1973.Hurewicz.DegreeTwo.SimplyConnected.tetrahedronQuadrilateral_perimeter (u : Fin 2 → ↑unitInterval)
  (hu : u ∈ Cube.boundary (Fin 2)) :
  Mathoverflow1973.Hurewicz.DegreeTwo.SimplyConnected.tetrahedronQuadrilateralA u =
    Mathoverflow1973.Hurewicz.DegreeTwo.SimplyConnected.tetrahedronQuadrilateralB u
Mathoverflow1973.SecondHurewicz.SimplyConnected.subdivisionLowerTriangleMap.eq_1 :
  Mathoverflow1973.Hurewicz.DegreeTwo.SimplyConnected.subdivisionLowerTriangleMap =
    { toFun := fun u => ![u 0, min (u 0) (u 1)],
      continuous_toFun := Mathoverflow1973.Hurewicz.DegreeTwo.SimplyConnected.subdivisionLowerTriangleMap._proof_2 }
Mathoverflow1973.Hurewicz.DegreeTwo.pathSquare_concat_boundary {X : Type} [TopologicalSpace X] (x : X)
  (p q : Path GenLoop.const GenLoop.const) :
  (ModuleCat.Hom.hom ((singularComplex X).d 3 2))
      (-(Mathoverflow1973.Hurewicz.DegreeTwo.suspensionTwo x) (concatChain p q)) =
    ↑(Mathoverflow1973.Hurewicz.DegreeTwo.pathSquareCycle x (p.trans q)) -
      (↑(Mathoverflow1973.Hurewicz.DegreeTwo.pathSquareCycle x p) +
        ↑(Mathoverflow1973.Hurewicz.DegreeTwo.pathSquareCycle x q))
Mathoverflow1973.Hurewicz.DegreeTwo.SimplyConnected.tetrahedronSimplexBlendMap {n : ℕ} {Y : Type} [TopologicalSpace Y]
  (f g : C(Y, ↑(Simplex n))) : C(↑unitInterval × Y, ↑(Simplex n))
Mathoverflow1973.Hurewicz.DegreeTwo.evaluation_comp_toLoop {X : Type} [TopologicalSpace X] {x : X}
  (p : ↑(GenLoop (Fin 2) X x)) :
  (Mathoverflow1973.Hurewicz.DegreeTwo.evaluation x).comp
      ((GenLoop.toLoop 0 p).prodMap (ContinuousMap.id ↑unitInterval)) =
    Mathoverflow1973.Hurewicz.DegreeTwo.squareMap p
Mathoverflow1973.Hurewicz.DegreeTwo.productSquareChain : ↑(Chains (↑unitInterval × ↑unitInterval) 2)
Mathoverflow1973.Hurewicz.DegreeTwo.SimplyConnected.subdivisionSubMin_one_right (u : ↑unitInterval) :
  Mathoverflow1973.Hurewicz.DegreeTwo.SimplyConnected.subdivisionSubMin u 1 = 0
Mathoverflow1973.Hurewicz.DegreeTwo.SimplyConnected.basedTrianglesHomotopy_of_faces {X : Type} [TopologicalSpace X]
  {x : X} {p : ↑(GenLoop (Fin 2) X x)} (τ υ : Mathoverflow1973.Hurewicz.DegreeTwo.SimplyConnected.BasedTriangle x)
  (L : ((↑p).comp Mathoverflow1973.Hurewicz.DegreeTwo.SimplyConnected.lowerSquareTriangle).Homotopy ↑τ)
  (U : ((↑p).comp Mathoverflow1973.Hurewicz.DegreeTwo.SimplyConnected.upperSquareTriangle).Homotopy ↑υ)
  (hdiag : ∀ (r : ↑unitInterval) (s : ↑(Simplex 1)), L (r, (simplexFace 1 1) s) = U (r, (simplexFace 1 1) s))
  (hL : ∀ (r : ↑unitInterval) (i : Fin 3), i ≠ 1 → ∀ (s : ↑(Simplex 1)), L (r, (simplexFace 1 i) s) = x)
  (hU : ∀ (r : ↑unitInterval) (i : Fin 3), i ≠ 1 → ∀ (s : ↑(Simplex 1)), U (r, (simplexFace 1 i) s) = x) :
  (↑p).HomotopyRel (↑(Mathoverflow1973.Hurewicz.DegreeTwo.SimplyConnected.basedTrianglesLoop τ υ))
    (Cube.boundary (Fin 2))
Mathoverflow1973.Hurewicz.DegreeTwo.SimplyConnected.vertexStraighteningHomotopy_timeSlice_face {X : Type}
  [TopologicalSpace X] [SimplyConnectedSpace X] (x : X) (n : ℕ) (smp : C(↑(Simplex (n + 1)), X)) (i : Fin (n + 2))
  (r : ↑unitInterval) :
  (Mathoverflow1973.Hurewicz.DegreeTwo.SimplyConnected.timeSlice
          (Mathoverflow1973.Hurewicz.DegreeTwo.SimplyConnected.vertexStraighteningHomotopy x (n + 1) smp) r).comp
      (simplexFace n i) =
    Mathoverflow1973.Hurewicz.DegreeTwo.SimplyConnected.timeSlice
      (Mathoverflow1973.Hurewicz.DegreeTwo.SimplyConnected.vertexStraighteningHomotopy x n (smp.comp (simplexFace n i)))
      r
Mathoverflow1973.Hurewicz.DegreeTwo.SimplyConnected.subdivisionTriangle_coordinate_sum (s : ↑(Simplex 2)) :
  s 0 + s 1 + s 2 = 1
Mathoverflow1973.Hurewicz.DegreeTwo.SimplyConnected.basedTrianglesLoop_lower {X : Type} [TopologicalSpace X] {x : X}
  (τ υ : Mathoverflow1973.Hurewicz.DegreeTwo.SimplyConnected.BasedTriangle x) :
  (↑(Mathoverflow1973.Hurewicz.DegreeTwo.SimplyConnected.basedTrianglesLoop τ υ)).comp
      Mathoverflow1973.Hurewicz.DegreeTwo.SimplyConnected.lowerSquareTriangle =
    ↑τ
Mathoverflow1973.Hurewicz.DegreeTwo.SimplyConnected.simplexFace_two_two (s : ↑(Simplex 2)) :
  ⇑((simplexFace 2 2) s) = ![s 0, s 1, 0, s 2]
Mathoverflow1973.Hurewicz.DegreeTwo.SimplyConnected.subdivisionWarpCoordinate_apply (u v : ↑unitInterval) :
  Mathoverflow1973.Hurewicz.DegreeTwo.SimplyConnected.subdivisionWarpCoordinate (u, v) =
    Set.Icc.convexComb (Set.projIcc 0 1 ⋯ (2 * ↑v - 1)) (Set.projIcc 0 1 ⋯ (2 * ↑v)) u
Mathoverflow1973.SecondHurewicz.SimplyConnected.rotationNormalized.eq_1 (t : ↑unitInterval)
  (u : Fin 2 → ↑unitInterval) :
  Mathoverflow1973.Hurewicz.DegreeTwo.SimplyConnected.rotationNormalized t u =
    (Mathoverflow1973.Hurewicz.DegreeTwo.SimplyConnected.rotationDenominator t u)⁻¹ •
      Mathoverflow1973.Hurewicz.DegreeTwo.SimplyConnected.rotationBlend (↑t)
        (Mathoverflow1973.Hurewicz.DegreeTwo.SimplyConnected.rotationCentered u)
Mathoverflow1973.Hurewicz.DegreeTwo.SimplyConnected.simplexFace_two_three (s : ↑(Simplex 2)) :
  ⇑((simplexFace 2 3) s) = ![s 0, s 1, s 2, 0]
Mathoverflow1973.Hurewicz.DegreeTwo.SimplyConnected.triangleQuotient : C(↑unitInterval × ↑unitInterval, ↑(Simplex 2))
Mathoverflow1973.Hurewicz.DegreeTwo.SimplyConnected.subdivisionWarpLoop_eq_transAt.{u_1} {X : Type u_1}
  [TopologicalSpace X] {x : X} (p : ↑(GenLoop (Fin 2) X x)) (hd : ∀ (t : ↑unitInterval), p ![t, t] = x) :
  Mathoverflow1973.Hurewicz.DegreeTwo.SimplyConnected.subdivisionWarpLoop p =
    GenLoop.transAt 1 (Mathoverflow1973.Hurewicz.DegreeTwo.SimplyConnected.subdivisionLowerProductLoop p hd)
      (Mathoverflow1973.Hurewicz.DegreeTwo.SimplyConnected.subdivisionUpperProductLoop p hd)
Mathoverflow1973.Hurewicz.DegreeTwo.SimplyConnected.subdivisionWarpMap_based.{u_1} {X : Type u_1} [TopologicalSpace X]
  {x : X} (p : ↑(GenLoop (Fin 2) X x)) (u : Mathoverflow1973.Hurewicz.DegreeTwo.SimplyConnected.SubdivisionSquare)
  (hu : u ∈ Cube.boundary (Fin 2)) : p (Mathoverflow1973.Hurewicz.DegreeTwo.SimplyConnected.subdivisionWarpMap u) = x
Mathoverflow1973.Hurewicz.DegreeTwo.SimplyConnected.subdivisionLinearHomotopy.{u_1} {X : Type u_1} [TopologicalSpace X]
  {x : X} (p : ↑(GenLoop (Fin 2) X x)) (hd : ∀ (t : ↑unitInterval), p ![t, t] = x)
  (f g :
    C(Mathoverflow1973.Hurewicz.DegreeTwo.SimplyConnected.SubdivisionSquare,
      Mathoverflow1973.Hurewicz.DegreeTwo.SimplyConnected.SubdivisionSquare))
  (hf : ∀ u ∈ Cube.boundary (Fin 2), p (f u) = x) (hg : ∀ u ∈ Cube.boundary (Fin 2), p (g u) = x)
  (hfg :
    ∀ u ∈ Cube.boundary (Fin 2), Mathoverflow1973.Hurewicz.DegreeTwo.SimplyConnected.SubdivisionSameSide (f u) (g u)) :
  (↑(Mathoverflow1973.Hurewicz.DegreeTwo.SimplyConnected.subdivisionPullbackLoop p f hf)).HomotopyRel
    (↑(Mathoverflow1973.Hurewicz.DegreeTwo.SimplyConnected.subdivisionPullbackLoop p g hg)) (Cube.boundary (Fin 2))
Mathoverflow1973.Hurewicz.DegreeTwo.hurewiczMap_representative {X : Type} [TopologicalSpace X] (x : X)
  (p : ↑(GenLoop (Fin 2) X x)) :
  (Mathoverflow1973.Hurewicz.DegreeTwo.hurewiczMap x) (Additive.ofMul ⟦p⟧) =
    (Mathoverflow1973.SingularMayerVietoris.ModuleHomology.cycleClass (singularComplex X) 2)
      (Mathoverflow1973.Hurewicz.DegreeTwo.squareCycle p)
Mathoverflow1973.Hurewicz.DegreeTwo.SimplyConnected.vertexInitialData {X : Type} [TopologicalSpace X]
  [SimplyConnectedSpace X] (x : X) : Mathoverflow1973.Hurewicz.DegreeTwo.SimplyConnected.VertexHomotopyData x 0
Mathoverflow1973.SecondHurewicz.SimplyConnected.subdivisionUpperNegativeReversedMap.eq_1 :
  Mathoverflow1973.Hurewicz.DegreeTwo.SimplyConnected.subdivisionUpperNegativeReversedMap =
    { toFun := fun u => ![min (u 0) (unitInterval.symm (u 1)), u 0],
      continuous_toFun :=
        Mathoverflow1973.Hurewicz.DegreeTwo.SimplyConnected.subdivisionUpperNegativeReversedMap._proof_1 }
Mathoverflow1973.SecondHurewicz.SimplyConnected.subdivisionUpperTriangleMap.eq_1 :
  Mathoverflow1973.Hurewicz.DegreeTwo.SimplyConnected.subdivisionUpperTriangleMap =
    { toFun := fun u => ![Mathoverflow1973.Hurewicz.DegreeTwo.SimplyConnected.subdivisionSubMin (u 0) (u 1), u 0],
      continuous_toFun := Mathoverflow1973.Hurewicz.DegreeTwo.SimplyConnected.subdivisionUpperTriangleMap._proof_1 }
Mathoverflow1973.Hurewicz.DegreeTwo.SimplyConnected.continuous_retractedSimplex (n : ℕ) :
  Continuous Mathoverflow1973.Hurewicz.DegreeTwo.SimplyConnected.retractedSimplex
Mathoverflow1973.Hurewicz.DegreeTwo.evaluation {X : Type} [TopologicalSpace X] (x : X) :
  C(↑(Mathoverflow1973.Hurewicz.DegreeTwo.BasedLoopSpace x) × ↑unitInterval, X)
Mathoverflow1973.Hurewicz.DegreeTwo.SimplyConnected.straightenedTwoCycle {X : Type} [TopologicalSpace X]
  (H₁ : SingularSimplex X 1 → C(↑unitInterval × ↑(Simplex 1), X))
  (H₂ : SingularSimplex X 2 → C(↑unitInterval × ↑(Simplex 2), X))
  (h : Mathoverflow1973.Hurewicz.DegreeTwo.SimplyConnected.FaceCompatibleHomotopies 1 H₁ H₂)
  (c : ↥(Mathoverflow1973.SingularMayerVietoris.ModuleHomology.Cycle (singularComplex X) 2)) :
  ↥(Mathoverflow1973.SingularMayerVietoris.ModuleHomology.Cycle (singularComplex X) 2)
Mathoverflow1973.Hurewicz.DegreeTwo.pathSquareClass_trans {X : Type} [TopologicalSpace X] (x : X)
  (p q : Path GenLoop.const GenLoop.const) :
  Mathoverflow1973.Hurewicz.DegreeTwo.pathSquareClass x (p.trans q) =
    Mathoverflow1973.Hurewicz.DegreeTwo.pathSquareClass x p + Mathoverflow1973.Hurewicz.DegreeTwo.pathSquareClass x q
Mathoverflow1973.Hurewicz.DegreeTwo.SimplyConnected.SubdivisionSquare : Type
Mathoverflow1973.Hurewicz.DegreeTwo.SimplyConnected.VertexHomotopyData.of_verticesBased {X : Type} [TopologicalSpace X]
  {x : X} {n : ℕ} (self : Mathoverflow1973.Hurewicz.DegreeTwo.SimplyConnected.VertexHomotopyData x n)
  (smp : C(↑(Simplex n), X)) :
  Mathoverflow1973.Hurewicz.DegreeTwo.SimplyConnected.VerticesBased x n smp →
    self.homotopy smp = smp.comp ContinuousMap.snd
Mathoverflow1973.Hurewicz.DegreeTwo.SimplyConnected.edgeStraighteningHomotopy_vertex {X : Type} [TopologicalSpace X]
  [SimplyConnectedSpace X] (x : X) (smp : C(↑(Simplex 1), X)) (i : Fin 2) (t : ↑unitInterval) :
  (Mathoverflow1973.Hurewicz.DegreeTwo.SimplyConnected.edgeStraighteningHomotopy x smp) (t, stdSimplex.vertex i) =
    smp (stdSimplex.vertex i)
Mathoverflow1973.Hurewicz.DegreeTwo.SimplyConnected.simplexFace_intersection {n : ℕ} {i j : Fin (n + 2)} (hij : i ≤ j)
  {s t : ↑(Simplex (n + 1))} (h : (simplexFace (n + 1) j.succ) s = (simplexFace (n + 1) i.castSucc) t) :
  ∃ u, (simplexFace n i) u = s ∧ (simplexFace n j) u = t
Mathoverflow1973.Hurewicz.DegreeTwo.SimplyConnected.subdivisionUpperTriangleHomotopy.{u_1} {X : Type u_1}
  [TopologicalSpace X] {x : X} (p : ↑(GenLoop (Fin 2) X x)) (hd : ∀ (t : ↑unitInterval), p ![t, t] = x) :
  (↑(Mathoverflow1973.Hurewicz.DegreeTwo.SimplyConnected.subdivisionUpperConeLoop p hd)).HomotopyRel
    (↑(Mathoverflow1973.Hurewicz.DegreeTwo.SimplyConnected.subdivisionUpperTriangleLoop p hd)) (Cube.boundary (Fin 2))
Mathoverflow1973.Hurewicz.DegreeTwo.evaluation_comp_right_zero {X : Type} [TopologicalSpace X] (x : X) :
  (Mathoverflow1973.Hurewicz.DegreeTwo.evaluation x).comp (Mathoverflow1973.SingularHomology.crossInsertRight 0) =
    ContinuousMap.const (↑(Mathoverflow1973.Hurewicz.DegreeTwo.BasedLoopSpace x)) x
Mathoverflow1973.Hurewicz.DegreeTwo.SimplyConnected.subdivisionUpperNegativeBasedTriangle_loop_apply {X : Type}
  [TopologicalSpace X] {x : X} (p : ↑(GenLoop (Fin 2) X x)) (hd : ∀ (t : ↑unitInterval), p ![t, t] = x)
  (u : Fin 2 → ↑unitInterval) :
  (Mathoverflow1973.Hurewicz.DegreeTwo.SimplyConnected.basedTriangleLoop
        (Mathoverflow1973.Hurewicz.DegreeTwo.SimplyConnected.subdivisionUpperNegativeBasedTriangle p hd))
      u =
    p ![min (u 0) (u 1), u 0]
Mathoverflow1973.Hurewicz.DegreeTwo.pathSquareClass_homotopic {X : Type} [TopologicalSpace X] (x : X)
  {p q : Path GenLoop.const GenLoop.const} (h : p.Homotopic q) :
  Mathoverflow1973.Hurewicz.DegreeTwo.pathSquareClass x p = Mathoverflow1973.Hurewicz.DegreeTwo.pathSquareClass x q
Mathoverflow1973.Hurewicz.DegreeTwo.SimplyConnected.VertexHomotopyData.next {X : Type} [TopologicalSpace X] {x : X}
  {n : ℕ} (D : Mathoverflow1973.Hurewicz.DegreeTwo.SimplyConnected.VertexHomotopyData x n) :
  Mathoverflow1973.Hurewicz.DegreeTwo.SimplyConnected.VertexHomotopyData x (n + 1)
Mathoverflow1973.Hurewicz.DegreeTwo.SimplyConnected.cubeBoundary_productBoundary (t : Fin 2 → ↑unitInterval)
  (ht : t ∈ Cube.boundary (Fin 2)) : t 0 = 0 ∨ t 0 = 1 ∨ t 1 = 0 ∨ t 1 = 1
Mathoverflow1973.Hurewicz.DegreeTwo.SimplyConnected.subdivisionUpperOrientation_additiveClass.{u_1} {X : Type u_1}
  [TopologicalSpace X] {x : X} (p : ↑(GenLoop (Fin 2) X x)) (hd : ∀ (t : ↑unitInterval), p ![t, t] = x) :
  Additive.ofMul ⟦Mathoverflow1973.Hurewicz.DegreeTwo.SimplyConnected.subdivisionUpperTriangleLoop p hd⟧ =
    (fun x_1 => -x_1)
      (Additive.ofMul ⟦Mathoverflow1973.Hurewicz.DegreeTwo.SimplyConnected.subdivisionUpperNegativeLoop p hd⟧)
Mathoverflow1973.Hurewicz.DegreeTwo.SimplyConnected.lowerSquareTriangle : C(↑(Simplex 2), Fin 2 → ↑unitInterval)
Mathoverflow1973.Hurewicz.DegreeTwo.SimplyConnected.hurewiczMap_triangleClassOperator_twoCycle {X : Type}
  [TopologicalSpace X] [SimplyConnectedSpace X] (x : X)
  (c : ↥(Mathoverflow1973.SingularMayerVietoris.ModuleHomology.Cycle (singularComplex X) 2)) :
  (Mathoverflow1973.Hurewicz.DegreeTwo.hurewiczMap x)
      ((Mathoverflow1973.Hurewicz.DegreeTwo.SimplyConnected.triangleClassOperator x) ↑c) =
    (Mathoverflow1973.SingularMayerVietoris.ModuleHomology.cycleClass (singularComplex X) 2) c
Mathoverflow1973.Hurewicz.DegreeTwo.SimplyConnected.vertexHomotopy {X : Type} [TopologicalSpace X]
  [SimplyConnectedSpace X] (x : X) (smp : C(↑(Simplex 0), X)) : C(↑unitInterval × ↑(Simplex 0), X)
Mathoverflow1973.Hurewicz.DegreeTwo.SimplyConnected.retractedTime_le_one {n : ℕ} (u : ↑unitInterval × ↑(Simplex n)) :
  (↑u.1 + 2 * Mathoverflow1973.Hurewicz.DegreeTwo.SimplyConnected.cylinderDenominator u - 2) /
      Mathoverflow1973.Hurewicz.DegreeTwo.SimplyConnected.cylinderDenominator u ≤
    1
Mathoverflow1973.Hurewicz.DegreeTwo.SimplyConnected.simplexEndpointOperator_zero {X : Type} [TopologicalSpace X] (n : ℕ)
  (H : SingularSimplex X n → C(↑unitInterval × ↑(Simplex n), X))
  (h₀ : ∀ (smp : SingularSimplex X n), Mathoverflow1973.Hurewicz.DegreeTwo.SimplyConnected.timeSlice (H smp) 0 = smp) :
  Mathoverflow1973.Hurewicz.DegreeTwo.SimplyConnected.simplexEndpointOperator n H 0 = LinearMap.id
Mathoverflow1973.Hurewicz.DegreeTwo.SimplyConnected.vertexStepHomotopy_face_apply {X : Type} [TopologicalSpace X]
  {x : X} {n : ℕ} (D : Mathoverflow1973.Hurewicz.DegreeTwo.SimplyConnected.VertexHomotopyData x n)
  (smp : C(↑(Simplex (n + 1)), X)) (i : Fin (n + 2)) (r : ↑unitInterval) (s : ↑(Simplex n)) :
  (Mathoverflow1973.Hurewicz.DegreeTwo.SimplyConnected.vertexStepHomotopy D smp) (r, (simplexFace n i) s) =
    (D.homotopy (smp.comp (simplexFace n i))) (r, s)
Mathoverflow1973.Hurewicz.DegreeTwo.boundaryTwo_suspensionOne_of_cycle {X : Type} [TopologicalSpace X] (x : X)
  (a : ↑(Chains (↑(Mathoverflow1973.Hurewicz.DegreeTwo.BasedLoopSpace x)) 1))
  (ha : (boundaryOne ↑(Mathoverflow1973.Hurewicz.DegreeTwo.BasedLoopSpace x)) a = 0) :
  (boundaryTwo X) ((Mathoverflow1973.Hurewicz.DegreeTwo.suspensionOne x) a) = 0
Mathoverflow1973.Hurewicz.DegreeTwo.SimplyConnected.triangleQuotient_two (z : ↑unitInterval × ↑unitInterval) :
  (Mathoverflow1973.Hurewicz.DegreeTwo.SimplyConnected.triangleQuotient z) 2 = min ↑z.1 ↑z.2
Mathoverflow1973.SecondHurewicz.SimplyConnected.basedTriangleClass.eq_1 {X : Type} [TopologicalSpace X] {x : X}
  (τ : Mathoverflow1973.Hurewicz.DegreeTwo.SimplyConnected.BasedTriangle x) :
  Mathoverflow1973.Hurewicz.DegreeTwo.SimplyConnected.basedTriangleClass τ =
    Additive.ofMul ⟦Mathoverflow1973.Hurewicz.DegreeTwo.SimplyConnected.basedTriangleLoop τ⟧
Mathoverflow1973.Hurewicz.DegreeTwo.SimplyConnected.VertexHomotopyData.mk.sizeOf_spec {X : Type} [TopologicalSpace X]
  {x : X} {n : ℕ} [SizeOf X] (homotopy : C(↑(Simplex n), X) → C(↑unitInterval × ↑(Simplex n), X))
  (zero : ∀ (smp : C(↑(Simplex n), X)) (s : ↑(Simplex n)), (homotopy smp) (0, s) = smp s)
  (one_verticesBased :
    ∀ (smp : C(↑(Simplex n), X)),
      Mathoverflow1973.Hurewicz.DegreeTwo.SimplyConnected.VerticesBased x n
        (Mathoverflow1973.Hurewicz.DegreeTwo.SimplyConnected.timeSlice (homotopy smp) 1))
  (of_verticesBased :
    ∀ (smp : C(↑(Simplex n), X)),
      Mathoverflow1973.Hurewicz.DegreeTwo.SimplyConnected.VerticesBased x n smp →
        homotopy smp = smp.comp ContinuousMap.snd)
  (face_compatible :
    ∀ (smp : C(↑(Simplex (n + 1)), X)),
      Mathoverflow1973.Hurewicz.DegreeTwo.SimplyConnected.FaceCompatible fun i =>
        homotopy (smp.comp (simplexFace n i))) :
  sizeOf
      { homotopy := homotopy, zero := zero, one_verticesBased := one_verticesBased,
        of_verticesBased := of_verticesBased, face_compatible := face_compatible } =
    1
Mathoverflow1973.Hurewicz.DegreeTwo.SimplyConnected.inducedChain_timeSlice {A X : Type} [TopologicalSpace A]
  [TopologicalSpace X] (H : C(↑unitInterval × A, X)) (t : ↑unitInterval) (n : ℕ) (c : ↑(Chains A n)) :
  (inducedChain H n) ((inducedChain (Mathoverflow1973.SingularHomology.crossInsertLeft t) n) c) =
    (inducedChain (Mathoverflow1973.Hurewicz.DegreeTwo.SimplyConnected.timeSlice H t) n) c
Mathoverflow1973.Hurewicz.DegreeTwo.SimplyConnected.rotationBlend_continuous :
  Continuous fun z => Mathoverflow1973.Hurewicz.DegreeTwo.SimplyConnected.rotationBlend z.1 z.2
Mathoverflow1973.Hurewicz.DegreeTwo.squareHomologyClass {X : Type} [TopologicalSpace X] {x : X}
  (p : ↑(GenLoop (Fin 2) X x)) : ↑(Mathoverflow1973.SingularMayerVietoris.SingularHomology X 2)
Mathoverflow1973.SecondHurewicz.SimplyConnected.subdivisionUpperPositiveBasedTriangle.congr_simp {X : Type}
  [TopologicalSpace X] {x : X} (p p✝ : ↑(GenLoop (Fin 2) X x)) (e_p : p = p✝)
  (hd : ∀ (t : ↑unitInterval), p ![t, t] = x) :
  Mathoverflow1973.Hurewicz.DegreeTwo.SimplyConnected.subdivisionUpperPositiveBasedTriangle p hd =
    Mathoverflow1973.Hurewicz.DegreeTwo.SimplyConnected.subdivisionUpperPositiveBasedTriangle p✝ ⋯
Mathoverflow1973.Hurewicz.DegreeTwo.SimplyConnected.faceCompatible_zero {X : Type} [TopologicalSpace X]
  (F : Fin 2 → C(↑unitInterval × ↑(Simplex 0), X)) :
  Mathoverflow1973.Hurewicz.DegreeTwo.SimplyConnected.FaceCompatible F
Mathoverflow1973.Hurewicz.DegreeTwo.SimplyConnected.vertexStraighteningHomotopy_timeSlice_of_verticesBased {X : Type}
  [TopologicalSpace X] [SimplyConnectedSpace X] (x : X) (n : ℕ) (smp : C(↑(Simplex n), X))
  (h : Mathoverflow1973.Hurewicz.DegreeTwo.SimplyConnected.VerticesBased x n smp) (r : ↑unitInterval) :
  Mathoverflow1973.Hurewicz.DegreeTwo.SimplyConnected.timeSlice
      (Mathoverflow1973.Hurewicz.DegreeTwo.SimplyConnected.vertexStraighteningHomotopy x n smp) r =
    smp
Mathoverflow1973.Hurewicz.DegreeTwo.SimplyConnected.subdivisionPullbackLoop.{u_1} {X : Type u_1} [TopologicalSpace X]
  {x : X} (p : ↑(GenLoop (Fin 2) X x))
  (f :
    C(Mathoverflow1973.Hurewicz.DegreeTwo.SimplyConnected.SubdivisionSquare,
      Mathoverflow1973.Hurewicz.DegreeTwo.SimplyConnected.SubdivisionSquare))
  (hf : ∀ u ∈ Cube.boundary (Fin 2), p (f u) = x) : ↑(GenLoop (Fin 2) X x)
Mathoverflow1973.Hurewicz.DegreeTwo.mapGenLoop_val {N X Y : Type} [TopologicalSpace X] [TopologicalSpace Y]
  (f : C(X, Y)) (x : X) (p : ↑(GenLoop N X x)) : ↑((Mathoverflow1973.Hurewicz.DegreeTwo.mapGenLoop f x) p) = f.comp ↑p
Mathoverflow1973.Hurewicz.DegreeTwo.SimplyConnected.normalizedTriangle_of_verticesBased {X : Type} [TopologicalSpace X]
  [SimplyConnectedSpace X] (x : X) (smp : SingularSimplex X 2)
  (h : Mathoverflow1973.Hurewicz.DegreeTwo.SimplyConnected.VerticesBased x 2 smp) :
  Mathoverflow1973.Hurewicz.DegreeTwo.SimplyConnected.normalizedTriangle x smp =
    Mathoverflow1973.Hurewicz.DegreeTwo.SimplyConnected.edgeStraightenedTriangle x smp h
Mathoverflow1973.Hurewicz.DegreeTwo.SimplyConnected.upperSquareTriangle_outerFace {X : Type} [TopologicalSpace X]
  {x : X} (p : ↑(GenLoop (Fin 2) X x)) (i : Fin 3) (hi : i ≠ 1) :
  ((↑p).comp Mathoverflow1973.Hurewicz.DegreeTwo.SimplyConnected.upperSquareTriangle).comp (simplexFace 1 i) =
    ContinuousMap.const (↑(Simplex 1)) x
Mathoverflow1973.Hurewicz.DegreeTwo.SimplyConnected.edgeStraighteningHomotopy_face {X : Type} [TopologicalSpace X]
  [SimplyConnectedSpace X] (x : X) :
  Mathoverflow1973.Hurewicz.DegreeTwo.SimplyConnected.FaceCompatibleHomotopies 0
    (Mathoverflow1973.Hurewicz.DegreeTwo.SimplyConnected.stationarySimplexHomotopy 0)
    (Mathoverflow1973.Hurewicz.DegreeTwo.SimplyConnected.edgeStraighteningHomotopy x)
Mathoverflow1973.Hurewicz.DegreeTwo.SimplyConnected.simplexPrism_boundary {X : Type} [TopologicalSpace X] (n : ℕ)
  (H : C(↑unitInterval × ↑(Simplex (n + 1)), X)) :
  (ModuleCat.Hom.hom ((singularComplex X).d (n + 2) (n + 1)))
      (Mathoverflow1973.Hurewicz.DegreeTwo.SimplyConnected.simplexPrism (n + 1) H) =
    simplexChain X (n + 1) (Mathoverflow1973.Hurewicz.DegreeTwo.SimplyConnected.timeSlice H 1) -
        simplexChain X (n + 1) (Mathoverflow1973.Hurewicz.DegreeTwo.SimplyConnected.timeSlice H 0) -
      ∑ i,
        (-1) ^ ↑i •
          Mathoverflow1973.Hurewicz.DegreeTwo.SimplyConnected.simplexPrism n
            (H.comp ((ContinuousMap.id ↑unitInterval).prodMap (simplexFace n i)))
Mathoverflow1973.Hurewicz.DegreeTwo.SimplyConnected.subdivisionUpperConeHomotopy.{u_1} {X : Type u_1}
  [TopologicalSpace X] {x : X} (p : ↑(GenLoop (Fin 2) X x)) (hd : ∀ (t : ↑unitInterval), p ![t, t] = x) :
  (↑(Mathoverflow1973.Hurewicz.DegreeTwo.SimplyConnected.subdivisionUpperProductLoop p hd)).HomotopyRel
    (↑(Mathoverflow1973.Hurewicz.DegreeTwo.SimplyConnected.subdivisionUpperConeLoop p hd)) (Cube.boundary (Fin 2))
Mathoverflow1973.Hurewicz.DegreeTwo.SimplyConnected.cyclicBasedTriangle {X : Type} [TopologicalSpace X] {x : X}
  (τ : Mathoverflow1973.Hurewicz.DegreeTwo.SimplyConnected.BasedTriangle x) :
  Mathoverflow1973.Hurewicz.DegreeTwo.SimplyConnected.BasedTriangle x
Mathoverflow1973.SecondHurewicz.SimplyConnected.subdivisionUpperNegativeLoop.eq_1.{u_1} {X : Type u_1}
  [TopologicalSpace X] {x : X} (p : ↑(GenLoop (Fin 2) X x)) (hd : ∀ (t : ↑unitInterval), p ![t, t] = x) :
  Mathoverflow1973.Hurewicz.DegreeTwo.SimplyConnected.subdivisionUpperNegativeLoop p hd =
    Mathoverflow1973.Hurewicz.DegreeTwo.SimplyConnected.subdivisionPullbackLoop p
      Mathoverflow1973.Hurewicz.DegreeTwo.SimplyConnected.subdivisionUpperNegativeMap ⋯
Mathoverflow1973.Hurewicz.DegreeTwo.SimplyConnected.isClosed_simplexBoundary (n : ℕ) :
  IsClosed (Mathoverflow1973.Hurewicz.DegreeTwo.SimplyConnected.simplexBoundary n)
Mathoverflow1973.Hurewicz.DegreeTwo.SimplyConnected.subdivisionUpperTriangleMap :
  C(Mathoverflow1973.Hurewicz.DegreeTwo.SimplyConnected.SubdivisionSquare,
    Mathoverflow1973.Hurewicz.DegreeTwo.SimplyConnected.SubdivisionSquare)
Mathoverflow1973.Hurewicz.DegreeTwo.SimplyConnected.extendCoherentSimplexHomotopy_zero {X : Type} [TopologicalSpace X]
  {n : ℕ} (H : SingularSimplex X n → C(↑unitInterval × ↑(Simplex n), X))
  (H' : SingularSimplex X (n + 1) → C(↑unitInterval × ↑(Simplex (n + 1)), X))
  (h : Mathoverflow1973.Hurewicz.DegreeTwo.SimplyConnected.FaceCompatibleHomotopies n H H')
  (h₀ : ∀ (smp : SingularSimplex X (n + 1)) (s : ↑(Simplex (n + 1))), (H' smp) (0, s) = smp s)
  (smp : SingularSimplex X (n + 2)) (s : ↑(Simplex (n + 2))) :
  (Mathoverflow1973.Hurewicz.DegreeTwo.SimplyConnected.extendCoherentSimplexHomotopy H H' h h₀ smp) (0, s) = smp s
Mathoverflow1973.Hurewicz.DegreeTwo.SimplyConnected.upperProductTriangle_fst (s : ↑(Simplex 2)) :
  ↑(Mathoverflow1973.Hurewicz.DegreeTwo.SimplyConnected.upperProductTriangle s).1 = s 2
Mathoverflow1973.Hurewicz.DegreeTwo.SimplyConnected.squareNormalizationTriangleHomotopy {X : Type} [TopologicalSpace X]
  [SimplyConnectedSpace X] {x : X} (smp : C(↑(Simplex 2), X))
  (h : Mathoverflow1973.Hurewicz.DegreeTwo.SimplyConnected.VerticesBased x 2 smp) :
  smp.Homotopy ↑(Mathoverflow1973.Hurewicz.DegreeTwo.SimplyConnected.edgeStraightenedTriangle x smp h)
Mathoverflow1973.Hurewicz.DegreeTwo.SimplyConnected.simplexFaceCover (n : ℕ) :
  C((_ : Fin (n + 2)) × ↑unitInterval × ↑(Simplex n),
    ↑unitInterval × Mathoverflow1973.Hurewicz.DegreeTwo.SimplyConnected.SimplexBoundary (n + 1))
Mathoverflow1973.Hurewicz.DegreeTwo.SimplyConnected.vertexStepHomotopy_face {X : Type} [TopologicalSpace X] {x : X}
  {n : ℕ} (D : Mathoverflow1973.Hurewicz.DegreeTwo.SimplyConnected.VertexHomotopyData x n) :
  Mathoverflow1973.Hurewicz.DegreeTwo.SimplyConnected.FaceCompatibleHomotopies n D.homotopy
    (Mathoverflow1973.Hurewicz.DegreeTwo.SimplyConnected.vertexStepHomotopy D)
Mathoverflow1973.Hurewicz.DegreeTwo.SimplyConnected.subdivisionWarpCoordinate_of_le_half (u v : ↑unitInterval)
  (hv : ↑v ≤ 1 / 2) :
  Mathoverflow1973.Hurewicz.DegreeTwo.SimplyConnected.subdivisionWarpCoordinate (u, v) = u * Set.projIcc 0 1 ⋯ (2 * ↑v)
Mathoverflow1973.Hurewicz.DegreeTwo.SimplyConnected.rotationBlend_one (v : ℝ × ℝ) :
  Mathoverflow1973.Hurewicz.DegreeTwo.SimplyConnected.rotationBlend 1 v =
    Mathoverflow1973.Hurewicz.DegreeTwo.SimplyConnected.rotationVector v
Mathoverflow1973.Hurewicz.DegreeTwo.SimplyConnected.basedTrianglesHomotopy {X : Type} [TopologicalSpace X] {x : X}
  {p : ↑(GenLoop (Fin 2) X x)} (τ υ : Mathoverflow1973.Hurewicz.DegreeTwo.SimplyConnected.BasedTriangle x)
  (L : ((↑p).comp Mathoverflow1973.Hurewicz.DegreeTwo.SimplyConnected.lowerSquareTriangle).Homotopy ↑τ)
  (U : ((↑p).comp Mathoverflow1973.Hurewicz.DegreeTwo.SimplyConnected.upperSquareTriangle).Homotopy ↑υ)
  (hdiag : ∀ (r : ↑unitInterval) (s : ↑(Simplex 2)), s 1 = 0 → L (r, s) = U (r, s))
  (hL : ∀ (r : ↑unitInterval) (s : ↑(Simplex 2)), s 0 = 0 ∨ s 2 = 0 → L (r, s) = x)
  (hU : ∀ (r : ↑unitInterval) (s : ↑(Simplex 2)), s 0 = 0 ∨ s 2 = 0 → U (r, s) = x) :
  (↑p).HomotopyRel (↑(Mathoverflow1973.Hurewicz.DegreeTwo.SimplyConnected.basedTrianglesLoop τ υ))
    (Cube.boundary (Fin 2))
Mathoverflow1973.Hurewicz.DegreeTwo.SimplyConnected.subdivisionOnDiagonal.{u_1} {X : Type u_1} [TopologicalSpace X]
  {x : X} (p : ↑(GenLoop (Fin 2) X x)) (hd : ∀ (t : ↑unitInterval), p ![t, t] = x)
  (a : Mathoverflow1973.Hurewicz.DegreeTwo.SimplyConnected.SubdivisionSquare) (ha : a 0 = a 1) : p a = x
Mathoverflow1973.Hurewicz.DegreeTwo.SimplyConnected.secondHomologyDesc.{u_1} {X : Type} [TopologicalSpace X]
  {M : Type u_1} [AddCommGroup M] [Module ℤ M] (F : ↑(Chains X 2) →ₗ[ℤ] M)
  (hF : ∀ (b : ↑(Chains X 3)), F ((ModuleCat.Hom.hom ((singularComplex X).d 3 2)) b) = 0) :
  ↑(Mathoverflow1973.SingularMayerVietoris.SingularHomology X 2) →ₗ[ℤ] M
Mathoverflow1973.Hurewicz.DegreeTwo.SimplyConnected.simplexFaceCover_isQuotientMap (n : ℕ) :
  Topology.IsQuotientMap ⇑(Mathoverflow1973.Hurewicz.DegreeTwo.SimplyConnected.simplexFaceCover n)
Mathoverflow1973.Hurewicz.DegreeTwo.SimplyConnected.subdivisionUpperOrientation_homotopic.{u_1} {X : Type u_1}
  [TopologicalSpace X] {x : X} (p : ↑(GenLoop (Fin 2) X x)) (hd : ∀ (t : ↑unitInterval), p ![t, t] = x) :
  GenLoop.Homotopic (Mathoverflow1973.Hurewicz.DegreeTwo.SimplyConnected.subdivisionUpperTriangleLoop p hd)
    (GenLoop.symmAt 1 (Mathoverflow1973.Hurewicz.DegreeTwo.SimplyConnected.subdivisionUpperNegativeLoop p hd))
Mathoverflow1973.Hurewicz.DegreeTwo.SimplyConnected.leftProductDegenerate :
  C(↑(Simplex 2), ↑unitInterval × ↑unitInterval)
Mathoverflow1973.Hurewicz.DegreeTwo.SimplyConnected.triangleCubeQuotient_boundary (t : Fin 2 → ↑unitInterval)
  (ht : t ∈ Cube.boundary (Fin 2)) :
  Mathoverflow1973.Hurewicz.DegreeTwo.SimplyConnected.triangleCubeQuotient t ∈
    Mathoverflow1973.Hurewicz.DegreeTwo.SimplyConnected.triangleBoundary
Mathoverflow1973.Hurewicz.DegreeTwo.SimplyConnected.hurewiczMap_hurewiczInverse {X : Type} [TopologicalSpace X]
  [SimplyConnectedSpace X] (x : X) (c : ↑(Mathoverflow1973.SingularMayerVietoris.SingularHomology X 2)) :
  (Mathoverflow1973.Hurewicz.DegreeTwo.hurewiczMap x)
      ((Mathoverflow1973.Hurewicz.DegreeTwo.SimplyConnected.hurewiczInverse x) c) =
    c
Mathoverflow1973.Hurewicz.DegreeTwo.SimplyConnected.coherentFaceBoundaryHomotopy {X : Type} [TopologicalSpace X] {n : ℕ}
  (H : SingularSimplex X n → C(↑unitInterval × ↑(Simplex n), X))
  (H' : SingularSimplex X (n + 1) → C(↑unitInterval × ↑(Simplex (n + 1)), X))
  (h : Mathoverflow1973.Hurewicz.DegreeTwo.SimplyConnected.FaceCompatibleHomotopies n H H')
  (smp : SingularSimplex X (n + 2)) :
  C(↑unitInterval × Mathoverflow1973.Hurewicz.DegreeTwo.SimplyConnected.SimplexBoundary (n + 2), X)
Mathoverflow1973.Hurewicz.DegreeTwo.SimplyConnected.tetrahedronEdgeStraighteningHomotopy_zero {X : Type}
  [TopologicalSpace X] [SimplyConnectedSpace X] (x : X) (smp : SingularSimplex X 3) (s : ↑(Simplex 3)) :
  (Mathoverflow1973.Hurewicz.DegreeTwo.SimplyConnected.tetrahedronEdgeStraighteningHomotopy x smp) (0, s) = smp s
Mathoverflow1973.SecondHurewicz.SimplyConnected.rotationVector.eq_1 (v : ℝ × ℝ) :
  Mathoverflow1973.Hurewicz.DegreeTwo.SimplyConnected.rotationVector v = (v.2, -v.1)
Mathoverflow1973.Hurewicz.DegreeTwo.crossProductEdge_point_right (X Y : Type) [TopologicalSpace X] [TopologicalSpace Y]
  (a : ↑(Chains X 1)) (y : Y) :
  ((Mathoverflow1973.SingularHomology.crossProductEdge X Y 0) a) (pointChain y) =
    (inducedChain (Mathoverflow1973.SingularHomology.crossInsertRight y) 1) a
Mathoverflow1973.Hurewicz.DegreeTwo.SimplyConnected.upperProductTriangle_snd (s : ↑(Simplex 2)) :
  ↑(Mathoverflow1973.Hurewicz.DegreeTwo.SimplyConnected.upperProductTriangle s).2 = s 1 + s 2
Mathoverflow1973.Hurewicz.DegreeTwo.SimplyConnected.vertexHomotopy_const {X : Type} [TopologicalSpace X]
  [SimplyConnectedSpace X] (x : X) :
  Mathoverflow1973.Hurewicz.DegreeTwo.SimplyConnected.vertexHomotopy x (ContinuousMap.const (↑(Simplex 0)) x) =
    ContinuousMap.const (↑unitInterval × ↑(Simplex 0)) x
Mathoverflow1973.Hurewicz.DegreeTwo.SimplyConnected.chainAugmentation_boundaryTwo (X : Type) [TopologicalSpace X]
  (c : ↑(Chains X 2)) :
  (Mathoverflow1973.Hurewicz.DegreeTwo.SimplyConnected.chainAugmentation X 1) ((boundaryTwo X) c) =
    (Mathoverflow1973.Hurewicz.DegreeTwo.SimplyConnected.chainAugmentation X 2) c
Mathoverflow1973.Hurewicz.DegreeTwo.SimplyConnected.subdivisionUpperPositiveBasedTriangle_class_eq_neg {X : Type}
  [TopologicalSpace X] {x : X} (p : ↑(GenLoop (Fin 2) X x)) (hd : ∀ (t : ↑unitInterval), p ![t, t] = x) :
  Mathoverflow1973.Hurewicz.DegreeTwo.SimplyConnected.basedTriangleClass
      (Mathoverflow1973.Hurewicz.DegreeTwo.SimplyConnected.subdivisionUpperPositiveBasedTriangle p hd) =
    -Mathoverflow1973.Hurewicz.DegreeTwo.SimplyConnected.basedTriangleClass
        (Mathoverflow1973.Hurewicz.DegreeTwo.SimplyConnected.subdivisionUpperNegativeBasedTriangle p hd)
Mathoverflow1973.SecondHurewicz.SimplyConnected.secondHomologyDesc.congr_simp.{u_1} {X : Type} [TopologicalSpace X]
  {M : Type u_1} [AddCommGroup M] [Module ℤ M] (F F✝ : ↑(Chains X 2) →ₗ[ℤ] M) (e_F : F = F✝)
  (hF : ∀ (b : ↑(Chains X 3)), F ((ModuleCat.Hom.hom ((singularComplex X).d 3 2)) b) = 0) :
  Mathoverflow1973.Hurewicz.DegreeTwo.SimplyConnected.secondHomologyDesc F hF =
    Mathoverflow1973.Hurewicz.DegreeTwo.SimplyConnected.secondHomologyDesc F✝ ⋯
Mathoverflow1973.Hurewicz.DegreeTwo.SimplyConnected.subdivisionWarpMap_sides
  (u : Mathoverflow1973.Hurewicz.DegreeTwo.SimplyConnected.SubdivisionSquare) (hu : u ∈ Cube.boundary (Fin 2)) :
  Mathoverflow1973.Hurewicz.DegreeTwo.SimplyConnected.SubdivisionSameSide u
    (Mathoverflow1973.Hurewicz.DegreeTwo.SimplyConnected.subdivisionWarpMap u)
Mathoverflow1973.Hurewicz.DegreeTwo.pathSquareClass {X : Type} [TopologicalSpace X] (x : X)
  (p : Path GenLoop.const GenLoop.const) : ↑(Mathoverflow1973.SingularMayerVietoris.SingularHomology X 2)
Mathoverflow1973.Hurewicz.DegreeTwo.SimplyConnected.triangleProperty_of_face {P : ↑(Simplex 2) → Prop} (i : Fin 3)
  (h : ∀ (u : ↑(Simplex 1)), P ((simplexFace 1 i) u)) (s : ↑(Simplex 2)) (hs : s i = 0) : P s
Mathoverflow1973.Hurewicz.DegreeTwo.SimplyConnected.hurewiczInverse {X : Type} [TopologicalSpace X]
  [SimplyConnectedSpace X] (x : X) :
  ↑(Mathoverflow1973.SingularMayerVietoris.SingularHomology X 2) →ₗ[ℤ] Additive (HomotopyGroup.Pi 2 X x)
Mathoverflow1973.Hurewicz.DegreeTwo.SimplyConnected.SubdivisionSameSide.rec
  {a b : Mathoverflow1973.Hurewicz.DegreeTwo.SimplyConnected.SubdivisionSquare}
  {motive : Mathoverflow1973.Hurewicz.DegreeTwo.SimplyConnected.SubdivisionSameSide a b → Prop}
  (zero : ∀ (i : Fin 2) (ha : a i = 0) (hb : b i = 0), motive ⋯)
  (one : ∀ (i : Fin 2) (ha : a i = 1) (hb : b i = 1), motive ⋯)
  (diagonal : ∀ (ha : a 0 = a 1) (hb : b 0 = b 1), motive ⋯)
  (t : Mathoverflow1973.Hurewicz.DegreeTwo.SimplyConnected.SubdivisionSameSide a b) : motive t
Mathoverflow1973.Hurewicz.DegreeTwo.SimplyConnected.bottomOrSide (n : ℕ) : Set (↑unitInterval × ↑(Simplex n))
Mathoverflow1973.Hurewicz.DegreeTwo.evaluated_triangle_endpoint_cancel {X : Type} [TopologicalSpace X] (x : X)
  (a : ↑(Chains (↑(Mathoverflow1973.Hurewicz.DegreeTwo.BasedLoopSpace x)) 2)) :
  (inducedChain (Mathoverflow1973.Hurewicz.DegreeTwo.evaluation x) 2)
      (((Mathoverflow1973.SingularHomology.crossProductTriangle
            (↑(Mathoverflow1973.Hurewicz.DegreeTwo.BasedLoopSpace x)) (↑unitInterval) 0)
          a)
        ((boundaryOne ↑unitInterval) Mathoverflow1973.Hurewicz.DegreeTwo.intervalChain)) =
    0
Mathoverflow1973.Hurewicz.DegreeTwo.SimplyConnected.upperSquareTriangle_one (s : ↑(Simplex 2)) :
  ↑(Mathoverflow1973.Hurewicz.DegreeTwo.SimplyConnected.upperSquareTriangle s 1) = s 1 + s 2
Mathoverflow1973.Hurewicz.DegreeTwo.SimplyConnected.subdivisionBlend_based.{u_1} {X : Type u_1} [TopologicalSpace X]
  {x : X} (p : ↑(GenLoop (Fin 2) X x)) (hd : ∀ (t : ↑unitInterval), p ![t, t] = x)
  {a b : Mathoverflow1973.Hurewicz.DegreeTwo.SimplyConnected.SubdivisionSquare}
  (h : Mathoverflow1973.Hurewicz.DegreeTwo.SimplyConnected.SubdivisionSameSide a b) (t : ↑unitInterval) :
  p (Mathoverflow1973.Hurewicz.DegreeTwo.SimplyConnected.subdivisionBlend t a b) = x
Mathoverflow1973.Hurewicz.DegreeTwo.SimplyConnected.normalizedTriangleCycleOperator_twoCycle {X : Type}
  [TopologicalSpace X] [SimplyConnectedSpace X] (x : X)
  (c : ↥(Mathoverflow1973.SingularMayerVietoris.ModuleHomology.Cycle (singularComplex X) 2)) :
  (Mathoverflow1973.Hurewicz.DegreeTwo.SimplyConnected.normalizedTriangleCycleOperator x) ↑c =
    Mathoverflow1973.Hurewicz.DegreeTwo.SimplyConnected.normalizedTwoCycle x c
Mathoverflow1973.Hurewicz.DegreeTwo.SimplyConnected.simplexFace_injective (n : ℕ) (i : Fin (n + 2)) :
  Function.Injective ⇑(simplexFace n i)
Mathoverflow1973.Hurewicz.DegreeTwo.SimplyConnected.lowerProductTriangle_snd (s : ↑(Simplex 2)) :
  ↑(Mathoverflow1973.Hurewicz.DegreeTwo.SimplyConnected.lowerProductTriangle s).2 = s 2
Mathoverflow1973.Hurewicz.DegreeTwo.SimplyConnected.basedTrianglesLoop_class {X : Type} [TopologicalSpace X] {x : X}
  (τ υ : Mathoverflow1973.Hurewicz.DegreeTwo.SimplyConnected.BasedTriangle x) :
  Additive.ofMul ⟦Mathoverflow1973.Hurewicz.DegreeTwo.SimplyConnected.basedTrianglesLoop τ υ⟧ =
    Mathoverflow1973.Hurewicz.DegreeTwo.SimplyConnected.basedTriangleClass τ -
      Mathoverflow1973.Hurewicz.DegreeTwo.SimplyConnected.basedTriangleClass υ
Mathoverflow1973.Hurewicz.DegreeTwo.SimplyConnected.rotationUncenter_congr {v w : ℝ × ℝ} {hv : ‖v‖ ≤ 1} {hw : ‖w‖ ≤ 1}
  (h : v = w) :
  Mathoverflow1973.Hurewicz.DegreeTwo.SimplyConnected.rotationUncenter v hv =
    Mathoverflow1973.Hurewicz.DegreeTwo.SimplyConnected.rotationUncenter w hw
Mathoverflow1973.Hurewicz.DegreeTwo.SimplyConnected.edgeNullHomotopy_vertex_one {X : Type} [TopologicalSpace X]
  [SimplyConnectedSpace X] (x : X) (smp : C(↑(Simplex 1), X)) (h₀ : smp (stdSimplex.vertex 0) = x)
  (h₁ : smp (stdSimplex.vertex 1) = x) (t : ↑unitInterval) :
  (Mathoverflow1973.Hurewicz.DegreeTwo.SimplyConnected.edgeNullHomotopy x smp h₀ h₁) (t, stdSimplex.vertex 1) = x
Mathoverflow1973.Hurewicz.DegreeTwo.SimplyConnected.tetrahedronQuadrilateralA_lower (u : Fin 2 → ↑unitInterval) :
  Mathoverflow1973.Hurewicz.DegreeTwo.SimplyConnected.tetrahedronQuadrilateralA
      (Mathoverflow1973.Hurewicz.DegreeTwo.SimplyConnected.subdivisionLowerTriangleMap u) =
    (simplexFace 2 3) (Mathoverflow1973.Hurewicz.DegreeTwo.SimplyConnected.triangleCubeQuotient u)
Mathoverflow1973.Hurewicz.DegreeTwo.SimplyConnected.subdivisionUpperPositiveSquareTriangle_based {X : Type}
  [TopologicalSpace X] {x : X} (p : ↑(GenLoop (Fin 2) X x)) (hd : ∀ (t : ↑unitInterval), p ![t, t] = x)
  (s : ↑(Simplex 2)) (hs : s ∈ Mathoverflow1973.Hurewicz.DegreeTwo.SimplyConnected.triangleBoundary) :
  p (Mathoverflow1973.Hurewicz.DegreeTwo.SimplyConnected.subdivisionUpperPositiveSquareTriangle s) = x
Mathoverflow1973.SecondHurewicz.SimplyConnected.subdivisionUpperConeMap.eq_1 :
  Mathoverflow1973.Hurewicz.DegreeTwo.SimplyConnected.subdivisionUpperConeMap =
    { toFun := fun u => ![u 0 * unitInterval.symm (u 1), Set.Icc.convexComb (u 0) 1 (u 1)],
      continuous_toFun := Mathoverflow1973.Hurewicz.DegreeTwo.SimplyConnected.subdivisionUpperConeMap._proof_1 }
Mathoverflow1973.Hurewicz.DegreeTwo.SimplyConnected.basedTriangleClass_cyclic {X : Type} [TopologicalSpace X] {x : X}
  (τ : Mathoverflow1973.Hurewicz.DegreeTwo.SimplyConnected.BasedTriangle x) :
  Mathoverflow1973.Hurewicz.DegreeTwo.SimplyConnected.basedTriangleClass
      (Mathoverflow1973.Hurewicz.DegreeTwo.SimplyConnected.cyclicBasedTriangle τ) =
    Mathoverflow1973.Hurewicz.DegreeTwo.SimplyConnected.basedTriangleClass τ
Mathoverflow1973.Hurewicz.DegreeTwo.SimplyConnected.squareMap_bottomProductDegenerate {X : Type} [TopologicalSpace X]
  {x : X} (p : ↑(GenLoop (Fin 2) X x)) :
  (Mathoverflow1973.Hurewicz.DegreeTwo.squareMap p).comp
      Mathoverflow1973.Hurewicz.DegreeTwo.SimplyConnected.bottomProductDegenerate =
    ContinuousMap.const (↑(Simplex 2)) x
Mathoverflow1973.Hurewicz.DegreeTwo.SimplyConnected.SubdivisionSameSide.zero
  {a b : Mathoverflow1973.Hurewicz.DegreeTwo.SimplyConnected.SubdivisionSquare} (i : Fin 2) (ha : a i = 0)
  (hb : b i = 0) : Mathoverflow1973.Hurewicz.DegreeTwo.SimplyConnected.SubdivisionSameSide a b
Mathoverflow1973.Hurewicz.DegreeTwo.suspensionTwo {X : Type} [TopologicalSpace X] (x : X) :
  ↑(Chains (↑(Mathoverflow1973.Hurewicz.DegreeTwo.BasedLoopSpace x)) 2) →ₗ[ℤ] ↑(Chains X 3)
Mathoverflow1973.Hurewicz.DegreeTwo.SimplyConnected.subdivisionUpperOrientation_class.{u_1} {X : Type u_1}
  [TopologicalSpace X] {x : X} (p : ↑(GenLoop (Fin 2) X x)) (hd : ∀ (t : ↑unitInterval), p ![t, t] = x) :
  ⟦Mathoverflow1973.Hurewicz.DegreeTwo.SimplyConnected.subdivisionUpperTriangleLoop p hd⟧ =
    (fun x_1 => x_1⁻¹) ⟦Mathoverflow1973.Hurewicz.DegreeTwo.SimplyConnected.subdivisionUpperNegativeLoop p hd⟧
Mathoverflow1973.Hurewicz.DegreeTwo.SimplyConnected.VertexHomotopyData.noConfusionType.{u} (P : Sort u) {X : Type}
  [TopologicalSpace X] {x : X} {n : ℕ} (t : Mathoverflow1973.Hurewicz.DegreeTwo.SimplyConnected.VertexHomotopyData x n)
  {X' : Type} [TopologicalSpace X'] {x' : X'} {n' : ℕ}
  (t' : Mathoverflow1973.Hurewicz.DegreeTwo.SimplyConnected.VertexHomotopyData x' n') : Sort u
Mathoverflow1973.Hurewicz.DegreeTwo.SimplyConnected.squareNormalizedLowerTriangle {X : Type} [TopologicalSpace X]
  [SimplyConnectedSpace X] {x : X} (p : ↑(GenLoop (Fin 2) X x)) :
  Mathoverflow1973.Hurewicz.DegreeTwo.SimplyConnected.BasedTriangle x
Mathoverflow1973.Hurewicz.DegreeTwo.crossProductTriangle_zero_eq_zeroRight (X Y : Type) [TopologicalSpace X]
  [TopologicalSpace Y] :
  Mathoverflow1973.SingularHomology.crossProductTriangle X Y 0 =
    Mathoverflow1973.SingularHomology.crossProductZeroRight X Y 2
Mathoverflow1973.Hurewicz.DegreeTwo.SimplyConnected.squareNormalization_quotient {X : Type} [TopologicalSpace X]
  [SimplyConnectedSpace X] {x : X} (p : ↑(GenLoop (Fin 2) X x)) :
  ⟦p⟧ =
    ⟦Mathoverflow1973.Hurewicz.DegreeTwo.SimplyConnected.basedTrianglesLoop
        (Mathoverflow1973.Hurewicz.DegreeTwo.SimplyConnected.squareNormalizedLowerTriangle p)
        (Mathoverflow1973.Hurewicz.DegreeTwo.SimplyConnected.squareNormalizedUpperTriangle p)⟧
Mathoverflow1973.Hurewicz.DegreeTwo.BasedLoopSpace {X : Type} [TopologicalSpace X] (x : X) :
  Set C(Mathoverflow1973.Hurewicz.DegreeTwo.Remaining → ↑unitInterval, X)
Mathoverflow1973.Hurewicz.DegreeTwo.SimplyConnected.retractedCoordinates_sum {n : ℕ}
  (u : ↑unitInterval × ↑(Simplex n)) :
  ∑ i,
      (u.2 i +
          (Mathoverflow1973.Hurewicz.DegreeTwo.SimplyConnected.cylinderDenominator u - 1) *
            Mathoverflow1973.Hurewicz.DegreeTwo.SimplyConnected.barycenterCoordinate n) /
        Mathoverflow1973.Hurewicz.DegreeTwo.SimplyConnected.cylinderDenominator u =
    1
Mathoverflow1973.Hurewicz.DegreeTwo.SimplyConnected.minimumCoordinate_eq_zero_of_mem_boundary {n : ℕ} {s : ↑(Simplex n)}
  (hs : s ∈ Mathoverflow1973.Hurewicz.DegreeTwo.SimplyConnected.simplexBoundary n) :
  Mathoverflow1973.Hurewicz.DegreeTwo.SimplyConnected.minimumCoordinate s = 0
Mathoverflow1973.Hurewicz.DegreeTwo.SimplyConnected.triangleEdgeStraighteningHomotopy {X : Type} [TopologicalSpace X]
  [SimplyConnectedSpace X] (x : X) (smp : SingularSimplex X 2) : C(↑unitInterval × ↑(Simplex 2), X)
Mathoverflow1973.Hurewicz.DegreeTwo.squareCoordinates : C(↑unitInterval × ↑unitInterval, Fin 2 → ↑unitInterval)
Mathoverflow1973.Hurewicz.DegreeTwo.SimplyConnected.bottomProductDegenerate :
  C(↑(Simplex 2), ↑unitInterval × ↑unitInterval)
Mathoverflow1973.Hurewicz.DegreeTwo.SimplyConnected.basedTrianglesLoop_upper {X : Type} [TopologicalSpace X] {x : X}
  (τ υ : Mathoverflow1973.Hurewicz.DegreeTwo.SimplyConnected.BasedTriangle x) :
  (↑(Mathoverflow1973.Hurewicz.DegreeTwo.SimplyConnected.basedTrianglesLoop τ υ)).comp
      Mathoverflow1973.Hurewicz.DegreeTwo.SimplyConnected.upperSquareTriangle =
    ↑υ
Mathoverflow1973.Hurewicz.DegreeTwo.SimplyConnected.chosenNullHomotopy_refl {X : Type} [TopologicalSpace X]
  [SimplyConnectedSpace X] (x : X) :
  Mathoverflow1973.Hurewicz.DegreeTwo.SimplyConnected.chosenNullHomotopy x (Path.refl x) =
    Path.Homotopy.refl (Path.refl x)
Mathoverflow1973.Hurewicz.DegreeTwo.SimplyConnected.normalizedTetrahedronMap_face_boundary {X : Type}
  [TopologicalSpace X] [SimplyConnectedSpace X] (x : X) (smp : SingularSimplex X 3) (i : Fin 4) (s : ↑(Simplex 2))
  (hs : s ∈ Mathoverflow1973.Hurewicz.DegreeTwo.SimplyConnected.triangleBoundary) :
  (Mathoverflow1973.Hurewicz.DegreeTwo.SimplyConnected.normalizedTetrahedronMap x smp) ((simplexFace 2 i) s) = x
Mathoverflow1973.Hurewicz.DegreeTwo.SimplyConnected.simplexFace_two_zero (s : ↑(Simplex 2)) :
  ⇑((simplexFace 2 0) s) = ![0, s 0, s 1, s 2]
Mathoverflow1973.Hurewicz.DegreeTwo.SimplyConnected.normalizedTwoCycle {X : Type} [TopologicalSpace X]
  [SimplyConnectedSpace X] (x : X)
  (c : ↥(Mathoverflow1973.SingularMayerVietoris.ModuleHomology.Cycle (singularComplex X) 2)) :
  ↥(Mathoverflow1973.SingularMayerVietoris.ModuleHomology.Cycle (singularComplex X) 2)
Mathoverflow1973.Hurewicz.DegreeTwo.SimplyConnected.subdivision_class.{u_1} {X : Type u_1} [TopologicalSpace X] {x : X}
  (p : ↑(GenLoop (Fin 2) X x)) (hd : ∀ (t : ↑unitInterval), p ![t, t] = x) :
  ⟦p⟧ =
    (fun x1 x2 => x1 * x2) ⟦Mathoverflow1973.Hurewicz.DegreeTwo.SimplyConnected.subdivisionLowerTriangleLoop p hd⟧
      ⟦Mathoverflow1973.Hurewicz.DegreeTwo.SimplyConnected.subdivisionUpperTriangleLoop p hd⟧
Mathoverflow1973.SecondHurewicz.SimplyConnected.lowerProductTriangle.eq_1 :
  Mathoverflow1973.Hurewicz.DegreeTwo.SimplyConnected.lowerProductTriangle =
    Mathoverflow1973.Hurewicz.DegreeTwo.SimplyConnected.squareAffineTriangle ![(0, 0), (1, 0), (1, 1)]
Mathoverflow1973.Hurewicz.DegreeTwo.SimplyConnected.normalizedTwoCycle_class {X : Type} [TopologicalSpace X]
  [SimplyConnectedSpace X] (x : X)
  (c : ↥(Mathoverflow1973.SingularMayerVietoris.ModuleHomology.Cycle (singularComplex X) 2)) :
  (Mathoverflow1973.SingularMayerVietoris.ModuleHomology.cycleClass (singularComplex X) 2)
      (Mathoverflow1973.Hurewicz.DegreeTwo.SimplyConnected.normalizedTwoCycle x c) =
    (Mathoverflow1973.SingularMayerVietoris.ModuleHomology.cycleClass (singularComplex X) 2) c
Mathoverflow1973.Hurewicz.DegreeTwo.SimplyConnected.vertexNormalizedSimplex_face {X : Type} [TopologicalSpace X]
  [SimplyConnectedSpace X] (x : X) (n : ℕ) (smp : SingularSimplex X (n + 1)) (i : Fin (n + 2)) :
  ContinuousMap.comp (Mathoverflow1973.Hurewicz.DegreeTwo.SimplyConnected.vertexNormalizedSimplex x (n + 1) smp)
      (simplexFace n i) =
    Mathoverflow1973.Hurewicz.DegreeTwo.SimplyConnected.vertexNormalizedSimplex x n
      (ContinuousMap.comp smp (simplexFace n i))
Mathoverflow1973.Hurewicz.DegreeTwo.SimplyConnected.coordinateDenominator_le {n : ℕ} (u : ↑unitInterval × ↑(Simplex n))
  (i : Fin (n + 1)) : 1 - (↑n + 1) * u.2 i ≤ Mathoverflow1973.Hurewicz.DegreeTwo.SimplyConnected.cylinderDenominator u
Mathoverflow1973.Hurewicz.DegreeTwo.SimplyConnected.upperProductTriangle :
  C(↑(Simplex 2), ↑unitInterval × ↑unitInterval)
Mathoverflow1973.Hurewicz.DegreeTwo.squareCoordinates_zero (z : ↑unitInterval × ↑unitInterval) :
  Mathoverflow1973.Hurewicz.DegreeTwo.squareCoordinates z 0 = z.1
Mathoverflow1973.Hurewicz.DegreeTwo.evaluated_edge_endpoint_cancel {X : Type} [TopologicalSpace X] (x : X)
  (a : ↑(Chains (↑(Mathoverflow1973.Hurewicz.DegreeTwo.BasedLoopSpace x)) 1)) :
  (inducedChain (Mathoverflow1973.Hurewicz.DegreeTwo.evaluation x) 1)
      (((Mathoverflow1973.SingularHomology.crossProductEdge (↑(Mathoverflow1973.Hurewicz.DegreeTwo.BasedLoopSpace x))
            (↑unitInterval) 0)
          a)
        ((boundaryOne ↑unitInterval) Mathoverflow1973.Hurewicz.DegreeTwo.intervalChain)) =
    0
Mathoverflow1973.Hurewicz.DegreeTwo.SimplyConnected.VertexHomotopyData {X : Type} [TopologicalSpace X] (x : X) (n : ℕ) :
  Type
Mathoverflow1973.Hurewicz.DegreeTwo.SimplyConnected.upperSquareTriangle_zero (s : ↑(Simplex 2)) :
  ↑(Mathoverflow1973.Hurewicz.DegreeTwo.SimplyConnected.upperSquareTriangle s 0) = s 2
Mathoverflow1973.Hurewicz.DegreeTwo.SimplyConnected.simplexFaceCylinder (n : ℕ) (i : Fin (n + 2)) :
  C(↑unitInterval × ↑(Simplex n),
    ↑unitInterval × Mathoverflow1973.Hurewicz.DegreeTwo.SimplyConnected.SimplexBoundary (n + 1))
Mathoverflow1973.Hurewicz.DegreeTwo.SimplyConnected.basedTriangleLoop_lower {X : Type} [TopologicalSpace X] {x : X}
  (τ : Mathoverflow1973.Hurewicz.DegreeTwo.SimplyConnected.BasedTriangle x) :
  (↑(Mathoverflow1973.Hurewicz.DegreeTwo.SimplyConnected.basedTriangleLoop τ)).comp
      Mathoverflow1973.Hurewicz.DegreeTwo.SimplyConnected.lowerSquareTriangle =
    ↑τ
Mathoverflow1973.Hurewicz.DegreeTwo.SimplyConnected.squareNormalization_class {X : Type} [TopologicalSpace X]
  [SimplyConnectedSpace X] {x : X} (p : ↑(GenLoop (Fin 2) X x)) :
  Mathoverflow1973.Hurewicz.DegreeTwo.SimplyConnected.basedTriangleClass
        (Mathoverflow1973.Hurewicz.DegreeTwo.SimplyConnected.squareNormalizedLowerTriangle p) -
      Mathoverflow1973.Hurewicz.DegreeTwo.SimplyConnected.basedTriangleClass
        (Mathoverflow1973.Hurewicz.DegreeTwo.SimplyConnected.squareNormalizedUpperTriangle p) =
    Additive.ofMul ⟦p⟧
Mathoverflow1973.Hurewicz.DegreeTwo.SimplyConnected.coherentFaceBoundaryHomotopy_face {X : Type} [TopologicalSpace X]
  {n : ℕ} (H : SingularSimplex X n → C(↑unitInterval × ↑(Simplex n), X))
  (H' : SingularSimplex X (n + 1) → C(↑unitInterval × ↑(Simplex (n + 1)), X))
  (h : Mathoverflow1973.Hurewicz.DegreeTwo.SimplyConnected.FaceCompatibleHomotopies n H H')
  (smp : SingularSimplex X (n + 2)) (i : Fin (n + 3)) (t : ↑unitInterval) (s : ↑(Simplex (n + 1))) :
  (Mathoverflow1973.Hurewicz.DegreeTwo.SimplyConnected.coherentFaceBoundaryHomotopy H H' h smp)
      (t, (Mathoverflow1973.Hurewicz.DegreeTwo.SimplyConnected.simplexFaceBoundary (n + 1) i) s) =
    (H' (ContinuousMap.comp smp (simplexFace (n + 1) i))) (t, s)
Mathoverflow1973.Hurewicz.DegreeTwo.SimplyConnected.subdivisionLowerTriangleLoop_eq_basedTriangleLoop {X : Type}
  [TopologicalSpace X] {x : X} (p : ↑(GenLoop (Fin 2) X x)) (hd : ∀ (t : ↑unitInterval), p ![t, t] = x) :
  Mathoverflow1973.Hurewicz.DegreeTwo.SimplyConnected.subdivisionLowerTriangleLoop p hd =
    Mathoverflow1973.Hurewicz.DegreeTwo.SimplyConnected.basedTriangleLoop
      (Mathoverflow1973.Hurewicz.DegreeTwo.SimplyConnected.subdivisionLowerBasedTriangle p hd)
Mathoverflow1973.SecondHurewicz.SimplyConnected.normalizedTriangle.congr_simp {X : Type} [TopologicalSpace X]
  [SimplyConnectedSpace X] (x : X) (smp smp✝ : SingularSimplex X 2) (e_smp : smp = smp✝) :
  Mathoverflow1973.Hurewicz.DegreeTwo.SimplyConnected.normalizedTriangle x smp =
    Mathoverflow1973.Hurewicz.DegreeTwo.SimplyConnected.normalizedTriangle x smp✝
Mathoverflow1973.Hurewicz.DegreeTwo.SimplyConnected.basedTrianglesLoop_diagonal {X : Type} [TopologicalSpace X] {x : X}
  (τ υ : Mathoverflow1973.Hurewicz.DegreeTwo.SimplyConnected.BasedTriangle x) (u : ↑unitInterval) :
  ((Mathoverflow1973.Hurewicz.DegreeTwo.SimplyConnected.basedTrianglesLoop τ υ) fun x => u) = x
Mathoverflow1973.Hurewicz.DegreeTwo.SimplyConnected.rotationDenominator_pos (t : ↑unitInterval)
  (u : Fin 2 → ↑unitInterval) : 0 < Mathoverflow1973.Hurewicz.DegreeTwo.SimplyConnected.rotationDenominator t u
Mathoverflow1973.Hurewicz.DegreeTwo.SimplyConnected.rotationNormalized_norm_le (t : ↑unitInterval)
  (u : Fin 2 → ↑unitInterval) : ‖Mathoverflow1973.Hurewicz.DegreeTwo.SimplyConnected.rotationNormalized t u‖ ≤ 1
Mathoverflow1973.Hurewicz.DegreeTwo.SimplyConnected.subdivisionUpperNegativeBasedTriangle {X : Type}
  [TopologicalSpace X] {x : X} (p : ↑(GenLoop (Fin 2) X x)) (hd : ∀ (t : ↑unitInterval), p ![t, t] = x) :
  Mathoverflow1973.Hurewicz.DegreeTwo.SimplyConnected.BasedTriangle x
Mathoverflow1973.Hurewicz.DegreeTwo.suspensionOne_apply {X : Type} [TopologicalSpace X] (x : X)
  (a : ↑(Chains (↑(Mathoverflow1973.Hurewicz.DegreeTwo.BasedLoopSpace x)) 1)) :
  (Mathoverflow1973.Hurewicz.DegreeTwo.suspensionOne x) a =
    (inducedChain (Mathoverflow1973.Hurewicz.DegreeTwo.evaluation x) 2)
      (((Mathoverflow1973.SingularHomology.crossProductEdge (↑(Mathoverflow1973.Hurewicz.DegreeTwo.BasedLoopSpace x))
            (↑unitInterval) 1)
          a)
        Mathoverflow1973.Hurewicz.DegreeTwo.intervalChain)
Mathoverflow1973.Hurewicz.DegreeTwo.SimplyConnected.squareNormalization_diagonal {X : Type} [TopologicalSpace X]
  [SimplyConnectedSpace X] {x : X} (p : ↑(GenLoop (Fin 2) X x)) (r : ↑unitInterval) (s : ↑(Simplex 1)) :
  (Mathoverflow1973.Hurewicz.DegreeTwo.SimplyConnected.squareLowerNormalizationHomotopy p) (r, (simplexFace 1 1) s) =
    (Mathoverflow1973.Hurewicz.DegreeTwo.SimplyConnected.squareUpperNormalizationHomotopy p) (r, (simplexFace 1 1) s)
Mathoverflow1973.Hurewicz.DegreeTwo.SimplyConnected.SimplexBoundary (n : ℕ) : Type
Mathoverflow1973.Hurewicz.DegreeTwo.evaluation_zero {X : Type} [TopologicalSpace X] (x : X)
  (p : ↑(Mathoverflow1973.Hurewicz.DegreeTwo.BasedLoopSpace x)) :
  (Mathoverflow1973.Hurewicz.DegreeTwo.evaluation x) (p, 0) = x
Mathoverflow1973.Hurewicz.DegreeTwo.SimplyConnected.upperSquareTriangle_verticesBased {X : Type} [TopologicalSpace X]
  {x : X} (p : ↑(GenLoop (Fin 2) X x)) :
  Mathoverflow1973.Hurewicz.DegreeTwo.SimplyConnected.VerticesBased x 2
    ((↑p).comp Mathoverflow1973.Hurewicz.DegreeTwo.SimplyConnected.upperSquareTriangle)
Mathoverflow1973.Hurewicz.DegreeTwo.SimplyConnected.stationarySimplexHomotopy {X : Type} [TopologicalSpace X] (n : ℕ)
  (smp : C(↑(Simplex n), X)) : C(↑unitInterval × ↑(Simplex n), X)
Mathoverflow1973.Hurewicz.DegreeTwo.SimplyConnected.subdivisionSubMin_one_left (v : ↑unitInterval) :
  Mathoverflow1973.Hurewicz.DegreeTwo.SimplyConnected.subdivisionSubMin 1 v = unitInterval.symm v
Mathoverflow1973.Hurewicz.DegreeTwo.SimplyConnected.subdivisionUpperNegativeReversedLoop_eq_symmAt.{u_1} {X : Type u_1}
  [TopologicalSpace X] {x : X} (p : ↑(GenLoop (Fin 2) X x)) (hd : ∀ (t : ↑unitInterval), p ![t, t] = x) :
  Mathoverflow1973.Hurewicz.DegreeTwo.SimplyConnected.subdivisionUpperNegativeReversedLoop p hd =
    GenLoop.symmAt 1 (Mathoverflow1973.Hurewicz.DegreeTwo.SimplyConnected.subdivisionUpperNegativeLoop p hd)
Mathoverflow1973.Hurewicz.DegreeTwo.SimplyConnected.simplexEndpointOperator {X : Type} [TopologicalSpace X] (n : ℕ)
  (H : SingularSimplex X n → C(↑unitInterval × ↑(Simplex n), X)) (t : ↑unitInterval) : ↑(Chains X n) →ₗ[ℤ] ↑(Chains X n)
Mathoverflow1973.Hurewicz.DegreeTwo.SimplyConnected.basedTrianglesLoop {X : Type} [TopologicalSpace X] {x : X}
  (τ υ : Mathoverflow1973.Hurewicz.DegreeTwo.SimplyConnected.BasedTriangle x) : ↑(GenLoop (Fin 2) X x)
Mathoverflow1973.Hurewicz.DegreeTwo.SimplyConnected.tetrahedronQuadrilateralLoop_diagonal {X : Type}
  [TopologicalSpace X] {x : X} (τ : Mathoverflow1973.Hurewicz.DegreeTwo.SimplyConnected.BasedTetrahedron x)
  (t : ↑unitInterval) : (Mathoverflow1973.Hurewicz.DegreeTwo.SimplyConnected.tetrahedronQuadrilateralLoop τ) ![t, t] = x
Mathoverflow1973.Hurewicz.DegreeTwo.SimplyConnected.quarterTurnHomotopyMap_one (u : Fin 2 → ↑unitInterval) :
  Mathoverflow1973.Hurewicz.DegreeTwo.SimplyConnected.quarterTurnHomotopyMap (1, u) =
    Mathoverflow1973.Hurewicz.DegreeTwo.SimplyConnected.quarterTurn u
Mathoverflow1973.SecondHurewicz.SimplyConnected.tetrahedronQuadrilateralA.eq_1 :
  Mathoverflow1973.Hurewicz.DegreeTwo.SimplyConnected.tetrahedronQuadrilateralA =
    {
      toFun := fun u =>
        ⟨![1 - max ↑(u 0) ↑(u 1), ↑(u 0) - min ↑(u 0) ↑(u 1), min ↑(u 0) ↑(u 1), ↑(u 1) - min ↑(u 0) ↑(u 1)], ⋯⟩,
      continuous_toFun := Mathoverflow1973.Hurewicz.DegreeTwo.SimplyConnected.tetrahedronQuadrilateralA._proof_2 }
Mathoverflow1973.Hurewicz.DegreeTwo.SimplyConnected.subdivisionUpperTriangleMap_based.{u_1} {X : Type u_1}
  [TopologicalSpace X] {x : X} (p : ↑(GenLoop (Fin 2) X x)) (hd : ∀ (t : ↑unitInterval), p ![t, t] = x)
  (u : Mathoverflow1973.Hurewicz.DegreeTwo.SimplyConnected.SubdivisionSquare) (hu : u ∈ Cube.boundary (Fin 2)) :
  p (Mathoverflow1973.Hurewicz.DegreeTwo.SimplyConnected.subdivisionUpperTriangleMap u) = x
Mathoverflow1973.Hurewicz.DegreeTwo.SimplyConnected.barycenterCoordinate_pos (n : ℕ) :
  0 < Mathoverflow1973.Hurewicz.DegreeTwo.SimplyConnected.barycenterCoordinate n
Mathoverflow1973.Hurewicz.DegreeTwo.SimplyConnected.simplexFace_triangleBoundary (i : Fin 4) (s : ↑(Simplex 2))
  (hs : s ∈ Mathoverflow1973.Hurewicz.DegreeTwo.SimplyConnected.triangleBoundary) :
  (simplexFace 2 i) s ∈ Mathoverflow1973.Hurewicz.DegreeTwo.SimplyConnected.tetrahedronOneSkeleton
Mathoverflow1973.Hurewicz.DegreeTwo.SimplyConnected.simplexPrismOperator_simplex {X : Type} [TopologicalSpace X] (n : ℕ)
  (H : SingularSimplex X n → C(↑unitInterval × ↑(Simplex n), X)) (smp : SingularSimplex X n) :
  (Mathoverflow1973.Hurewicz.DegreeTwo.SimplyConnected.simplexPrismOperator n H) (simplexChain X n smp) =
    Mathoverflow1973.Hurewicz.DegreeTwo.SimplyConnected.simplexPrism n (H smp)
Mathoverflow1973.Hurewicz.DegreeTwo.SimplyConnected.tetrahedronFillings_class {X : Type} [TopologicalSpace X] {x : X}
  (τ : Mathoverflow1973.Hurewicz.DegreeTwo.SimplyConnected.BasedTetrahedron x) :
  ⟦Mathoverflow1973.Hurewicz.DegreeTwo.SimplyConnected.tetrahedronQuadrilateralLoop τ⟧ =
    ⟦Mathoverflow1973.Hurewicz.DegreeTwo.SimplyConnected.tetrahedronShiftedQuadrilateralLoop τ⟧
Mathoverflow1973.Hurewicz.DegreeTwo.SimplyConnected.normalizedTwoCycle_val {X : Type} [TopologicalSpace X]
  [SimplyConnectedSpace X] (x : X)
  (c : ↥(Mathoverflow1973.SingularMayerVietoris.ModuleHomology.Cycle (singularComplex X) 2)) :
  ↑(Mathoverflow1973.Hurewicz.DegreeTwo.SimplyConnected.normalizedTwoCycle x c) =
    (Mathoverflow1973.Hurewicz.DegreeTwo.SimplyConnected.normalizedTwoChain x) ↑c
Mathoverflow1973.Hurewicz.DegreeTwo.SimplyConnected.normalizedTwoChain_simplex {X : Type} [TopologicalSpace X]
  [SimplyConnectedSpace X] (x : X) (smp : SingularSimplex X 2) :
  (Mathoverflow1973.Hurewicz.DegreeTwo.SimplyConnected.normalizedTwoChain x) (simplexChain X 2 smp) =
    simplexChain X 2 ↑(Mathoverflow1973.Hurewicz.DegreeTwo.SimplyConnected.normalizedTriangle x smp)
Mathoverflow1973.SecondHurewicz.SimplyConnected.subdivisionBlend.eq_1 (t : ↑unitInterval)
  (a b : Mathoverflow1973.Hurewicz.DegreeTwo.SimplyConnected.SubdivisionSquare) (i : Fin 2) :
  Mathoverflow1973.Hurewicz.DegreeTwo.SimplyConnected.subdivisionBlend t a b i = Set.Icc.convexComb (a i) (b i) t
Mathoverflow1973.Hurewicz.DegreeTwo.squareHomologyClass_const {X : Type} [TopologicalSpace X] {x : X} :
  Mathoverflow1973.Hurewicz.DegreeTwo.squareHomologyClass GenLoop.const = 0
Mathoverflow1973.Hurewicz.DegreeTwo.SimplyConnected.crossPoint_left {A : Type} [TopologicalSpace A] (n : ℕ)
  (t : ↑unitInterval) (c : ↑(Chains A n)) :
  ((Mathoverflow1973.SingularHomology.crossProductZeroLeft (↑unitInterval) A n) (pointChain t)) c =
    (inducedChain (Mathoverflow1973.SingularHomology.crossInsertLeft t) n) c
Mathoverflow1973.Hurewicz.DegreeTwo.SimplyConnected.rotationNormalized (t : ↑unitInterval) (u : Fin 2 → ↑unitInterval) :
  ℝ × ℝ
Mathoverflow1973.Hurewicz.DegreeTwo.SimplyConnected.SubdivisionSameSide.one
  {a b : Mathoverflow1973.Hurewicz.DegreeTwo.SimplyConnected.SubdivisionSquare} (i : Fin 2) (ha : a i = 1)
  (hb : b i = 1) : Mathoverflow1973.Hurewicz.DegreeTwo.SimplyConnected.SubdivisionSameSide a b
Mathoverflow1973.Hurewicz.DegreeTwo.SimplyConnected.squareMap_basedTriangleLoop {X : Type} [TopologicalSpace X] {x : X}
  (τ : Mathoverflow1973.Hurewicz.DegreeTwo.SimplyConnected.BasedTriangle x) :
  Mathoverflow1973.Hurewicz.DegreeTwo.squareMap
      (Mathoverflow1973.Hurewicz.DegreeTwo.SimplyConnected.basedTriangleLoop τ) =
    (↑τ).comp Mathoverflow1973.Hurewicz.DegreeTwo.SimplyConnected.triangleQuotient
Mathoverflow1973.Hurewicz.DegreeTwo.intervalChain : ↑(Chains (↑unitInterval) 1)
Mathoverflow1973.Hurewicz.DegreeTwo.SimplyConnected.quarterTurn_apply (u : Fin 2 → ↑unitInterval) :
  Mathoverflow1973.Hurewicz.DegreeTwo.SimplyConnected.quarterTurn u = ![u 1, unitInterval.symm (u 0)]
Mathoverflow1973.Hurewicz.DegreeTwo.SimplyConnected.extendBoundaryHomotopy_boundary.{u_1} {n : ℕ} {X : Type u_1}
  [TopologicalSpace X] (f : C(↑(Simplex n), X))
  (h : C(↑unitInterval × Mathoverflow1973.Hurewicz.DegreeTwo.SimplyConnected.SimplexBoundary n, X))
  (h0 : ∀ (s : Mathoverflow1973.Hurewicz.DegreeTwo.SimplyConnected.SimplexBoundary n), h (0, s) = f ↑s)
  (t : ↑unitInterval) (s : ↑(Simplex n))
  (hs : s ∈ Mathoverflow1973.Hurewicz.DegreeTwo.SimplyConnected.simplexBoundary n) :
  (Mathoverflow1973.Hurewicz.DegreeTwo.SimplyConnected.extendBoundaryHomotopy f h h0) (t, s) = h (t, ⟨s, hs⟩)
Mathoverflow1973.Hurewicz.DegreeTwo.SimplyConnected.prismOperator_simplex {A X : Type} [TopologicalSpace A]
  [TopologicalSpace X] (n : ℕ) (H : C(↑unitInterval × A, X)) (smp : SingularSimplex A n) :
  (Mathoverflow1973.Hurewicz.DegreeTwo.SimplyConnected.prismOperator n H) (simplexChain A n smp) =
    Mathoverflow1973.Hurewicz.DegreeTwo.SimplyConnected.simplexPrism n
      (H.comp ((ContinuousMap.id ↑unitInterval).prodMap smp))
Mathoverflow1973.Hurewicz.DegreeTwo.SimplyConnected.rotationUncenter_vector (u : Fin 2 → ↑unitInterval) :
  Mathoverflow1973.Hurewicz.DegreeTwo.SimplyConnected.rotationUncenter
      (Mathoverflow1973.Hurewicz.DegreeTwo.SimplyConnected.rotationVector
        (Mathoverflow1973.Hurewicz.DegreeTwo.SimplyConnected.rotationCentered u))
      ⋯ =
    Mathoverflow1973.Hurewicz.DegreeTwo.SimplyConnected.quarterTurn u
Mathoverflow1973.Hurewicz.DegreeTwo.SimplyConnected.VertexHomotopyData.one_verticesBased {X : Type} [TopologicalSpace X]
  {x : X} {n : ℕ} (self : Mathoverflow1973.Hurewicz.DegreeTwo.SimplyConnected.VertexHomotopyData x n)
  (smp : C(↑(Simplex n), X)) :
  Mathoverflow1973.Hurewicz.DegreeTwo.SimplyConnected.VerticesBased x n
    (Mathoverflow1973.Hurewicz.DegreeTwo.SimplyConnected.timeSlice (self.homotopy smp) 1)
Mathoverflow1973.Hurewicz.DegreeTwo.SimplyConnected.prismOperator {A X : Type} [TopologicalSpace A] [TopologicalSpace X]
  (n : ℕ) (H : C(↑unitInterval × A, X)) : ↑(Chains A n) →ₗ[ℤ] ↑(Chains X (n + 1))
Mathoverflow1973.Hurewicz.DegreeTwo.SimplyConnected.subdivisionLowerTriangleMap :
  C(Mathoverflow1973.Hurewicz.DegreeTwo.SimplyConnected.SubdivisionSquare,
    Mathoverflow1973.Hurewicz.DegreeTwo.SimplyConnected.SubdivisionSquare)
Mathoverflow1973.Hurewicz.DegreeTwo.SimplyConnected.subdivisionUpperNegativeReversedLoop.{u_1} {X : Type u_1}
  [TopologicalSpace X] {x : X} (p : ↑(GenLoop (Fin 2) X x)) (hd : ∀ (t : ↑unitInterval), p ![t, t] = x) :
  ↑(GenLoop (Fin 2) X x)
Mathoverflow1973.Hurewicz.DegreeTwo.SimplyConnected.squareNormalization_edge_face {X : Type} [TopologicalSpace X]
  [SimplyConnectedSpace X] {x : X} (smp : C(↑(Simplex 2), X)) (i : Fin 3) (r : ↑unitInterval) (s : ↑(Simplex 1)) :
  (Mathoverflow1973.Hurewicz.DegreeTwo.SimplyConnected.triangleEdgeStraighteningHomotopy x smp)
      (r, (simplexFace 1 i) s) =
    (Mathoverflow1973.Hurewicz.DegreeTwo.SimplyConnected.edgeStraighteningHomotopy x (smp.comp (simplexFace 1 i)))
      (r, s)
Mathoverflow1973.Hurewicz.DegreeTwo.SimplyConnected.normalizedTetrahedron_face {X : Type} [TopologicalSpace X]
  [SimplyConnectedSpace X] (x : X) (smp : SingularSimplex X 3) (i : Fin 4) :
  Mathoverflow1973.Hurewicz.DegreeTwo.SimplyConnected.basedTetrahedronFace
      (Mathoverflow1973.Hurewicz.DegreeTwo.SimplyConnected.normalizedTetrahedron x smp) i =
    Mathoverflow1973.Hurewicz.DegreeTwo.SimplyConnected.normalizedTriangle x (ContinuousMap.comp smp (simplexFace 2 i))
Mathoverflow1973.SecondHurewicz.fundamentalSquareChain.eq_1 :
  Mathoverflow1973.Hurewicz.DegreeTwo.fundamentalSquareChain =
    (inducedChain Mathoverflow1973.Hurewicz.DegreeTwo.squareCoordinates 2)
      Mathoverflow1973.Hurewicz.DegreeTwo.productSquareChain
Mathoverflow1973.Hurewicz.DegreeTwo.SimplyConnected.basedTetrahedronFace {X : Type} [TopologicalSpace X] {x : X}
  (τ : Mathoverflow1973.Hurewicz.DegreeTwo.SimplyConnected.BasedTetrahedron x) (i : Fin 4) :
  Mathoverflow1973.Hurewicz.DegreeTwo.SimplyConnected.BasedTriangle x
Mathoverflow1973.SecondHurewicz.SimplyConnected.bottomProductDegenerate.eq_1 :
  Mathoverflow1973.Hurewicz.DegreeTwo.SimplyConnected.bottomProductDegenerate =
    Mathoverflow1973.Hurewicz.DegreeTwo.SimplyConnected.squareAffineTriangle ![(0, 0), (0, 0), (1, 0)]
Mathoverflow1973.Hurewicz.DegreeTwo.productSquareChain_boundary :
  (boundaryTwo (↑unitInterval × ↑unitInterval)) Mathoverflow1973.Hurewicz.DegreeTwo.productSquareChain =
    (inducedChain (Mathoverflow1973.SingularHomology.crossInsertLeft 1) 1)
          Mathoverflow1973.Hurewicz.DegreeTwo.intervalChain -
        (inducedChain (Mathoverflow1973.SingularHomology.crossInsertLeft 0) 1)
          Mathoverflow1973.Hurewicz.DegreeTwo.intervalChain -
      ((inducedChain (Mathoverflow1973.SingularHomology.crossInsertRight 1) 1)
          Mathoverflow1973.Hurewicz.DegreeTwo.intervalChain -
        (inducedChain (Mathoverflow1973.SingularHomology.crossInsertRight 0) 1)
          Mathoverflow1973.Hurewicz.DegreeTwo.intervalChain)
Mathoverflow1973.Hurewicz.DegreeTwo.SimplyConnected.edgeNullHomotopy {X : Type} [TopologicalSpace X]
  [SimplyConnectedSpace X] (x : X) (smp : C(↑(Simplex 1), X)) (h₀ : smp (stdSimplex.vertex 0) = x)
  (h₁ : smp (stdSimplex.vertex 1) = x) : C(↑unitInterval × ↑(Simplex 1), X)
Mathoverflow1973.Hurewicz.DegreeTwo.evaluation_comp_right_one {X : Type} [TopologicalSpace X] (x : X) :
  (Mathoverflow1973.Hurewicz.DegreeTwo.evaluation x).comp (Mathoverflow1973.SingularHomology.crossInsertRight 1) =
    ContinuousMap.const (↑(Mathoverflow1973.Hurewicz.DegreeTwo.BasedLoopSpace x)) x
Mathoverflow1973.Hurewicz.DegreeTwo.SimplyConnected.verticesBased_zero_iff {X : Type} [TopologicalSpace X] {x : X}
  {smp : C(↑(Simplex 0), X)} :
  Mathoverflow1973.Hurewicz.DegreeTwo.SimplyConnected.VerticesBased x 0 smp ↔ smp = ContinuousMap.const (↑(Simplex 0)) x
Mathoverflow1973.Hurewicz.DegreeTwo.SimplyConnected.squareChain_basedTriangleLoop {X : Type} [TopologicalSpace X]
  {x : X} (τ : Mathoverflow1973.Hurewicz.DegreeTwo.SimplyConnected.BasedTriangle x) :
  Mathoverflow1973.Hurewicz.DegreeTwo.squareChain
      (Mathoverflow1973.Hurewicz.DegreeTwo.SimplyConnected.basedTriangleLoop τ) =
    simplexChain X 2 ↑τ - simplexChain X 2 (ContinuousMap.const (↑(Simplex 2)) x)
Mathoverflow1973.SecondHurewicz.SimplyConnected.subdivisionLowerBasedTriangle.congr_simp {X : Type} [TopologicalSpace X]
  {x : X} (p p✝ : ↑(GenLoop (Fin 2) X x)) (e_p : p = p✝) (hd : ∀ (t : ↑unitInterval), p ![t, t] = x) :
  Mathoverflow1973.Hurewicz.DegreeTwo.SimplyConnected.subdivisionLowerBasedTriangle p hd =
    Mathoverflow1973.Hurewicz.DegreeTwo.SimplyConnected.subdivisionLowerBasedTriangle p✝ ⋯
Mathoverflow1973.Hurewicz.DegreeTwo.SimplyConnected.rotationDenominator_continuous :
  Continuous fun z => Mathoverflow1973.Hurewicz.DegreeTwo.SimplyConnected.rotationDenominator z.1 z.2
Mathoverflow1973.Hurewicz.DegreeTwo.SimplyConnected.timeSlice {A X : Type} [TopologicalSpace A] [TopologicalSpace X]
  (H : C(↑unitInterval × A, X)) (t : ↑unitInterval) : C(A, X)
Mathoverflow1973.Hurewicz.DegreeTwo.SimplyConnected.rotationNormalized_continuous :
  Continuous fun z => Mathoverflow1973.Hurewicz.DegreeTwo.SimplyConnected.rotationNormalized z.1 z.2
Mathoverflow1973.Hurewicz.DegreeTwo.SimplyConnected.squareChain_two_triangles {X : Type} [TopologicalSpace X] {x : X}
  (p : ↑(GenLoop (Fin 2) X x)) :
  Mathoverflow1973.Hurewicz.DegreeTwo.squareChain p =
    simplexChain X 2 ((↑p).comp Mathoverflow1973.Hurewicz.DegreeTwo.SimplyConnected.lowerSquareTriangle) -
      simplexChain X 2 ((↑p).comp Mathoverflow1973.Hurewicz.DegreeTwo.SimplyConnected.upperSquareTriangle)
Mathoverflow1973.Hurewicz.DegreeTwo.SimplyConnected.upperSquareTriangle : C(↑(Simplex 2), Fin 2 → ↑unitInterval)
Mathoverflow1973.Hurewicz.DegreeTwo.SimplyConnected.lowerSquareTriangle_verticesBased {X : Type} [TopologicalSpace X]
  {x : X} (p : ↑(GenLoop (Fin 2) X x)) :
  Mathoverflow1973.Hurewicz.DegreeTwo.SimplyConnected.VerticesBased x 2
    ((↑p).comp Mathoverflow1973.Hurewicz.DegreeTwo.SimplyConnected.lowerSquareTriangle)
Mathoverflow1973.Hurewicz.DegreeTwo.suspensionOne {X : Type} [TopologicalSpace X] (x : X) :
  ↑(Chains (↑(Mathoverflow1973.Hurewicz.DegreeTwo.BasedLoopSpace x)) 1) →ₗ[ℤ] ↑(Chains X 2)
Mathoverflow1973.Hurewicz.DegreeTwo.SimplyConnected.triangleClassOperator_simplex {X : Type} [TopologicalSpace X]
  [SimplyConnectedSpace X] (x : X) (smp : SingularSimplex X 2) :
  (Mathoverflow1973.Hurewicz.DegreeTwo.SimplyConnected.triangleClassOperator x) (simplexChain X 2 smp) =
    Mathoverflow1973.Hurewicz.DegreeTwo.SimplyConnected.basedTriangleClass
      (Mathoverflow1973.Hurewicz.DegreeTwo.SimplyConnected.normalizedTriangle x smp)
Mathoverflow1973.Hurewicz.DegreeTwo.SimplyConnected.quarterTurn_boundary (u : Fin 2 → ↑unitInterval)
  (hu : u ∈ Cube.boundary (Fin 2)) :
  Mathoverflow1973.Hurewicz.DegreeTwo.SimplyConnected.quarterTurn u ∈ Cube.boundary (Fin 2)
Mathoverflow1973.Hurewicz.DegreeTwo.hurewiczFunction {X : Type} [TopologicalSpace X] (x : X) :
  HomotopyGroup.Pi 2 X x → ↑(Mathoverflow1973.SingularMayerVietoris.SingularHomology X 2)
Mathoverflow1973.Hurewicz.DegreeTwo.SimplyConnected.triangleQuotient_lowerProductTriangle :
  Mathoverflow1973.Hurewicz.DegreeTwo.SimplyConnected.triangleQuotient.comp
      Mathoverflow1973.Hurewicz.DegreeTwo.SimplyConnected.lowerProductTriangle =
    ContinuousMap.id ↑(Simplex 2)
Mathoverflow1973.Hurewicz.DegreeTwo.SimplyConnected.faceFamilyMap {X : Type} [TopologicalSpace X] {n : ℕ}
  (F : Fin (n + 2) → C(↑unitInterval × ↑(Simplex n), X)) : C((_ : Fin (n + 2)) × ↑unitInterval × ↑(Simplex n), X)
Mathoverflow1973.Hurewicz.DegreeTwo.SimplyConnected.squareNormalizationHomotopy {X : Type} [TopologicalSpace X]
  [SimplyConnectedSpace X] {x : X} (p : ↑(GenLoop (Fin 2) X x)) :
  (↑p).HomotopyRel
    (↑(Mathoverflow1973.Hurewicz.DegreeTwo.SimplyConnected.basedTrianglesLoop
        (Mathoverflow1973.Hurewicz.DegreeTwo.SimplyConnected.squareNormalizedLowerTriangle p)
        (Mathoverflow1973.Hurewicz.DegreeTwo.SimplyConnected.squareNormalizedUpperTriangle p)))
    (Cube.boundary (Fin 2))
Mathoverflow1973.Hurewicz.DegreeTwo.SimplyConnected.comp_secondHomologyDesc_eq_id.{u_1} {X : Type} [TopologicalSpace X]
  {M : Type u_1} [AddCommGroup M] [Module ℤ M] (F : ↑(Chains X 2) →ₗ[ℤ] M)
  (hF : ∀ (b : ↑(Chains X 3)), F ((ModuleCat.Hom.hom ((singularComplex X).d 3 2)) b) = 0)
  (g : M →ₗ[ℤ] ↑(Mathoverflow1973.SingularMayerVietoris.SingularHomology X 2))
  (hg :
    ∀ (c : ↥(Mathoverflow1973.SingularMayerVietoris.ModuleHomology.Cycle (singularComplex X) 2)),
      g (F ↑c) = (Mathoverflow1973.SingularMayerVietoris.ModuleHomology.cycleClass (singularComplex X) 2) c) :
  g ∘ₗ Mathoverflow1973.Hurewicz.DegreeTwo.SimplyConnected.secondHomologyDesc F hF = LinearMap.id
Mathoverflow1973.Hurewicz.DegreeTwo.SimplyConnected.tetrahedronFillingsHomotopy {X : Type} [TopologicalSpace X] {x : X}
  (τ : Mathoverflow1973.Hurewicz.DegreeTwo.SimplyConnected.BasedTetrahedron x) :
  (↑(Mathoverflow1973.Hurewicz.DegreeTwo.SimplyConnected.tetrahedronQuadrilateralLoop τ)).HomotopyRel
    (↑(Mathoverflow1973.Hurewicz.DegreeTwo.SimplyConnected.rotatedSquareLoop
        (Mathoverflow1973.Hurewicz.DegreeTwo.SimplyConnected.tetrahedronShiftedQuadrilateralLoop τ)))
    (Cube.boundary (Fin 2))
Mathoverflow1973.Hurewicz.DegreeTwo.SimplyConnected.basedTetrahedron_signed_relation {X : Type} [TopologicalSpace X]
  {x : X} (τ : Mathoverflow1973.Hurewicz.DegreeTwo.SimplyConnected.BasedTetrahedron x) :
  ∑ i,
      (-1) ^ ↑i •
        Mathoverflow1973.Hurewicz.DegreeTwo.SimplyConnected.basedTriangleClass
          (Mathoverflow1973.Hurewicz.DegreeTwo.SimplyConnected.basedTetrahedronFace τ i) =
    0
Mathoverflow1973.Hurewicz.DegreeTwo.SimplyConnected.subdivisionUpperNegativeLoop_eq_basedTriangleLoop {X : Type}
  [TopologicalSpace X] {x : X} (p : ↑(GenLoop (Fin 2) X x)) (hd : ∀ (t : ↑unitInterval), p ![t, t] = x) :
  Mathoverflow1973.Hurewicz.DegreeTwo.SimplyConnected.subdivisionUpperNegativeLoop p hd =
    Mathoverflow1973.Hurewicz.DegreeTwo.SimplyConnected.basedTriangleLoop
      (Mathoverflow1973.Hurewicz.DegreeTwo.SimplyConnected.subdivisionUpperNegativeBasedTriangle p hd)
Mathoverflow1973.Hurewicz.DegreeTwo.SimplyConnected.vertexNormalizedSimplex_of_verticesBased {X : Type}
  [TopologicalSpace X] [SimplyConnectedSpace X] (x : X) (n : ℕ) (smp : SingularSimplex X n)
  (h : Mathoverflow1973.Hurewicz.DegreeTwo.SimplyConnected.VerticesBased x n smp) :
  Mathoverflow1973.Hurewicz.DegreeTwo.SimplyConnected.vertexNormalizedSimplex x n smp = smp
Mathoverflow1973.Hurewicz.DegreeTwo.SimplyConnected.simplexEndpointOperator_boundary {X : Type} [TopologicalSpace X]
  (n : ℕ) (H : SingularSimplex X n → C(↑unitInterval × ↑(Simplex n), X))
  (H' : SingularSimplex X (n + 1) → C(↑unitInterval × ↑(Simplex (n + 1)), X))
  (h : Mathoverflow1973.Hurewicz.DegreeTwo.SimplyConnected.FaceCompatibleHomotopies n H H') (t : ↑unitInterval)
  (c : ↑(Chains X (n + 1))) :
  (ModuleCat.Hom.hom ((singularComplex X).d (n + 1) n))
      ((Mathoverflow1973.Hurewicz.DegreeTwo.SimplyConnected.simplexEndpointOperator (n + 1) H' t) c) =
    (Mathoverflow1973.Hurewicz.DegreeTwo.SimplyConnected.simplexEndpointOperator n H t)
      ((ModuleCat.Hom.hom ((singularComplex X).d (n + 1) n)) c)
Mathoverflow1973.Hurewicz.DegreeTwo.suspensionTwo_apply {X : Type} [TopologicalSpace X] (x : X)
  (a : ↑(Chains (↑(Mathoverflow1973.Hurewicz.DegreeTwo.BasedLoopSpace x)) 2)) :
  (Mathoverflow1973.Hurewicz.DegreeTwo.suspensionTwo x) a =
    (inducedChain (Mathoverflow1973.Hurewicz.DegreeTwo.evaluation x) 3)
      (((Mathoverflow1973.SingularHomology.crossProductTriangle
            (↑(Mathoverflow1973.Hurewicz.DegreeTwo.BasedLoopSpace x)) (↑unitInterval) 1)
          a)
        Mathoverflow1973.Hurewicz.DegreeTwo.intervalChain)
Mathoverflow1973.Hurewicz.DegreeTwo.SimplyConnected.BasedTetrahedron {X : Type} [TopologicalSpace X] (x : X) : Type
Mathoverflow1973.Hurewicz.DegreeTwo.SimplyConnected.subdivisionBlend_zero
  (a b : Mathoverflow1973.Hurewicz.DegreeTwo.SimplyConnected.SubdivisionSquare) :
  Mathoverflow1973.Hurewicz.DegreeTwo.SimplyConnected.subdivisionBlend 0 a b = a
Mathoverflow1973.Hurewicz.DegreeTwo.SimplyConnected.normalizedTriangleCycleOperator_simplex {X : Type}
  [TopologicalSpace X] [SimplyConnectedSpace X] (x : X) (smp : SingularSimplex X 2) :
  (Mathoverflow1973.Hurewicz.DegreeTwo.SimplyConnected.normalizedTriangleCycleOperator x) (simplexChain X 2 smp) =
    Mathoverflow1973.Hurewicz.DegreeTwo.SimplyConnected.basedTriangleCycle
      (Mathoverflow1973.Hurewicz.DegreeTwo.SimplyConnected.normalizedTriangle x smp)
Mathoverflow1973.Hurewicz.DegreeTwo.SimplyConnected.tetrahedronOneSkeleton : Set ↑(Simplex 3)
Mathoverflow1973.Hurewicz.DegreeTwo.SimplyConnected.vertexNormalizedTwoCycle {X : Type} [TopologicalSpace X]
  [SimplyConnectedSpace X] (x : X)
  (c : ↥(Mathoverflow1973.SingularMayerVietoris.ModuleHomology.Cycle (singularComplex X) 2)) :
  ↥(Mathoverflow1973.SingularMayerVietoris.ModuleHomology.Cycle (singularComplex X) 2)
Mathoverflow1973.Hurewicz.DegreeTwo.SimplyConnected.squareNormalization_homotopic {X : Type} [TopologicalSpace X]
  [SimplyConnectedSpace X] {x : X} (p : ↑(GenLoop (Fin 2) X x)) :
  GenLoop.Homotopic p
    (Mathoverflow1973.Hurewicz.DegreeTwo.SimplyConnected.basedTrianglesLoop
      (Mathoverflow1973.Hurewicz.DegreeTwo.SimplyConnected.squareNormalizedLowerTriangle p)
      (Mathoverflow1973.Hurewicz.DegreeTwo.SimplyConnected.squareNormalizedUpperTriangle p))
Mathoverflow1973.Hurewicz.DegreeTwo.mapGenLoop_transAt {N X Y : Type} [TopologicalSpace X] [TopologicalSpace Y]
  [DecidableEq N] (f : C(X, Y)) (x : X) (i : N) (p q : ↑(GenLoop N X x)) :
  (Mathoverflow1973.Hurewicz.DegreeTwo.mapGenLoop f x) (GenLoop.transAt i p q) =
    GenLoop.transAt i ((Mathoverflow1973.Hurewicz.DegreeTwo.mapGenLoop f x) p)
      ((Mathoverflow1973.Hurewicz.DegreeTwo.mapGenLoop f x) q)
Mathoverflow1973.Hurewicz.DegreeTwo.SimplyConnected.VertexHomotopyData.mk.injEq {X : Type} [TopologicalSpace X] {x : X}
  {n : ℕ} (homotopy : C(↑(Simplex n), X) → C(↑unitInterval × ↑(Simplex n), X))
  (zero : ∀ (smp : C(↑(Simplex n), X)) (s : ↑(Simplex n)), (homotopy smp) (0, s) = smp s)
  (one_verticesBased :
    ∀ (smp : C(↑(Simplex n), X)),
      Mathoverflow1973.Hurewicz.DegreeTwo.SimplyConnected.VerticesBased x n
        (Mathoverflow1973.Hurewicz.DegreeTwo.SimplyConnected.timeSlice (homotopy smp) 1))
  (of_verticesBased :
    ∀ (smp : C(↑(Simplex n), X)),
      Mathoverflow1973.Hurewicz.DegreeTwo.SimplyConnected.VerticesBased x n smp →
        homotopy smp = smp.comp ContinuousMap.snd)
  (face_compatible :
    ∀ (smp : C(↑(Simplex (n + 1)), X)),
      Mathoverflow1973.Hurewicz.DegreeTwo.SimplyConnected.FaceCompatible fun i => homotopy (smp.comp (simplexFace n i)))
  (homotopy✝ : C(↑(Simplex n), X) → C(↑unitInterval × ↑(Simplex n), X))
  (zero✝ : ∀ (smp : C(↑(Simplex n), X)) (s : ↑(Simplex n)), (homotopy✝ smp) (0, s) = smp s)
  (one_verticesBased✝ :
    ∀ (smp : C(↑(Simplex n), X)),
      Mathoverflow1973.Hurewicz.DegreeTwo.SimplyConnected.VerticesBased x n
        (Mathoverflow1973.Hurewicz.DegreeTwo.SimplyConnected.timeSlice (homotopy✝ smp) 1))
  (of_verticesBased✝ :
    ∀ (smp : C(↑(Simplex n), X)),
      Mathoverflow1973.Hurewicz.DegreeTwo.SimplyConnected.VerticesBased x n smp →
        homotopy✝ smp = smp.comp ContinuousMap.snd)
  (face_compatible✝ :
    ∀ (smp : C(↑(Simplex (n + 1)), X)),
      Mathoverflow1973.Hurewicz.DegreeTwo.SimplyConnected.FaceCompatible fun i =>
        homotopy✝ (smp.comp (simplexFace n i))) :
  ({ homotopy := homotopy, zero := zero, one_verticesBased := one_verticesBased, of_verticesBased := of_verticesBased,
        face_compatible := face_compatible } =
      { homotopy := homotopy✝, zero := zero✝, one_verticesBased := one_verticesBased✝,
        of_verticesBased := of_verticesBased✝, face_compatible := face_compatible✝ }) =
    (homotopy = homotopy✝)
Mathoverflow1973.Hurewicz.DegreeTwo.mapGenLoop_const {N X Y : Type} [TopologicalSpace X] [TopologicalSpace Y]
  (f : C(X, Y)) (x : X) : (Mathoverflow1973.Hurewicz.DegreeTwo.mapGenLoop f x) GenLoop.const = GenLoop.const
Mathoverflow1973.SecondHurewicz.SimplyConnected.rotationDenominator.eq_1 (t : ↑unitInterval)
  (u : Fin 2 → ↑unitInterval) :
  Mathoverflow1973.Hurewicz.DegreeTwo.SimplyConnected.rotationDenominator t u =
    1 - ‖Mathoverflow1973.Hurewicz.DegreeTwo.SimplyConnected.rotationCentered u‖ +
      ‖Mathoverflow1973.Hurewicz.DegreeTwo.SimplyConnected.rotationBlend (↑t)
          (Mathoverflow1973.Hurewicz.DegreeTwo.SimplyConnected.rotationCentered u)‖
Mathoverflow1973.Hurewicz.DegreeTwo.SimplyConnected.subdivisionUpperProductMap_based.{u_1} {X : Type u_1}
  [TopologicalSpace X] {x : X} (p : ↑(GenLoop (Fin 2) X x)) (hd : ∀ (t : ↑unitInterval), p ![t, t] = x)
  (u : Mathoverflow1973.Hurewicz.DegreeTwo.SimplyConnected.SubdivisionSquare) (hu : u ∈ Cube.boundary (Fin 2)) :
  p (Mathoverflow1973.Hurewicz.DegreeTwo.SimplyConnected.subdivisionUpperProductMap u) = x
Mathoverflow1973.Hurewicz.DegreeTwo.SimplyConnected.edgeStraightenedTriangle {X : Type} [TopologicalSpace X]
  [SimplyConnectedSpace X] (x : X) (smp : SingularSimplex X 2)
  (h : Mathoverflow1973.Hurewicz.DegreeTwo.SimplyConnected.VerticesBased x 2 smp) :
  Mathoverflow1973.Hurewicz.DegreeTwo.SimplyConnected.BasedTriangle x
Mathoverflow1973.Hurewicz.DegreeTwo.SimplyConnected.subdivisionWarpLoop.{u_1} {X : Type u_1} [TopologicalSpace X]
  {x : X} (p : ↑(GenLoop (Fin 2) X x)) : ↑(GenLoop (Fin 2) X x)
Mathoverflow1973.Hurewicz.DegreeTwo.SimplyConnected.VertexHomotopyData.zero {X : Type} [TopologicalSpace X] {x : X}
  {n : ℕ} (self : Mathoverflow1973.Hurewicz.DegreeTwo.SimplyConnected.VertexHomotopyData x n) (smp : C(↑(Simplex n), X))
  (s : ↑(Simplex n)) : (self.homotopy smp) (0, s) = smp s
Mathoverflow1973.Hurewicz.DegreeTwo.hurewiczMap {X : Type} [TopologicalSpace X] (x : X) :
  Additive (HomotopyGroup.Pi 2 X x) →ₗ[ℤ] ↑(Mathoverflow1973.SingularMayerVietoris.SingularHomology X 2)
Mathoverflow1973.Hurewicz.DegreeTwo.SimplyConnected.tetrahedronSimplexBlend_zero {n : ℕ} (a b : ↑(Simplex n)) :
  Mathoverflow1973.Hurewicz.DegreeTwo.SimplyConnected.tetrahedronSimplexBlend 0 a b = a
Mathoverflow1973.SecondHurewicz.SimplyConnected.chosenNullHomotopy.eq_1 {X : Type} [TopologicalSpace X]
  [SimplyConnectedSpace X] (x : X) (p : Path x x) :
  Mathoverflow1973.Hurewicz.DegreeTwo.SimplyConnected.chosenNullHomotopy x p =
    if h : p = Path.refl x then (Path.Homotopy.refl (Path.refl x)).cast ⋯ ⋯ else Classical.choice ⋯
Mathoverflow1973.Hurewicz.DegreeTwo.SimplyConnected.VertexHomotopyData.homotopy {X : Type} [TopologicalSpace X] {x : X}
  {n : ℕ} (self : Mathoverflow1973.Hurewicz.DegreeTwo.SimplyConnected.VertexHomotopyData x n) :
  C(↑(Simplex n), X) → C(↑unitInterval × ↑(Simplex n), X)
Mathoverflow1973.Hurewicz.DegreeTwo.SimplyConnected.VertexHomotopyData.recOn.{u} {X : Type} [TopologicalSpace X] {x : X}
  {n : ℕ} {motive : Mathoverflow1973.Hurewicz.DegreeTwo.SimplyConnected.VertexHomotopyData x n → Sort u}
  (t : Mathoverflow1973.Hurewicz.DegreeTwo.SimplyConnected.VertexHomotopyData x n)
  (mk :
    (homotopy : C(↑(Simplex n), X) → C(↑unitInterval × ↑(Simplex n), X)) →
      (zero : ∀ (smp : C(↑(Simplex n), X)) (s : ↑(Simplex n)), (homotopy smp) (0, s) = smp s) →
        (one_verticesBased :
            ∀ (smp : C(↑(Simplex n), X)),
              Mathoverflow1973.Hurewicz.DegreeTwo.SimplyConnected.VerticesBased x n
                (Mathoverflow1973.Hurewicz.DegreeTwo.SimplyConnected.timeSlice (homotopy smp) 1)) →
          (of_verticesBased :
              ∀ (smp : C(↑(Simplex n), X)),
                Mathoverflow1973.Hurewicz.DegreeTwo.SimplyConnected.VerticesBased x n smp →
                  homotopy smp = smp.comp ContinuousMap.snd) →
            (face_compatible :
                ∀ (smp : C(↑(Simplex (n + 1)), X)),
                  Mathoverflow1973.Hurewicz.DegreeTwo.SimplyConnected.FaceCompatible fun i =>
                    homotopy (smp.comp (simplexFace n i))) →
              motive
                { homotopy := homotopy, zero := zero, one_verticesBased := one_verticesBased,
                  of_verticesBased := of_verticesBased, face_compatible := face_compatible }) :
  motive t
Mathoverflow1973.Hurewicz.DegreeTwo.SimplyConnected.vertexBoundaryHomotopy_zero {X : Type} [TopologicalSpace X] {x : X}
  {n : ℕ} (D : Mathoverflow1973.Hurewicz.DegreeTwo.SimplyConnected.VertexHomotopyData x n)
  (smp : C(↑(Simplex (n + 1)), X)) (s : Mathoverflow1973.Hurewicz.DegreeTwo.SimplyConnected.SimplexBoundary (n + 1)) :
  (Mathoverflow1973.Hurewicz.DegreeTwo.SimplyConnected.vertexBoundaryHomotopy D smp) (0, s) = smp ↑s
Mathoverflow1973.Hurewicz.DegreeTwo.boundaryThree_suspensionTwo {X : Type} [TopologicalSpace X] (x : X)
  (a : ↑(Chains (↑(Mathoverflow1973.Hurewicz.DegreeTwo.BasedLoopSpace x)) 2)) :
  (ModuleCat.Hom.hom ((singularComplex X).d 3 2)) ((Mathoverflow1973.Hurewicz.DegreeTwo.suspensionTwo x) a) =
    (Mathoverflow1973.Hurewicz.DegreeTwo.suspensionOne x)
      ((boundaryTwo ↑(Mathoverflow1973.Hurewicz.DegreeTwo.BasedLoopSpace x)) a)
Mathoverflow1973.Hurewicz.DegreeTwo.SimplyConnected.rotationDenominator (t : ↑unitInterval)
  (u : Fin 2 → ↑unitInterval) : ℝ
Mathoverflow1973.Hurewicz.DegreeTwo.SimplyConnected.extendCoherentSimplexHomotopy_face {X : Type} [TopologicalSpace X]
  {n : ℕ} (H : SingularSimplex X n → C(↑unitInterval × ↑(Simplex n), X))
  (H' : SingularSimplex X (n + 1) → C(↑unitInterval × ↑(Simplex (n + 1)), X))
  (h : Mathoverflow1973.Hurewicz.DegreeTwo.SimplyConnected.FaceCompatibleHomotopies n H H')
  (h₀ : ∀ (smp : SingularSimplex X (n + 1)) (s : ↑(Simplex (n + 1))), (H' smp) (0, s) = smp s) :
  Mathoverflow1973.Hurewicz.DegreeTwo.SimplyConnected.FaceCompatibleHomotopies (n + 1) H'
    (Mathoverflow1973.Hurewicz.DegreeTwo.SimplyConnected.extendCoherentSimplexHomotopy H H' h h₀)
Mathoverflow1973.Hurewicz.DegreeTwo.SimplyConnected.VertexHomotopyData.casesOn.{u} {X : Type} [TopologicalSpace X]
  {x : X} {n : ℕ} {motive : Mathoverflow1973.Hurewicz.DegreeTwo.SimplyConnected.VertexHomotopyData x n → Sort u}
  (t : Mathoverflow1973.Hurewicz.DegreeTwo.SimplyConnected.VertexHomotopyData x n)
  (mk :
    (homotopy : C(↑(Simplex n), X) → C(↑unitInterval × ↑(Simplex n), X)) →
      (zero : ∀ (smp : C(↑(Simplex n), X)) (s : ↑(Simplex n)), (homotopy smp) (0, s) = smp s) →
        (one_verticesBased :
            ∀ (smp : C(↑(Simplex n), X)),
              Mathoverflow1973.Hurewicz.DegreeTwo.SimplyConnected.VerticesBased x n
                (Mathoverflow1973.Hurewicz.DegreeTwo.SimplyConnected.timeSlice (homotopy smp) 1)) →
          (of_verticesBased :
              ∀ (smp : C(↑(Simplex n), X)),
                Mathoverflow1973.Hurewicz.DegreeTwo.SimplyConnected.VerticesBased x n smp →
                  homotopy smp = smp.comp ContinuousMap.snd) →
            (face_compatible :
                ∀ (smp : C(↑(Simplex (n + 1)), X)),
                  Mathoverflow1973.Hurewicz.DegreeTwo.SimplyConnected.FaceCompatible fun i =>
                    homotopy (smp.comp (simplexFace n i))) →
              motive
                { homotopy := homotopy, zero := zero, one_verticesBased := one_verticesBased,
                  of_verticesBased := of_verticesBased, face_compatible := face_compatible }) :
  motive t
Mathoverflow1973.Hurewicz.DegreeTwo.SimplyConnected.subdivisionWarpCoordinate :
  C(↑unitInterval × ↑unitInterval, ↑unitInterval)
Mathoverflow1973.Hurewicz.DegreeTwo.SimplyConnected.hurewicz_basedTriangleClass {X : Type} [TopologicalSpace X] {x : X}
  (τ : Mathoverflow1973.Hurewicz.DegreeTwo.SimplyConnected.BasedTriangle x) :
  (Mathoverflow1973.Hurewicz.DegreeTwo.hurewiczMap x)
      (Mathoverflow1973.Hurewicz.DegreeTwo.SimplyConnected.basedTriangleClass τ) =
    (Mathoverflow1973.SingularMayerVietoris.ModuleHomology.cycleClass (singularComplex X) 2)
      (Mathoverflow1973.Hurewicz.DegreeTwo.SimplyConnected.basedTriangleCycle τ)
Mathoverflow1973.Hurewicz.DegreeTwo.SimplyConnected.extendCoherentSimplexHomotopy {X : Type} [TopologicalSpace X]
  {n : ℕ} (H : SingularSimplex X n → C(↑unitInterval × ↑(Simplex n), X))
  (H' : SingularSimplex X (n + 1) → C(↑unitInterval × ↑(Simplex (n + 1)), X))
  (h : Mathoverflow1973.Hurewicz.DegreeTwo.SimplyConnected.FaceCompatibleHomotopies n H H')
  (h₀ : ∀ (smp : SingularSimplex X (n + 1)) (s : ↑(Simplex (n + 1))), (H' smp) (0, s) = smp s)
  (smp : SingularSimplex X (n + 2)) : C(↑unitInterval × ↑(Simplex (n + 2)), X)
Mathoverflow1973.Hurewicz.DegreeTwo.SimplyConnected.SubdivisionSameSide.recOn
  {a b : Mathoverflow1973.Hurewicz.DegreeTwo.SimplyConnected.SubdivisionSquare}
  {motive : Mathoverflow1973.Hurewicz.DegreeTwo.SimplyConnected.SubdivisionSameSide a b → Prop}
  (t : Mathoverflow1973.Hurewicz.DegreeTwo.SimplyConnected.SubdivisionSameSide a b)
  (zero : ∀ (i : Fin 2) (ha : a i = 0) (hb : b i = 0), motive ⋯)
  (one : ∀ (i : Fin 2) (ha : a i = 1) (hb : b i = 1), motive ⋯)
  (diagonal : ∀ (ha : a 0 = a 1) (hb : b 0 = b 1), motive ⋯) : motive t
Mathoverflow1973.Hurewicz.DegreeTwo.SimplyConnected.triangleClassOperator_boundary {X : Type} [TopologicalSpace X]
  [SimplyConnectedSpace X] (x : X) (b : ↑(Chains X 3)) :
  (Mathoverflow1973.Hurewicz.DegreeTwo.SimplyConnected.triangleClassOperator x)
      ((ModuleCat.Hom.hom ((singularComplex X).d 3 2)) b) =
    0
Mathoverflow1973.Hurewicz.DegreeTwo.squareChain_boundary {X : Type} [TopologicalSpace X] {x : X}
  (p : ↑(GenLoop (Fin 2) X x)) : (boundaryTwo X) (Mathoverflow1973.Hurewicz.DegreeTwo.squareChain p) = 0
Mathoverflow1973.Hurewicz.DegreeTwo.pathSquareClass_homotopy {X : Type} [TopologicalSpace X] (x : X)
  {p q : Path GenLoop.const GenLoop.const} (H : p.Homotopy q) :
  Mathoverflow1973.Hurewicz.DegreeTwo.pathSquareClass x p = Mathoverflow1973.Hurewicz.DegreeTwo.pathSquareClass x q
Mathoverflow1973.Hurewicz.DegreeTwo.SimplyConnected.rotationNormalized_zero (u : Fin 2 → ↑unitInterval) :
  Mathoverflow1973.Hurewicz.DegreeTwo.SimplyConnected.rotationNormalized 0 u =
    Mathoverflow1973.Hurewicz.DegreeTwo.SimplyConnected.rotationCentered u
Mathoverflow1973.Hurewicz.DegreeTwo.squareHomologyClass_homotopic {X : Type} [TopologicalSpace X] {x : X}
  {p q : ↑(GenLoop (Fin 2) X x)} (h : GenLoop.Homotopic p q) :
  Mathoverflow1973.Hurewicz.DegreeTwo.squareHomologyClass p = Mathoverflow1973.Hurewicz.DegreeTwo.squareHomologyClass q
Mathoverflow1973.SecondHurewicz.SimplyConnected.subdivisionLowerProductMap.eq_1 :
  Mathoverflow1973.Hurewicz.DegreeTwo.SimplyConnected.subdivisionLowerProductMap =
    { toFun := fun u => ![u 0, u 0 * u 1],
      continuous_toFun := Mathoverflow1973.Hurewicz.DegreeTwo.SimplyConnected.subdivisionLowerProductMap._proof_1 }
Mathoverflow1973.Hurewicz.DegreeTwo.induced_intervalChain {X : Type} [TopologicalSpace X] {a b : X} (p : Path a b) :
  (inducedChain p.toContinuousMap 1) Mathoverflow1973.Hurewicz.DegreeTwo.intervalChain = pathChain p
Mathoverflow1973.Hurewicz.DegreeTwo.SimplyConnected.gluedTriangleHomotopyMap_boundary {X : Type} [TopologicalSpace X]
  (L U : C(↑unitInterval × ↑(Simplex 2), X))
  (hdiag : ∀ (r : ↑unitInterval) (s : ↑(Simplex 2)), s 1 = 0 → L (r, s) = U (r, s)) (x : X)
  (hL : ∀ (r : ↑unitInterval) (s : ↑(Simplex 2)), s 0 = 0 ∨ s 2 = 0 → L (r, s) = x)
  (hU : ∀ (r : ↑unitInterval) (s : ↑(Simplex 2)), s 0 = 0 ∨ s 2 = 0 → U (r, s) = x) (r : ↑unitInterval)
  (t : Fin 2 → ↑unitInterval) (ht : t ∈ Cube.boundary (Fin 2)) :
  (Mathoverflow1973.Hurewicz.DegreeTwo.SimplyConnected.gluedTriangleHomotopyMap L U hdiag) (r, t) = x
Mathoverflow1973.Hurewicz.DegreeTwo.SimplyConnected.prismOperator_apply {A X : Type} [TopologicalSpace A]
  [TopologicalSpace X] (n : ℕ) (H : C(↑unitInterval × A, X)) (c : ↑(Chains A n)) :
  (Mathoverflow1973.Hurewicz.DegreeTwo.SimplyConnected.prismOperator n H) c =
    (inducedChain H (n + 1))
      (((Mathoverflow1973.SingularHomology.crossProductEdge (↑unitInterval) A n)
          Mathoverflow1973.Hurewicz.DegreeTwo.intervalChain)
        c)
Mathoverflow1973.Hurewicz.DegreeTwo.SimplyConnected.glueFaceHomotopies_zero {X : Type} [TopologicalSpace X] {n : ℕ}
  (F : Fin (n + 2) → C(↑unitInterval × ↑(Simplex n), X))
  (hF : Mathoverflow1973.Hurewicz.DegreeTwo.SimplyConnected.FaceCompatible F) (g : C(↑(Simplex (n + 1)), X))
  (h : ∀ (i : Fin (n + 2)) (s : ↑(Simplex n)), (F i) (0, s) = g ((simplexFace n i) s))
  (b : Mathoverflow1973.Hurewicz.DegreeTwo.SimplyConnected.SimplexBoundary (n + 1)) :
  (Mathoverflow1973.Hurewicz.DegreeTwo.SimplyConnected.glueFaceHomotopies F hF) (0, b) = g ↑b
Mathoverflow1973.Hurewicz.DegreeTwo.SimplyConnected.simplexFace_two_one (s : ↑(Simplex 2)) :
  ⇑((simplexFace 2 1) s) = ![s 0, 0, s 1, s 2]
Mathoverflow1973.Hurewicz.DegreeTwo.SimplyConnected.prismOperator_boundary {A X : Type} [TopologicalSpace A]
  [TopologicalSpace X] (n : ℕ) (H : C(↑unitInterval × A, X)) (c : ↑(Chains A (n + 1))) :
  (ModuleCat.Hom.hom ((singularComplex X).d (n + 2) (n + 1)))
      ((Mathoverflow1973.Hurewicz.DegreeTwo.SimplyConnected.prismOperator (n + 1) H) c) =
    (inducedChain (Mathoverflow1973.Hurewicz.DegreeTwo.SimplyConnected.timeSlice H 1) (n + 1)) c -
        (inducedChain (Mathoverflow1973.Hurewicz.DegreeTwo.SimplyConnected.timeSlice H 0) (n + 1)) c -
      (Mathoverflow1973.Hurewicz.DegreeTwo.SimplyConnected.prismOperator n H)
        ((ModuleCat.Hom.hom ((singularComplex A).d (n + 1) n)) c)
Mathoverflow1973.Hurewicz.DegreeTwo.SimplyConnected.normalizedTwoChain_eq {X : Type} [TopologicalSpace X]
  [SimplyConnectedSpace X] (x : X) :
  Mathoverflow1973.Hurewicz.DegreeTwo.SimplyConnected.normalizedTwoChain x =
    Mathoverflow1973.Hurewicz.DegreeTwo.SimplyConnected.simplexEndpointOperator 2
        (Mathoverflow1973.Hurewicz.DegreeTwo.SimplyConnected.triangleEdgeStraighteningHomotopy x) 1 ∘ₗ
      Mathoverflow1973.Hurewicz.DegreeTwo.SimplyConnected.simplexEndpointOperator 2
        (Mathoverflow1973.Hurewicz.DegreeTwo.SimplyConnected.vertexStraighteningHomotopy x 2) 1
Mathoverflow1973.SecondHurewicz.SimplyConnected.subdivisionUpperNegativeBasedTriangle.congr_simp {X : Type}
  [TopologicalSpace X] {x : X} (p p✝ : ↑(GenLoop (Fin 2) X x)) (e_p : p = p✝)
  (hd : ∀ (t : ↑unitInterval), p ![t, t] = x) :
  Mathoverflow1973.Hurewicz.DegreeTwo.SimplyConnected.subdivisionUpperNegativeBasedTriangle p hd =
    Mathoverflow1973.Hurewicz.DegreeTwo.SimplyConnected.subdivisionUpperNegativeBasedTriangle p✝ ⋯
Mathoverflow1973.Hurewicz.DegreeTwo.SimplyConnected.rotationNormalized_one (u : Fin 2 → ↑unitInterval) :
  Mathoverflow1973.Hurewicz.DegreeTwo.SimplyConnected.rotationNormalized 1 u =
    Mathoverflow1973.Hurewicz.DegreeTwo.SimplyConnected.rotationVector
      (Mathoverflow1973.Hurewicz.DegreeTwo.SimplyConnected.rotationCentered u)
Mathoverflow1973.SecondHurewicz.SimplyConnected.vertexStraighteningHomotopy.congr_simp {X : Type} [TopologicalSpace X]
  [SimplyConnectedSpace X] (x x✝ : X) (e_x : x = x✝) (n : ℕ) (smp smp✝ : C(↑(Simplex n), X)) (e_smp : smp = smp✝) :
  Mathoverflow1973.Hurewicz.DegreeTwo.SimplyConnected.vertexStraighteningHomotopy x n smp =
    Mathoverflow1973.Hurewicz.DegreeTwo.SimplyConnected.vertexStraighteningHomotopy x✝ n smp✝
Mathoverflow1973.Hurewicz.DegreeTwo.SimplyConnected.bottomInclusion (n : ℕ) :
  C(↑(Simplex n), ↑(Mathoverflow1973.Hurewicz.DegreeTwo.SimplyConnected.bottomOrSide n))
Mathoverflow1973.Hurewicz.DegreeTwo.SimplyConnected.triangleQuotient_upperProductTriangle_boundary (s : ↑(Simplex 2)) :
  Mathoverflow1973.Hurewicz.DegreeTwo.SimplyConnected.triangleQuotient
      (Mathoverflow1973.Hurewicz.DegreeTwo.SimplyConnected.upperProductTriangle s) ∈
    Mathoverflow1973.Hurewicz.DegreeTwo.SimplyConnected.triangleBoundary
Mathoverflow1973.Hurewicz.DegreeTwo.SimplyConnected.tetrahedronUpperLoop_eq_face {X : Type} [TopologicalSpace X] {x : X}
  (τ : Mathoverflow1973.Hurewicz.DegreeTwo.SimplyConnected.BasedTetrahedron x) :
  Mathoverflow1973.Hurewicz.DegreeTwo.SimplyConnected.subdivisionUpperTriangleLoop
      (Mathoverflow1973.Hurewicz.DegreeTwo.SimplyConnected.tetrahedronQuadrilateralLoop τ) ⋯ =
    Mathoverflow1973.Hurewicz.DegreeTwo.SimplyConnected.basedTriangleLoop
      (Mathoverflow1973.Hurewicz.DegreeTwo.SimplyConnected.basedTetrahedronFace τ 1)
Mathoverflow1973.Hurewicz.DegreeTwo.SimplyConnected.vertexStraighteningHomotopy {X : Type} [TopologicalSpace X]
  [SimplyConnectedSpace X] (x : X) (n : ℕ) (smp : C(↑(Simplex n), X)) : C(↑unitInterval × ↑(Simplex n), X)
Mathoverflow1973.SecondHurewicz.SimplyConnected.edgeStraighteningHomotopy.eq_1 {X : Type} [TopologicalSpace X]
  [SimplyConnectedSpace X] (x : X) (smp : C(↑(Simplex 1), X)) :
  Mathoverflow1973.Hurewicz.DegreeTwo.SimplyConnected.edgeStraighteningHomotopy x smp =
    if h : smp (stdSimplex.vertex 0) = x ∧ smp (stdSimplex.vertex 1) = x then
      Mathoverflow1973.Hurewicz.DegreeTwo.SimplyConnected.edgeNullHomotopy x smp ⋯ ⋯
    else Mathoverflow1973.Hurewicz.DegreeTwo.SimplyConnected.stationarySimplexHomotopy 1 smp
Mathoverflow1973.SecondHurewicz.productSquareChain.eq_1 :
  Mathoverflow1973.Hurewicz.DegreeTwo.productSquareChain =
    ((Mathoverflow1973.SingularHomology.crossProductEdge (↑unitInterval) (↑unitInterval) 1)
        Mathoverflow1973.Hurewicz.DegreeTwo.intervalChain)
      Mathoverflow1973.Hurewicz.DegreeTwo.intervalChain
Mathoverflow1973.Hurewicz.DegreeTwo.SimplyConnected.subdivisionUpperConeMap_based.{u_1} {X : Type u_1}
  [TopologicalSpace X] {x : X} (p : ↑(GenLoop (Fin 2) X x)) (hd : ∀ (t : ↑unitInterval), p ![t, t] = x)
  (u : Mathoverflow1973.Hurewicz.DegreeTwo.SimplyConnected.SubdivisionSquare) (hu : u ∈ Cube.boundary (Fin 2)) :
  p (Mathoverflow1973.Hurewicz.DegreeTwo.SimplyConnected.subdivisionUpperConeMap u) = x
Mathoverflow1973.Hurewicz.DegreeTwo.SimplyConnected.basedTetrahedron_pair_relation {X : Type} [TopologicalSpace X]
  {x : X} (τ : Mathoverflow1973.Hurewicz.DegreeTwo.SimplyConnected.BasedTetrahedron x) :
  Mathoverflow1973.Hurewicz.DegreeTwo.SimplyConnected.basedTriangleClass
        (Mathoverflow1973.Hurewicz.DegreeTwo.SimplyConnected.basedTetrahedronFace τ 3) +
      Mathoverflow1973.Hurewicz.DegreeTwo.SimplyConnected.basedTriangleClass
        (Mathoverflow1973.Hurewicz.DegreeTwo.SimplyConnected.basedTetrahedronFace τ 1) =
    Mathoverflow1973.Hurewicz.DegreeTwo.SimplyConnected.basedTriangleClass
        (Mathoverflow1973.Hurewicz.DegreeTwo.SimplyConnected.basedTetrahedronFace τ 0) +
      Mathoverflow1973.Hurewicz.DegreeTwo.SimplyConnected.basedTriangleClass
        (Mathoverflow1973.Hurewicz.DegreeTwo.SimplyConnected.basedTetrahedronFace τ 2)
Mathoverflow1973.Hurewicz.DegreeTwo.SimplyConnected.cylinderDenominator_pos {n : ℕ} (u : ↑unitInterval × ↑(Simplex n)) :
  0 < Mathoverflow1973.Hurewicz.DegreeTwo.SimplyConnected.cylinderDenominator u
Mathoverflow1973.Hurewicz.DegreeTwo.SimplyConnected.chosenNullHomotopy {X : Type} [TopologicalSpace X]
  [SimplyConnectedSpace X] (x : X) (p : Path x x) : p.Homotopy (Path.refl x)
Mathoverflow1973.Hurewicz.DegreeTwo.SimplyConnected.VertexHomotopyData.ctorIdx {X : Type} {inst✝ : TopologicalSpace X}
  {x : X} {n : ℕ} : Mathoverflow1973.Hurewicz.DegreeTwo.SimplyConnected.VertexHomotopyData x n → ℕ
Mathoverflow1973.Hurewicz.DegreeTwo.SimplyConnected.tetrahedronQuarterShift_index (s : ↑(Simplex 3)) (i : Fin 4) :
  (Mathoverflow1973.Hurewicz.DegreeTwo.SimplyConnected.tetrahedronQuarterShift s)
      (Mathoverflow1973.Hurewicz.DegreeTwo.SimplyConnected.tetrahedronQuarterIndex i) =
    s i
Mathoverflow1973.Hurewicz.DegreeTwo.Remaining : Type
Mathoverflow1973.Hurewicz.DegreeTwo.SimplyConnected.tetrahedronSimplexBlend_self {n : ℕ} (t : ↑unitInterval)
  (a : ↑(Simplex n)) : Mathoverflow1973.Hurewicz.DegreeTwo.SimplyConnected.tetrahedronSimplexBlend t a a = a
Mathoverflow1973.SecondHurewicz.SimplyConnected.subdivisionUpperTriangleLoop.congr_simp.{u_1} {X : Type u_1}
  [TopologicalSpace X] {x : X} (p p✝ : ↑(GenLoop (Fin 2) X x)) (e_p : p = p✝)
  (hd : ∀ (t : ↑unitInterval), p ![t, t] = x) :
  Mathoverflow1973.Hurewicz.DegreeTwo.SimplyConnected.subdivisionUpperTriangleLoop p hd =
    Mathoverflow1973.Hurewicz.DegreeTwo.SimplyConnected.subdivisionUpperTriangleLoop p✝ ⋯
Mathoverflow1973.Hurewicz.DegreeTwo.SimplyConnected.tetrahedronSimplexBlend_zero_coordinate {n : ℕ} (t : ↑unitInterval)
  (a b : ↑(Simplex n)) (i : Fin (n + 1)) (ha : a i = 0) (hb : b i = 0) :
  (Mathoverflow1973.Hurewicz.DegreeTwo.SimplyConnected.tetrahedronSimplexBlend t a b) i = 0
Mathoverflow1973.Hurewicz.DegreeTwo.SimplyConnected.subdivisionUpperNegativeMap :
  C(Mathoverflow1973.Hurewicz.DegreeTwo.SimplyConnected.SubdivisionSquare,
    Mathoverflow1973.Hurewicz.DegreeTwo.SimplyConnected.SubdivisionSquare)
Mathoverflow1973.Hurewicz.DegreeTwo.SimplyConnected.vertexHomotopy_zero {X : Type} [TopologicalSpace X]
  [SimplyConnectedSpace X] (x : X) (smp : C(↑(Simplex 0), X)) (s : ↑(Simplex 0)) :
  (Mathoverflow1973.Hurewicz.DegreeTwo.SimplyConnected.vertexHomotopy x smp) (0, s) = smp s
Mathoverflow1973.Hurewicz.DegreeTwo.SimplyConnected.tetrahedronEdgeStraighteningHomotopy {X : Type} [TopologicalSpace X]
  [SimplyConnectedSpace X] (x : X) (smp : SingularSimplex X 3) : C(↑unitInterval × ↑(Simplex 3), X)
Mathoverflow1973.Hurewicz.DegreeTwo.SimplyConnected.tetrahedronQuadrilateralB : C(Fin 2 → ↑unitInterval, ↑(Simplex 3))
Mathoverflow1973.Hurewicz.DegreeTwo.SimplyConnected.cylinderRetraction_fix {n : ℕ}
  (u : ↑(Mathoverflow1973.Hurewicz.DegreeTwo.SimplyConnected.bottomOrSide n)) :
  (Mathoverflow1973.Hurewicz.DegreeTwo.SimplyConnected.cylinderRetraction n) ↑u = u
Mathoverflow1973.Hurewicz.DegreeTwo.SimplyConnected.subdivisionLowerProductMap_based.{u_1} {X : Type u_1}
  [TopologicalSpace X] {x : X} (p : ↑(GenLoop (Fin 2) X x)) (hd : ∀ (t : ↑unitInterval), p ![t, t] = x)
  (u : Mathoverflow1973.Hurewicz.DegreeTwo.SimplyConnected.SubdivisionSquare) (hu : u ∈ Cube.boundary (Fin 2)) :
  p (Mathoverflow1973.Hurewicz.DegreeTwo.SimplyConnected.subdivisionLowerProductMap u) = x
Mathoverflow1973.Hurewicz.DegreeTwo.SimplyConnected.leftProductDegenerate_fst (s : ↑(Simplex 2)) :
  (Mathoverflow1973.Hurewicz.DegreeTwo.SimplyConnected.leftProductDegenerate s).1 = 0
Mathoverflow1973.Hurewicz.DegreeTwo.SimplyConnected.tetrahedronQuadrilateralA_upper (u : Fin 2 → ↑unitInterval) :
  Mathoverflow1973.Hurewicz.DegreeTwo.SimplyConnected.tetrahedronQuadrilateralA
      (Mathoverflow1973.Hurewicz.DegreeTwo.SimplyConnected.subdivisionUpperTriangleMap u) =
    (simplexFace 2 1) (Mathoverflow1973.Hurewicz.DegreeTwo.SimplyConnected.triangleCubeQuotient u)
Mathoverflow1973.Hurewicz.DegreeTwo.SimplyConnected.VertexHomotopyData.face_compatible {X : Type} [TopologicalSpace X]
  {x : X} {n : ℕ} (self : Mathoverflow1973.Hurewicz.DegreeTwo.SimplyConnected.VertexHomotopyData x n)
  (smp : C(↑(Simplex (n + 1)), X)) :
  Mathoverflow1973.Hurewicz.DegreeTwo.SimplyConnected.FaceCompatible fun i => self.homotopy (smp.comp (simplexFace n i))
Mathoverflow1973.Hurewicz.DegreeTwo.SimplyConnected.retractedTime_eq_of_mem {n : ℕ} {u : ↑unitInterval × ↑(Simplex n)}
  (hu : u ∈ Mathoverflow1973.Hurewicz.DegreeTwo.SimplyConnected.bottomOrSide n) :
  Mathoverflow1973.Hurewicz.DegreeTwo.SimplyConnected.retractedTime u = u.1
Mathoverflow1973.Hurewicz.DegreeTwo.SimplyConnected.vertexStepHomotopy_one_verticesBased {X : Type} [TopologicalSpace X]
  {x : X} {n : ℕ} (D : Mathoverflow1973.Hurewicz.DegreeTwo.SimplyConnected.VertexHomotopyData x n)
  (smp : C(↑(Simplex (n + 1)), X)) :
  Mathoverflow1973.Hurewicz.DegreeTwo.SimplyConnected.VerticesBased x (n + 1)
    (Mathoverflow1973.Hurewicz.DegreeTwo.SimplyConnected.timeSlice
      (Mathoverflow1973.Hurewicz.DegreeTwo.SimplyConnected.vertexStepHomotopy D smp) 1)
Mathoverflow1973.Hurewicz.DegreeTwo.SimplyConnected.glueFaceHomotopies_face {X : Type} [TopologicalSpace X] {n : ℕ}
  (F : Fin (n + 2) → C(↑unitInterval × ↑(Simplex n), X))
  (hF : Mathoverflow1973.Hurewicz.DegreeTwo.SimplyConnected.FaceCompatible F) (i : Fin (n + 2)) (r : ↑unitInterval)
  (s : ↑(Simplex n)) :
  (Mathoverflow1973.Hurewicz.DegreeTwo.SimplyConnected.glueFaceHomotopies F hF)
      (r, (Mathoverflow1973.Hurewicz.DegreeTwo.SimplyConnected.simplexFaceBoundary n i) s) =
    (F i) (r, s)
Mathoverflow1973.Hurewicz.DegreeTwo.toLoop_const {X : Type} [TopologicalSpace X] {x : X} :
  GenLoop.toLoop 0 GenLoop.const = Path.refl GenLoop.const
Mathoverflow1973.Hurewicz.DegreeTwo.SimplyConnected.tetrahedronFillings_homotopic {X : Type} [TopologicalSpace X]
  {x : X} (τ : Mathoverflow1973.Hurewicz.DegreeTwo.SimplyConnected.BasedTetrahedron x) :
  GenLoop.Homotopic (Mathoverflow1973.Hurewicz.DegreeTwo.SimplyConnected.tetrahedronQuadrilateralLoop τ)
    (Mathoverflow1973.Hurewicz.DegreeTwo.SimplyConnected.rotatedSquareLoop
      (Mathoverflow1973.Hurewicz.DegreeTwo.SimplyConnected.tetrahedronShiftedQuadrilateralLoop τ))
Mathoverflow1973.Hurewicz.DegreeTwo.SimplyConnected.simplexVertex_exists_face (n : ℕ) (k : Fin (n + 2)) :
  ∃ i j, (simplexFace n i) (stdSimplex.vertex j) = stdSimplex.vertex k
Mathoverflow1973.Hurewicz.DegreeTwo.SimplyConnected.triangleClassOperator {X : Type} [TopologicalSpace X]
  [SimplyConnectedSpace X] (x : X) : ↑(Chains X 2) →ₗ[ℤ] Additive (HomotopyGroup.Pi 2 X x)
Mathoverflow1973.Hurewicz.DegreeTwo.SimplyConnected.triangleEdgeStraighteningHomotopy_face {X : Type}
  [TopologicalSpace X] [SimplyConnectedSpace X] (x : X) :
  Mathoverflow1973.Hurewicz.DegreeTwo.SimplyConnected.FaceCompatibleHomotopies 1
    (Mathoverflow1973.Hurewicz.DegreeTwo.SimplyConnected.edgeStraighteningHomotopy x)
    (Mathoverflow1973.Hurewicz.DegreeTwo.SimplyConnected.triangleEdgeStraighteningHomotopy x)
Mathoverflow1973.Hurewicz.DegreeTwo.SimplyConnected.subdivision_additiveClass.{u_1} {X : Type u_1} [TopologicalSpace X]
  {x : X} (p : ↑(GenLoop (Fin 2) X x)) (hd : ∀ (t : ↑unitInterval), p ![t, t] = x) :
  Additive.ofMul ⟦p⟧ =
    (fun x1 x2 => x1 + x2)
      (Additive.ofMul ⟦Mathoverflow1973.Hurewicz.DegreeTwo.SimplyConnected.subdivisionLowerTriangleLoop p hd⟧)
      (Additive.ofMul ⟦Mathoverflow1973.Hurewicz.DegreeTwo.SimplyConnected.subdivisionUpperTriangleLoop p hd⟧)
Mathoverflow1973.Hurewicz.DegreeTwo.SimplyConnected.subdivisionLowerTriangleMap_based.{u_1} {X : Type u_1}
  [TopologicalSpace X] {x : X} (p : ↑(GenLoop (Fin 2) X x)) (hd : ∀ (t : ↑unitInterval), p ![t, t] = x)
  (u : Mathoverflow1973.Hurewicz.DegreeTwo.SimplyConnected.SubdivisionSquare) (hu : u ∈ Cube.boundary (Fin 2)) :
  p (Mathoverflow1973.Hurewicz.DegreeTwo.SimplyConnected.subdivisionLowerTriangleMap u) = x
Mathoverflow1973.Hurewicz.DegreeTwo.SimplyConnected.subdivisionLowerProductLoop.{u_1} {X : Type u_1}
  [TopologicalSpace X] {x : X} (p : ↑(GenLoop (Fin 2) X x)) (hd : ∀ (t : ↑unitInterval), p ![t, t] = x) :
  ↑(GenLoop (Fin 2) X x)
Mathoverflow1973.Hurewicz.DegreeTwo.SimplyConnected.subdivisionWarpHomotopy.{u_1} {X : Type u_1} [TopologicalSpace X]
  {x : X} (p : ↑(GenLoop (Fin 2) X x)) (hd : ∀ (t : ↑unitInterval), p ![t, t] = x) :
  (↑p).HomotopyRel (↑(Mathoverflow1973.Hurewicz.DegreeTwo.SimplyConnected.subdivisionWarpLoop p))
    (Cube.boundary (Fin 2))
Mathoverflow1973.SecondHurewicz.squareCoordinates.eq_1 :
  Mathoverflow1973.Hurewicz.DegreeTwo.squareCoordinates =
    { toFun := fun z => (Cube.insertAt 0) (z.1, fun x => z.2),
      continuous_toFun := Mathoverflow1973.Hurewicz.DegreeTwo.squareCoordinates._proof_1 }
Mathoverflow1973.Hurewicz.DegreeTwo.SimplyConnected.minimumCoordinate_nonneg {n : ℕ} (s : ↑(Simplex n)) :
  0 ≤ Mathoverflow1973.Hurewicz.DegreeTwo.SimplyConnected.minimumCoordinate s
Mathoverflow1973.Hurewicz.DegreeTwo.SimplyConnected.tetrahedronQuarterShift : C(↑(Simplex 3), ↑(Simplex 3))
Mathoverflow1973.SecondHurewicz.SimplyConnected.subdivisionUpperProductLoop.eq_1.{u_1} {X : Type u_1}
  [TopologicalSpace X] {x : X} (p : ↑(GenLoop (Fin 2) X x)) (hd : ∀ (t : ↑unitInterval), p ![t, t] = x) :
  Mathoverflow1973.Hurewicz.DegreeTwo.SimplyConnected.subdivisionUpperProductLoop p hd =
    Mathoverflow1973.Hurewicz.DegreeTwo.SimplyConnected.subdivisionPullbackLoop p
      Mathoverflow1973.Hurewicz.DegreeTwo.SimplyConnected.subdivisionUpperProductMap ⋯
Mathoverflow1973.Hurewicz.DegreeTwo.SimplyConnected.nextFaceHomotopies_compatible {X : Type} [TopologicalSpace X]
  {n : ℕ} (H : SingularSimplex X n → C(↑unitInterval × ↑(Simplex n), X))
  (H' : SingularSimplex X (n + 1) → C(↑unitInterval × ↑(Simplex (n + 1)), X))
  (h : Mathoverflow1973.Hurewicz.DegreeTwo.SimplyConnected.FaceCompatibleHomotopies n H H')
  (smp : SingularSimplex X (n + 2)) :
  Mathoverflow1973.Hurewicz.DegreeTwo.SimplyConnected.FaceCompatible fun i =>
    H' (ContinuousMap.comp smp (simplexFace (n + 1) i))
Mathoverflow1973.Hurewicz.DegreeTwo.SimplyConnected.subdivisionUpperPositiveSquareTriangle_zero (s : ↑(Simplex 2)) :
  ↑(Mathoverflow1973.Hurewicz.DegreeTwo.SimplyConnected.subdivisionUpperPositiveSquareTriangle s 0) = s 1
Mathoverflow1973.Hurewicz.DegreeTwo.SimplyConnected.exists_coordinate_eq_minimum {n : ℕ} (s : ↑(Simplex n)) :
  ∃ i, s i = Mathoverflow1973.Hurewicz.DegreeTwo.SimplyConnected.minimumCoordinate s
Mathoverflow1973.Hurewicz.DegreeTwo.SimplyConnected.VerticesBased.face {X : Type} [TopologicalSpace X] {x : X} {n : ℕ}
  {smp : C(↑(Simplex (n + 1)), X)} (h : Mathoverflow1973.Hurewicz.DegreeTwo.SimplyConnected.VerticesBased x (n + 1) smp)
  (i : Fin (n + 2)) : Mathoverflow1973.Hurewicz.DegreeTwo.SimplyConnected.VerticesBased x n (smp.comp (simplexFace n i))
Mathoverflow1973.SecondHurewicz.SimplyConnected.edgeNullHomotopy.congr_simp {X : Type} [TopologicalSpace X]
  [SimplyConnectedSpace X] (x x✝ : X) (e_x : x = x✝) (smp smp✝ : C(↑(Simplex 1), X)) (e_smp : smp = smp✝)
  (h₀ : smp (stdSimplex.vertex 0) = x) (h₁ : smp (stdSimplex.vertex 1) = x) :
  Mathoverflow1973.Hurewicz.DegreeTwo.SimplyConnected.edgeNullHomotopy x smp h₀ h₁ =
    Mathoverflow1973.Hurewicz.DegreeTwo.SimplyConnected.edgeNullHomotopy x✝ smp✝ ⋯ ⋯
Mathoverflow1973.Hurewicz.DegreeTwo.squareHomologyClass_eq_pathSquareClass {X : Type} [TopologicalSpace X] {x : X}
  (p : ↑(GenLoop (Fin 2) X x)) :
  Mathoverflow1973.Hurewicz.DegreeTwo.squareHomologyClass p =
    Mathoverflow1973.Hurewicz.DegreeTwo.pathSquareClass x (GenLoop.toLoop 0 p)
Mathoverflow1973.Hurewicz.DegreeTwo.SimplyConnected.card_mul_barycenterCoordinate (n : ℕ) :
  (↑n + 1) * Mathoverflow1973.Hurewicz.DegreeTwo.SimplyConnected.barycenterCoordinate n = 1
Mathoverflow1973.Hurewicz.DegreeTwo.SimplyConnected.subdivisionLowerTriangleLoop.{u_1} {X : Type u_1}
  [TopologicalSpace X] {x : X} (p : ↑(GenLoop (Fin 2) X x)) (hd : ∀ (t : ↑unitInterval), p ![t, t] = x) :
  ↑(GenLoop (Fin 2) X x)
Mathoverflow1973.Hurewicz.DegreeTwo.SimplyConnected.chainAugmentation (X : Type) [TopologicalSpace X] (n : ℕ) :
  ↑(Chains X n) →ₗ[ℤ] ℤ
Mathoverflow1973.Hurewicz.DegreeTwo.SimplyConnected.simplexFace_mem_boundary (n : ℕ) (i : Fin (n + 2))
  (s : ↑(Simplex n)) : (simplexFace n i) s ∈ Mathoverflow1973.Hurewicz.DegreeTwo.SimplyConnected.simplexBoundary (n + 1)
Mathoverflow1973.Hurewicz.DegreeTwo.SimplyConnected.glueFaceHomotopies_unique {X : Type} [TopologicalSpace X] {n : ℕ}
  (F : Fin (n + 2) → C(↑unitInterval × ↑(Simplex n), X))
  (hF : Mathoverflow1973.Hurewicz.DegreeTwo.SimplyConnected.FaceCompatible F)
  (G : C(↑unitInterval × Mathoverflow1973.Hurewicz.DegreeTwo.SimplyConnected.SimplexBoundary (n + 1), X))
  (hG :
    ∀ (i : Fin (n + 2)) (r : ↑unitInterval) (s : ↑(Simplex n)),
      G (r, (Mathoverflow1973.Hurewicz.DegreeTwo.SimplyConnected.simplexFaceBoundary n i) s) = (F i) (r, s)) :
  G = Mathoverflow1973.Hurewicz.DegreeTwo.SimplyConnected.glueFaceHomotopies F hF
Mathoverflow1973.Hurewicz.DegreeTwo.SimplyConnected.simplexEndpointOperator_simplex {X : Type} [TopologicalSpace X]
  (n : ℕ) (H : SingularSimplex X n → C(↑unitInterval × ↑(Simplex n), X)) (t : ↑unitInterval)
  (smp : SingularSimplex X n) :
  (Mathoverflow1973.Hurewicz.DegreeTwo.SimplyConnected.simplexEndpointOperator n H t) (simplexChain X n smp) =
    simplexChain X n (Mathoverflow1973.Hurewicz.DegreeTwo.SimplyConnected.timeSlice (H smp) t)
Mathoverflow1973.Hurewicz.DegreeTwo.SimplyConnected.retractedTime_nonneg {n : ℕ} (u : ↑unitInterval × ↑(Simplex n)) :
  0 ≤
    (↑u.1 + 2 * Mathoverflow1973.Hurewicz.DegreeTwo.SimplyConnected.cylinderDenominator u - 2) /
      Mathoverflow1973.Hurewicz.DegreeTwo.SimplyConnected.cylinderDenominator u
Mathoverflow1973.Hurewicz.DegreeTwo.SimplyConnected.extendBoundaryHomotopy_face.{u_1} {n : ℕ} {X : Type u_1}
  [TopologicalSpace X] (f : C(↑(Simplex (n + 1)), X))
  (h : C(↑unitInterval × Mathoverflow1973.Hurewicz.DegreeTwo.SimplyConnected.SimplexBoundary (n + 1), X))
  (h0 : ∀ (s : Mathoverflow1973.Hurewicz.DegreeTwo.SimplyConnected.SimplexBoundary (n + 1)), h (0, s) = f ↑s)
  (t : ↑unitInterval) (i : Fin (n + 2)) (s : ↑(Simplex n)) :
  (Mathoverflow1973.Hurewicz.DegreeTwo.SimplyConnected.extendBoundaryHomotopy f h h0) (t, (simplexFace n i) s) =
    h (t, ⟨(simplexFace n i) s, ⋯⟩)
Mathoverflow1973.Hurewicz.DegreeTwo.SimplyConnected.tetrahedronQuarterShift_face_one (s : ↑(Simplex 2)) :
  Mathoverflow1973.Hurewicz.DegreeTwo.SimplyConnected.tetrahedronQuarterShift ((simplexFace 2 1) s) =
    (simplexFace 2 2)
      (Mathoverflow1973.Hurewicz.DegreeTwo.SimplyConnected.triangleCyclicPermutation
        (Mathoverflow1973.Hurewicz.DegreeTwo.SimplyConnected.triangleCyclicPermutation s))
Mathoverflow1973.Hurewicz.DegreeTwo.SimplyConnected.subdivision_eq_sub_of_eq_add.{u_1} {A : Type u_1} [AddGroup A]
  {a b c d : A} (h : a = b + c) (hc : c = -d) : a = b - d
Mathoverflow1973.Hurewicz.DegreeTwo.intervalChain_boundary :
  (boundaryOne ↑unitInterval) Mathoverflow1973.Hurewicz.DegreeTwo.intervalChain = pointChain 1 - pointChain 0
Mathoverflow1973.Hurewicz.DegreeTwo.SimplyConnected.squareLowerNormalization_outerFace {X : Type} [TopologicalSpace X]
  [SimplyConnectedSpace X] {x : X} (p : ↑(GenLoop (Fin 2) X x)) (r : ↑unitInterval) (i : Fin 3) (hi : i ≠ 1)
  (s : ↑(Simplex 1)) :
  (Mathoverflow1973.Hurewicz.DegreeTwo.SimplyConnected.squareLowerNormalizationHomotopy p) (r, (simplexFace 1 i) s) = x
Mathoverflow1973.Hurewicz.DegreeTwo.SimplyConnected.subdivisionUpperNegativeReversedMap_based.{u_1} {X : Type u_1}
  [TopologicalSpace X] {x : X} (p : ↑(GenLoop (Fin 2) X x)) (hd : ∀ (t : ↑unitInterval), p ![t, t] = x)
  (u : Mathoverflow1973.Hurewicz.DegreeTwo.SimplyConnected.SubdivisionSquare) (hu : u ∈ Cube.boundary (Fin 2)) :
  p (Mathoverflow1973.Hurewicz.DegreeTwo.SimplyConnected.subdivisionUpperNegativeReversedMap u) = x
Mathoverflow1973.Hurewicz.DegreeTwo.SimplyConnected.verticesBased_const {X : Type} [TopologicalSpace X] (x : X)
  (n : ℕ) : Mathoverflow1973.Hurewicz.DegreeTwo.SimplyConnected.VerticesBased x n (ContinuousMap.const (↑(Simplex n)) x)
Mathoverflow1973.Hurewicz.DegreeTwo.pathSquareClass_refl {X : Type} [TopologicalSpace X] (x : X) :
  Mathoverflow1973.Hurewicz.DegreeTwo.pathSquareClass x (Path.refl GenLoop.const) = 0
Mathoverflow1973.Hurewicz.DegreeTwo.SimplyConnected.BasedTetrahedron.ofFaces {X : Type} [TopologicalSpace X] {x : X}
  (τ : C(↑(Simplex 3), X))
  (h :
    ∀ (i : Fin 4),
      ∀ s ∈ Mathoverflow1973.Hurewicz.DegreeTwo.SimplyConnected.triangleBoundary, (τ.comp (simplexFace 2 i)) s = x) :
  Mathoverflow1973.Hurewicz.DegreeTwo.SimplyConnected.BasedTetrahedron x
Mathoverflow1973.Hurewicz.DegreeTwo.SimplyConnected.tetrahedronQuarterIndex : Fin 4 ≃ Fin 4
Mathoverflow1973.Hurewicz.DegreeTwo.SimplyConnected.vertexBoundaryHomotopy_face {X : Type} [TopologicalSpace X] {x : X}
  {n : ℕ} (D : Mathoverflow1973.Hurewicz.DegreeTwo.SimplyConnected.VertexHomotopyData x n)
  (smp : C(↑(Simplex (n + 1)), X)) (i : Fin (n + 2)) (r : ↑unitInterval) (s : ↑(Simplex n)) :
  (Mathoverflow1973.Hurewicz.DegreeTwo.SimplyConnected.vertexBoundaryHomotopy D smp)
      (r, (Mathoverflow1973.Hurewicz.DegreeTwo.SimplyConnected.simplexFaceBoundary n i) s) =
    (D.homotopy (smp.comp (simplexFace n i))) (r, s)
Mathoverflow1973.SecondHurewicz.SimplyConnected.subdivisionLowerProductLoop.eq_1.{u_1} {X : Type u_1}
  [TopologicalSpace X] {x : X} (p : ↑(GenLoop (Fin 2) X x)) (hd : ∀ (t : ↑unitInterval), p ![t, t] = x) :
  Mathoverflow1973.Hurewicz.DegreeTwo.SimplyConnected.subdivisionLowerProductLoop p hd =
    Mathoverflow1973.Hurewicz.DegreeTwo.SimplyConnected.subdivisionPullbackLoop p
      Mathoverflow1973.Hurewicz.DegreeTwo.SimplyConnected.subdivisionLowerProductMap ⋯
Mathoverflow1973.Hurewicz.DegreeTwo.SimplyConnected.chainLift_sub_constant_twoCycle (X : Type) [TopologicalSpace X]
  {M : Type} [AddCommGroup M] [Module ℤ M] (f : SingularSimplex X 2 → M) (m : M)
  (c : ↥(Mathoverflow1973.SingularMayerVietoris.ModuleHomology.Cycle (singularComplex X) 2)) :
  (chainLift X 2 fun smp => f smp - m) ↑c = (chainLift X 2 f) ↑c
Mathoverflow1973.Hurewicz.DegreeTwo.SimplyConnected.chainLift_sub_constant (X : Type) [TopologicalSpace X] {M : Type}
  [AddCommGroup M] [Module ℤ M] (n : ℕ) (f : SingularSimplex X n → M) (m : M) (c : ↑(Chains X n)) :
  (chainLift X n fun smp => f smp - m) c =
    (chainLift X n f) c - (Mathoverflow1973.Hurewicz.DegreeTwo.SimplyConnected.chainAugmentation X n) c • m
Mathoverflow1973.Hurewicz.DegreeTwo.squareChain {X : Type} [TopologicalSpace X] {x : X} (p : ↑(GenLoop (Fin 2) X x)) :
  ↑(Chains X 2)
Mathoverflow1973.Hurewicz.DegreeTwo.SimplyConnected.subdivisionUpperTriangleLoop.{u_1} {X : Type u_1}
  [TopologicalSpace X] {x : X} (p : ↑(GenLoop (Fin 2) X x)) (hd : ∀ (t : ↑unitInterval), p ![t, t] = x) :
  ↑(GenLoop (Fin 2) X x)
Mathoverflow1973.Hurewicz.DegreeTwo.SimplyConnected.vertexStepHomotopy_zero {X : Type} [TopologicalSpace X] {x : X}
  {n : ℕ} (D : Mathoverflow1973.Hurewicz.DegreeTwo.SimplyConnected.VertexHomotopyData x n)
  (smp : C(↑(Simplex (n + 1)), X)) (s : ↑(Simplex (n + 1))) :
  (Mathoverflow1973.Hurewicz.DegreeTwo.SimplyConnected.vertexStepHomotopy D smp) (0, s) = smp s
Mathoverflow1973.Hurewicz.DegreeTwo.SimplyConnected.bottomProductDegenerate_snd (s : ↑(Simplex 2)) :
  (Mathoverflow1973.Hurewicz.DegreeTwo.SimplyConnected.bottomProductDegenerate s).2 = 0
Mathoverflow1973.Hurewicz.DegreeTwo.hurewiczPi2 {X : Type} [TopologicalSpace X] (x : X) :
  HomotopyGroup.Pi 2 X x →* Multiplicative ↑(Mathoverflow1973.SingularMayerVietoris.SingularHomology X 2)
Mathoverflow1973.Hurewicz.DegreeTwo.SimplyConnected.rotationCentered_continuous :
  Continuous Mathoverflow1973.Hurewicz.DegreeTwo.SimplyConnected.rotationCentered
Mathoverflow1973.Hurewicz.DegreeTwo.SimplyConnected.tetrahedronQuarterShift_oneSkeleton (s : ↑(Simplex 3))
  (hs : s ∈ Mathoverflow1973.Hurewicz.DegreeTwo.SimplyConnected.tetrahedronOneSkeleton) :
  Mathoverflow1973.Hurewicz.DegreeTwo.SimplyConnected.tetrahedronQuarterShift s ∈
    Mathoverflow1973.Hurewicz.DegreeTwo.SimplyConnected.tetrahedronOneSkeleton
Mathoverflow1973.Hurewicz.DegreeTwo.SimplyConnected.retractedSimplex {n : ℕ} (u : ↑unitInterval × ↑(Simplex n)) :
  ↑(Simplex n)
Mathoverflow1973.Hurewicz.DegreeTwo.SimplyConnected.subdivisionUpperPositiveSquareTriangle :
  C(↑(Simplex 2), Fin 2 → ↑unitInterval)
Mathoverflow1973.Hurewicz.DegreeTwo.SimplyConnected.productSquareChain_four_triangles :
  Mathoverflow1973.Hurewicz.DegreeTwo.productSquareChain =
    simplexChain (↑unitInterval × ↑unitInterval) 2
            Mathoverflow1973.Hurewicz.DegreeTwo.SimplyConnected.lowerProductTriangle -
          simplexChain (↑unitInterval × ↑unitInterval) 2
            Mathoverflow1973.Hurewicz.DegreeTwo.SimplyConnected.leftProductDegenerate -
        simplexChain (↑unitInterval × ↑unitInterval) 2
          Mathoverflow1973.Hurewicz.DegreeTwo.SimplyConnected.upperProductTriangle +
      simplexChain (↑unitInterval × ↑unitInterval) 2
        Mathoverflow1973.Hurewicz.DegreeTwo.SimplyConnected.bottomProductDegenerate
Mathoverflow1973.Hurewicz.DegreeTwo.SimplyConnected.bottomDenominator_le {n : ℕ} (u : ↑unitInterval × ↑(Simplex n)) :
  1 - ↑u.1 / 2 ≤ Mathoverflow1973.Hurewicz.DegreeTwo.SimplyConnected.cylinderDenominator u
Mathoverflow1973.Hurewicz.DegreeTwo.SimplyConnected.vertexStraighteningHomotopy_of_verticesBased {X : Type}
  [TopologicalSpace X] [SimplyConnectedSpace X] (x : X) (n : ℕ) (smp : C(↑(Simplex n), X))
  (h : Mathoverflow1973.Hurewicz.DegreeTwo.SimplyConnected.VerticesBased x n smp) :
  Mathoverflow1973.Hurewicz.DegreeTwo.SimplyConnected.vertexStraighteningHomotopy x n smp = smp.comp ContinuousMap.snd
Mathoverflow1973.Hurewicz.DegreeTwo.SimplyConnected.triangleQuotient_perimeter_of_le (z : ↑unitInterval × ↑unitInterval)
  (hper : z.1 = 0 ∨ z.1 = 1 ∨ z.2 = 0 ∨ z.2 = 1) (hle : ↑z.2 ≤ ↑z.1) :
  (Mathoverflow1973.Hurewicz.DegreeTwo.SimplyConnected.triangleQuotient z) 0 = 0 ∨
    (Mathoverflow1973.Hurewicz.DegreeTwo.SimplyConnected.triangleQuotient z) 2 = 0
Mathoverflow1973.Hurewicz.DegreeTwo.SimplyConnected.edgeNullHomotopy_const {X : Type} [TopologicalSpace X]
  [SimplyConnectedSpace X] (x : X) :
  Mathoverflow1973.Hurewicz.DegreeTwo.SimplyConnected.edgeNullHomotopy x (ContinuousMap.const (↑(Simplex 1)) x) ⋯ ⋯ =
    ContinuousMap.const (↑unitInterval × ↑(Simplex 1)) x
Mathoverflow1973.Hurewicz.DegreeTwo.SimplyConnected.cylinderDenominator {n : ℕ} (u : ↑unitInterval × ↑(Simplex n)) : ℝ
Mathoverflow1973.Hurewicz.DegreeTwo.SimplyConnected.VertexHomotopyData.mk {X : Type} [TopologicalSpace X] {x : X}
  {n : ℕ} (homotopy : C(↑(Simplex n), X) → C(↑unitInterval × ↑(Simplex n), X))
  (zero : ∀ (smp : C(↑(Simplex n), X)) (s : ↑(Simplex n)), (homotopy smp) (0, s) = smp s)
  (one_verticesBased :
    ∀ (smp : C(↑(Simplex n), X)),
      Mathoverflow1973.Hurewicz.DegreeTwo.SimplyConnected.VerticesBased x n
        (Mathoverflow1973.Hurewicz.DegreeTwo.SimplyConnected.timeSlice (homotopy smp) 1))
  (of_verticesBased :
    ∀ (smp : C(↑(Simplex n), X)),
      Mathoverflow1973.Hurewicz.DegreeTwo.SimplyConnected.VerticesBased x n smp →
        homotopy smp = smp.comp ContinuousMap.snd)
  (face_compatible :
    ∀ (smp : C(↑(Simplex (n + 1)), X)),
      Mathoverflow1973.Hurewicz.DegreeTwo.SimplyConnected.FaceCompatible fun i =>
        homotopy (smp.comp (simplexFace n i))) :
  Mathoverflow1973.Hurewicz.DegreeTwo.SimplyConnected.VertexHomotopyData x n
Mathoverflow1973.Hurewicz.DegreeTwo.SimplyConnected.subdivisionBlendMap
  (f g :
    C(Mathoverflow1973.Hurewicz.DegreeTwo.SimplyConnected.SubdivisionSquare,
      Mathoverflow1973.Hurewicz.DegreeTwo.SimplyConnected.SubdivisionSquare)) :
  C(↑unitInterval × Mathoverflow1973.Hurewicz.DegreeTwo.SimplyConnected.SubdivisionSquare,
    Mathoverflow1973.Hurewicz.DegreeTwo.SimplyConnected.SubdivisionSquare)
Mathoverflow1973.Hurewicz.DegreeTwo.mapGenLoop {N X Y : Type} [TopologicalSpace X] [TopologicalSpace Y] (f : C(X, Y))
  (x : X) : C(↑(GenLoop N X x), ↑(GenLoop N Y (f x)))
Mathoverflow1973.Hurewicz.DegreeTwo.SimplyConnected.squareAffineTriangle_snd_coe (v : Fin 3 → Fin 2 × Fin 2)
  (s : ↑(Simplex 2)) :
  ↑((Mathoverflow1973.Hurewicz.DegreeTwo.SimplyConnected.squareAffineTriangle v) s).2 =
    ∑ i, s i * (Mathoverflow1973.SingularMayerVietoris.stdVertices 1 (v i).2) 1
Mathoverflow1973.SecondHurewicz.SimplyConnected.subdivisionLowerProductLoop.congr_simp.{u_1} {X : Type u_1}
  [TopologicalSpace X] {x : X} (p p✝ : ↑(GenLoop (Fin 2) X x)) (e_p : p = p✝)
  (hd : ∀ (t : ↑unitInterval), p ![t, t] = x) :
  Mathoverflow1973.Hurewicz.DegreeTwo.SimplyConnected.subdivisionLowerProductLoop p hd =
    Mathoverflow1973.Hurewicz.DegreeTwo.SimplyConnected.subdivisionLowerProductLoop p✝ ⋯
Mathoverflow1973.Hurewicz.DegreeTwo.SimplyConnected.subdivisionUpperTriangleLoop_eq_basedTriangleLoop {X : Type}
  [TopologicalSpace X] {x : X} (p : ↑(GenLoop (Fin 2) X x)) (hd : ∀ (t : ↑unitInterval), p ![t, t] = x) :
  Mathoverflow1973.Hurewicz.DegreeTwo.SimplyConnected.subdivisionUpperTriangleLoop p hd =
    Mathoverflow1973.Hurewicz.DegreeTwo.SimplyConnected.basedTriangleLoop
      (Mathoverflow1973.Hurewicz.DegreeTwo.SimplyConnected.subdivisionUpperPositiveBasedTriangle p hd)
Mathoverflow1973.Hurewicz.DegreeTwo.SimplyConnected.gluedBoundaryMap_sideInclusion.{u_1} {n : ℕ} {X : Type u_1}
  [TopologicalSpace X] (f : C(↑(Simplex n), X))
  (h : C(↑unitInterval × Mathoverflow1973.Hurewicz.DegreeTwo.SimplyConnected.SimplexBoundary n, X))
  (h0 : ∀ (s : Mathoverflow1973.Hurewicz.DegreeTwo.SimplyConnected.SimplexBoundary n), h (0, s) = f ↑s)
  (u : ↑unitInterval × Mathoverflow1973.Hurewicz.DegreeTwo.SimplyConnected.SimplexBoundary n) :
  (Mathoverflow1973.Hurewicz.DegreeTwo.SimplyConnected.gluedBoundaryMap f h h0)
      ((Mathoverflow1973.Hurewicz.DegreeTwo.SimplyConnected.sideInclusion n) u) =
    h u
Mathoverflow1973.Hurewicz.DegreeTwo.SimplyConnected.coherentFaceBoundaryHomotopy_zero {X : Type} [TopologicalSpace X]
  {n : ℕ} (H : SingularSimplex X n → C(↑unitInterval × ↑(Simplex n), X))
  (H' : SingularSimplex X (n + 1) → C(↑unitInterval × ↑(Simplex (n + 1)), X))
  (h : Mathoverflow1973.Hurewicz.DegreeTwo.SimplyConnected.FaceCompatibleHomotopies n H H')
  (h₀ : ∀ (smp : SingularSimplex X (n + 1)) (s : ↑(Simplex (n + 1))), (H' smp) (0, s) = smp s)
  (smp : SingularSimplex X (n + 2)) (b : Mathoverflow1973.Hurewicz.DegreeTwo.SimplyConnected.SimplexBoundary (n + 2)) :
  (Mathoverflow1973.Hurewicz.DegreeTwo.SimplyConnected.coherentFaceBoundaryHomotopy H H' h smp) (0, b) = smp ↑b
Mathoverflow1973.Hurewicz.DegreeTwo.SimplyConnected.hurewiczInverse_hurewiczMap {X : Type} [TopologicalSpace X]
  [SimplyConnectedSpace X] (x : X) (a : Additive (HomotopyGroup.Pi 2 X x)) :
  (Mathoverflow1973.Hurewicz.DegreeTwo.SimplyConnected.hurewiczInverse x)
      ((Mathoverflow1973.Hurewicz.DegreeTwo.hurewiczMap x) a) =
    a
Mathoverflow1973.Hurewicz.DegreeTwo.SimplyConnected.vertexStraighteningHomotopy_const {X : Type} [TopologicalSpace X]
  [SimplyConnectedSpace X] (x : X) (n : ℕ) :
  Mathoverflow1973.Hurewicz.DegreeTwo.SimplyConnected.vertexStraighteningHomotopy x n
      (ContinuousMap.const (↑(Simplex n)) x) =
    ContinuousMap.const (↑unitInterval × ↑(Simplex n)) x
Mathoverflow1973.Hurewicz.DegreeTwo.SimplyConnected.subdivisionSubMin_zero_right (u : ↑unitInterval) :
  Mathoverflow1973.Hurewicz.DegreeTwo.SimplyConnected.subdivisionSubMin u 0 = u
Mathoverflow1973.SecondHurewicz.SimplyConnected.subdivisionUpperProductLoop.congr_simp.{u_1} {X : Type u_1}
  [TopologicalSpace X] {x : X} (p p✝ : ↑(GenLoop (Fin 2) X x)) (e_p : p = p✝)
  (hd : ∀ (t : ↑unitInterval), p ![t, t] = x) :
  Mathoverflow1973.Hurewicz.DegreeTwo.SimplyConnected.subdivisionUpperProductLoop p hd =
    Mathoverflow1973.Hurewicz.DegreeTwo.SimplyConnected.subdivisionUpperProductLoop p✝ ⋯
Mathoverflow1973.Hurewicz.DegreeTwo.SimplyConnected.vertexStraighteningHomotopy_zero {X : Type} [TopologicalSpace X]
  [SimplyConnectedSpace X] (x : X) (n : ℕ) (smp : C(↑(Simplex n), X)) (s : ↑(Simplex n)) :
  (Mathoverflow1973.Hurewicz.DegreeTwo.SimplyConnected.vertexStraighteningHomotopy x n smp) (0, s) = smp s
Mathoverflow1973.SecondHurewicz.SimplyConnected.simplexBoundary.eq_1 (n : ℕ) :
  Mathoverflow1973.Hurewicz.DegreeTwo.SimplyConnected.simplexBoundary n = {s | ∃ i, s i = 0}
Mathoverflow1973.Hurewicz.DegreeTwo.SimplyConnected.gluedTriangleHomotopyMap {X : Type} [TopologicalSpace X]
  (L U : C(↑unitInterval × ↑(Simplex 2), X))
  (hdiag : ∀ (r : ↑unitInterval) (s : ↑(Simplex 2)), s 1 = 0 → L (r, s) = U (r, s)) :
  C(↑unitInterval × (Fin 2 → ↑unitInterval), X)
Mathoverflow1973.Hurewicz.DegreeTwo.SimplyConnected.continuous_retractedTime (n : ℕ) :
  Continuous Mathoverflow1973.Hurewicz.DegreeTwo.SimplyConnected.retractedTime
Mathoverflow1973.Hurewicz.DegreeTwo.SimplyConnected.squareNormalizedUpperTriangle {X : Type} [TopologicalSpace X]
  [SimplyConnectedSpace X] {x : X} (p : ↑(GenLoop (Fin 2) X x)) :
  Mathoverflow1973.Hurewicz.DegreeTwo.SimplyConnected.BasedTriangle x
Mathoverflow1973.Hurewicz.DegreeTwo.SimplyConnected.tetrahedronQuadrilateralA_diagonal (t : ↑unitInterval) :
  Mathoverflow1973.Hurewicz.DegreeTwo.SimplyConnected.tetrahedronQuadrilateralA ![t, t] ∈
    Mathoverflow1973.Hurewicz.DegreeTwo.SimplyConnected.tetrahedronOneSkeleton
Mathoverflow1973.Hurewicz.DegreeTwo.SimplyConnected.hurewiczInverse_hurewiczMap_mk {X : Type} [TopologicalSpace X]
  [SimplyConnectedSpace X] (x : X) (p : ↑(GenLoop (Fin 2) X x)) :
  (Mathoverflow1973.Hurewicz.DegreeTwo.SimplyConnected.hurewiczInverse x)
      ((Mathoverflow1973.Hurewicz.DegreeTwo.hurewiczMap x) (Additive.ofMul ⟦p⟧)) =
    Additive.ofMul ⟦p⟧
Mathoverflow1973.Hurewicz.DegreeTwo.squareCycle {X : Type} [TopologicalSpace X] {x : X} (p : ↑(GenLoop (Fin 2) X x)) :
  ↥(Mathoverflow1973.SingularMayerVietoris.ModuleHomology.Cycle (singularComplex X) 2)
Mathoverflow1973.Hurewicz.DegreeTwo.SimplyConnected.subdivisionWarpCoordinate_of_half_le (u v : ↑unitInterval)
  (hv : 1 / 2 ≤ ↑v) :
  Mathoverflow1973.Hurewicz.DegreeTwo.SimplyConnected.subdivisionWarpCoordinate (u, v) =
    Set.Icc.convexComb u 1 (Set.projIcc 0 1 ⋯ (2 * ↑v - 1))
Mathoverflow1973.Hurewicz.DegreeTwo.SimplyConnected.tetrahedronShiftedQuadrilateralLoop {X : Type} [TopologicalSpace X]
  {x : X} (τ : Mathoverflow1973.Hurewicz.DegreeTwo.SimplyConnected.BasedTetrahedron x) : ↑(GenLoop (Fin 2) X x)
Mathoverflow1973.Hurewicz.DegreeTwo.SimplyConnected.cylinderDenominator_eq_one_of_mem {n : ℕ}
  {u : ↑unitInterval × ↑(Simplex n)} (hu : u ∈ Mathoverflow1973.Hurewicz.DegreeTwo.SimplyConnected.bottomOrSide n) :
  Mathoverflow1973.Hurewicz.DegreeTwo.SimplyConnected.cylinderDenominator u = 1
Mathoverflow1973.Hurewicz.DegreeTwo.SimplyConnected.triangleCubeQuotient : C(Fin 2 → ↑unitInterval, ↑(Simplex 2))
Mathoverflow1973.Hurewicz.DegreeTwo.toLoop_transAt {X : Type} [TopologicalSpace X] {x : X}
  (p q : ↑(GenLoop (Fin 2) X x)) :
  GenLoop.toLoop 0 (GenLoop.transAt 0 p q) = Path.trans (GenLoop.toLoop 0 p) (GenLoop.toLoop 0 q)
Mathoverflow1973.SecondHurewicz.SimplyConnected.subdivisionWarpCoordinate.eq_1 :
  Mathoverflow1973.Hurewicz.DegreeTwo.SimplyConnected.subdivisionWarpCoordinate =
    {
      toFun := fun p =>
        Set.Icc.convexComb
          (Set.projIcc 0 1 Mathoverflow1973.Hurewicz.DegreeTwo.SimplyConnected.subdivisionWarpCoordinate._proof_1
            (2 * ↑p.2 - 1))
          (Set.projIcc 0 1 Mathoverflow1973.Hurewicz.DegreeTwo.SimplyConnected.subdivisionWarpCoordinate._proof_1
            (2 * ↑p.2))
          p.1,
      continuous_toFun := Mathoverflow1973.Hurewicz.DegreeTwo.SimplyConnected.subdivisionWarpCoordinate._proof_2 }
Mathoverflow1973.Hurewicz.DegreeTwo.SimplyConnected.subdivisionWarpMap :
  C(Mathoverflow1973.Hurewicz.DegreeTwo.SimplyConnected.SubdivisionSquare,
    Mathoverflow1973.Hurewicz.DegreeTwo.SimplyConnected.SubdivisionSquare)
Mathoverflow1973.Hurewicz.DegreeTwo.SimplyConnected.glueFaceHomotopies_time {X : Type} [TopologicalSpace X] {n : ℕ}
  (F : Fin (n + 2) → C(↑unitInterval × ↑(Simplex n), X))
  (hF : Mathoverflow1973.Hurewicz.DegreeTwo.SimplyConnected.FaceCompatible F) (r : ↑unitInterval)
  (g : ↑(Simplex (n + 1)) → X) (h : ∀ (i : Fin (n + 2)) (s : ↑(Simplex n)), (F i) (r, s) = g ((simplexFace n i) s))
  (b : Mathoverflow1973.Hurewicz.DegreeTwo.SimplyConnected.SimplexBoundary (n + 1)) :
  (Mathoverflow1973.Hurewicz.DegreeTwo.SimplyConnected.glueFaceHomotopies F hF) (r, b) = g ↑b
Mathoverflow1973.Hurewicz.DegreeTwo.SimplyConnected.basedTriangleLoop_upper {X : Type} [TopologicalSpace X] {x : X}
  (τ : Mathoverflow1973.Hurewicz.DegreeTwo.SimplyConnected.BasedTriangle x) :
  (↑(Mathoverflow1973.Hurewicz.DegreeTwo.SimplyConnected.basedTriangleLoop τ)).comp
      Mathoverflow1973.Hurewicz.DegreeTwo.SimplyConnected.upperSquareTriangle =
    ContinuousMap.const (↑(Simplex 2)) x
Mathoverflow1973.Hurewicz.DegreeTwo.SimplyConnected.tetrahedronShiftedQuadrilateralLoop_diagonal {X : Type}
  [TopologicalSpace X] {x : X} (τ : Mathoverflow1973.Hurewicz.DegreeTwo.SimplyConnected.BasedTetrahedron x)
  (t : ↑unitInterval) :
  (Mathoverflow1973.Hurewicz.DegreeTwo.SimplyConnected.tetrahedronShiftedQuadrilateralLoop τ) ![t, t] = x
Mathoverflow1973.Hurewicz.DegreeTwo.SimplyConnected.rotationBlend (t : ℝ) (v : ℝ × ℝ) : ℝ × ℝ
Mathoverflow1973.Hurewicz.DegreeTwo.SimplyConnected.cylinderRetraction (n : ℕ) :
  C(↑unitInterval × ↑(Simplex n), ↑(Mathoverflow1973.Hurewicz.DegreeTwo.SimplyConnected.bottomOrSide n))
Mathoverflow1973.Hurewicz.DegreeTwo.SimplyConnected.faceCompatible_of_cofaceCompatible {X : Type} [TopologicalSpace X]
  {n : ℕ} (F : Fin (n + 3) → C(↑unitInterval × ↑(Simplex (n + 1)), X))
  (hF : Mathoverflow1973.Hurewicz.DegreeTwo.SimplyConnected.CofaceCompatible F) :
  Mathoverflow1973.Hurewicz.DegreeTwo.SimplyConnected.FaceCompatible F
Mathoverflow1973.Hurewicz.DegreeTwo.SimplyConnected.vertexStepHomotopy {X : Type} [TopologicalSpace X] {x : X} {n : ℕ}
  (D : Mathoverflow1973.Hurewicz.DegreeTwo.SimplyConnected.VertexHomotopyData x n) (smp : C(↑(Simplex (n + 1)), X)) :
  C(↑unitInterval × ↑(Simplex (n + 1)), X)
Mathoverflow1973.SecondHurewicz.SimplyConnected.leftProductDegenerate.eq_1 :
  Mathoverflow1973.Hurewicz.DegreeTwo.SimplyConnected.leftProductDegenerate =
    Mathoverflow1973.Hurewicz.DegreeTwo.SimplyConnected.squareAffineTriangle ![(0, 0), (0, 0), (0, 1)]
Mathoverflow1973.Hurewicz.DegreeTwo.SimplyConnected.squareAffineTriangle (v : Fin 3 → Fin 2 × Fin 2) :
  C(↑(Simplex 2), ↑unitInterval × ↑unitInterval)
Mathoverflow1973.Hurewicz.DegreeTwo.SimplyConnected.SubdivisionSameSide
  (a b : Mathoverflow1973.Hurewicz.DegreeTwo.SimplyConnected.SubdivisionSquare) : Prop
Mathoverflow1973.Hurewicz.DegreeTwo.SimplyConnected.minimumCoordinate {n : ℕ} (s : ↑(Simplex n)) : ℝ
Mathoverflow1973.Hurewicz.DegreeTwo.SimplyConnected.upperSquareTriangle_quotient (t : Fin 2 → ↑unitInterval)
  (h : ↑(t 0) ≤ ↑(t 1)) :
  Mathoverflow1973.Hurewicz.DegreeTwo.SimplyConnected.upperSquareTriangle
      (Mathoverflow1973.Hurewicz.DegreeTwo.SimplyConnected.triangleQuotient (t 1, t 0)) =
    t
Mathoverflow1973.Hurewicz.DegreeTwo.SimplyConnected.retractedTime {n : ℕ} (u : ↑unitInterval × ↑(Simplex n)) :
  ↑unitInterval
Mathoverflow1973.Hurewicz.DegreeTwo.SimplyConnected.FaceCompatible {X : Type} [TopologicalSpace X] {n : ℕ}
  (F : Fin (n + 2) → C(↑unitInterval × ↑(Simplex n), X)) : Prop
Mathoverflow1973.Hurewicz.DegreeTwo.SimplyConnected.subdivisionUpperOrientation_sides
  (u : Mathoverflow1973.Hurewicz.DegreeTwo.SimplyConnected.SubdivisionSquare) (hu : u ∈ Cube.boundary (Fin 2)) :
  Mathoverflow1973.Hurewicz.DegreeTwo.SimplyConnected.SubdivisionSameSide
    (Mathoverflow1973.Hurewicz.DegreeTwo.SimplyConnected.subdivisionUpperTriangleMap u)
    (Mathoverflow1973.Hurewicz.DegreeTwo.SimplyConnected.subdivisionUpperNegativeReversedMap u)
Mathoverflow1973.Hurewicz.DegreeTwo.SimplyConnected.hurewiczInverse_cycleClass {X : Type} [TopologicalSpace X]
  [SimplyConnectedSpace X] (x : X)
  (c : ↥(Mathoverflow1973.SingularMayerVietoris.ModuleHomology.Cycle (singularComplex X) 2)) :
  (Mathoverflow1973.Hurewicz.DegreeTwo.SimplyConnected.hurewiczInverse x)
      ((Mathoverflow1973.SingularMayerVietoris.ModuleHomology.cycleClass (singularComplex X) 2) c) =
    (Mathoverflow1973.Hurewicz.DegreeTwo.SimplyConnected.triangleClassOperator x) ↑c
Mathoverflow1973.Hurewicz.DegreeTwo.SimplyConnected.lowerSquareTriangle_quotient (t : Fin 2 → ↑unitInterval)
  (h : ↑(t 1) ≤ ↑(t 0)) :
  Mathoverflow1973.Hurewicz.DegreeTwo.SimplyConnected.lowerSquareTriangle
      (Mathoverflow1973.Hurewicz.DegreeTwo.SimplyConnected.triangleQuotient (t 0, t 1)) =
    t
Mathoverflow1973.Hurewicz.DegreeTwo.SimplyConnected.subdivisionLowerProductTriangle_sides
  (u : Mathoverflow1973.Hurewicz.DegreeTwo.SimplyConnected.SubdivisionSquare) (hu : u ∈ Cube.boundary (Fin 2)) :
  Mathoverflow1973.Hurewicz.DegreeTwo.SimplyConnected.SubdivisionSameSide
    (Mathoverflow1973.Hurewicz.DegreeTwo.SimplyConnected.subdivisionLowerProductMap u)
    (Mathoverflow1973.Hurewicz.DegreeTwo.SimplyConnected.subdivisionLowerTriangleMap u)
Mathoverflow1973.SecondHurewicz.SimplyConnected.subdivisionSubMin.eq_1 (u v : ↑unitInterval) :
  Mathoverflow1973.Hurewicz.DegreeTwo.SimplyConnected.subdivisionSubMin u v = ⟨↑u - min ↑u ↑v, ⋯⟩
Mathoverflow1973.Hurewicz.DegreeTwo.SimplyConnected.vertexNormalizedSimplex {X : Type} [TopologicalSpace X]
  [SimplyConnectedSpace X] (x : X) (n : ℕ) (smp : SingularSimplex X n) : SingularSimplex X n
Mathoverflow1973.Hurewicz.DegreeTwo.SimplyConnected.subdivisionUpperNegativeSquareTriangle_based {X : Type}
  [TopologicalSpace X] {x : X} (p : ↑(GenLoop (Fin 2) X x)) (hd : ∀ (t : ↑unitInterval), p ![t, t] = x)
  (s : ↑(Simplex 2)) (hs : s ∈ Mathoverflow1973.Hurewicz.DegreeTwo.SimplyConnected.triangleBoundary) :
  p (Mathoverflow1973.Hurewicz.DegreeTwo.SimplyConnected.upperSquareTriangle s) = x
Mathoverflow1973.Hurewicz.DegreeTwo.SimplyConnected.SubdivisionSameSide.casesOn
  {a b : Mathoverflow1973.Hurewicz.DegreeTwo.SimplyConnected.SubdivisionSquare}
  {motive : Mathoverflow1973.Hurewicz.DegreeTwo.SimplyConnected.SubdivisionSameSide a b → Prop}
  (t : Mathoverflow1973.Hurewicz.DegreeTwo.SimplyConnected.SubdivisionSameSide a b)
  (zero : ∀ (i : Fin 2) (ha : a i = 0) (hb : b i = 0), motive ⋯)
  (one : ∀ (i : Fin 2) (ha : a i = 1) (hb : b i = 1), motive ⋯)
  (diagonal : ∀ (ha : a 0 = a 1) (hb : b 0 = b 1), motive ⋯) : motive t
Mathoverflow1973.SecondHurewicz.SimplyConnected.subdivisionWarpMap.eq_1 :
  Mathoverflow1973.Hurewicz.DegreeTwo.SimplyConnected.subdivisionWarpMap =
    {
      toFun := fun u =>
        ![u 0, Mathoverflow1973.Hurewicz.DegreeTwo.SimplyConnected.subdivisionWarpCoordinate (u 0, u 1)],
      continuous_toFun := Mathoverflow1973.Hurewicz.DegreeTwo.SimplyConnected.subdivisionWarpMap._proof_1 }
exit 0
end 05:42:35
